2025-08-03 22:58:27.010 [http-nio-9090-exec-7] DEBUG o.s.s.w.a.AnonymousAuthenticationFilter - Set SecurityContextHolder to anonymous SecurityContext
2025-08-03 22:58:27.010 [http-nio-9090-exec-8] DEBUG o.s.security.web.FilterChainProxy - Secured GET /api/menu/categories?vendorId=2
2025-08-03 22:58:27.015 [http-nio-9090-exec-7] DEBUG o.s.security.web.FilterChainProxy - Secured GET /api/menu/items?vendorId=2
2025-08-03 22:58:27.015 [http-nio-9090-exec-8] DEBUG o.s.web.servlet.DispatcherServlet - GET "/api/menu/categories?vendorId=2", parameters={masked}
2025-08-03 22:58:27.015 [http-nio-9090-exec-7] DEBUG o.s.web.servlet.DispatcherServlet - GET "/api/menu/items?vendorId=2", parameters={masked}
2025-08-03 22:58:27.015 [http-nio-9090-exec-8] TRACE o.s.w.s.m.m.a.RequestMappingHandlerMapping - Mapped to com.example.crave.kitchen.portal.controller.MenuController#getAllCategories(Long, Boolean, Boolean, int, int, String, String)
2025-08-03 22:58:27.016 [http-nio-9090-exec-8] DEBUG o.s.o.j.s.OpenEntityManagerInViewInterceptor - Opening JPA EntityManager in OpenEntityManagerInViewInterceptor
2025-08-03 22:58:27.016 [http-nio-9090-exec-7] TRACE o.s.w.s.m.m.a.RequestMappingHandlerMapping - Mapped to com.example.crave.kitchen.portal.controller.MenuController#getAllMenuItems(Long, Long, Boolean, Boolean, Boolean, Boolean, Boolean, Boolean, BigDecimal, BigDecimal, String, int, int, String, String)
2025-08-03 22:58:27.016 [http-nio-9090-exec-7] DEBUG o.s.o.j.s.OpenEntityManagerInViewInterceptor - Opening JPA EntityManager in OpenEntityManagerInViewInterceptor
2025-08-03 22:58:27.017 [http-nio-9090-exec-7] INFO  c.e.c.k.p.controller.MenuController - GET /api/menu/items - vendorId: 2, categoryId: null, isAvailable: null, isFeatured: null, isVegetarian: null, isVegan: null, isGlutenFree: null, isSpicy: null, minPrice: null, maxPrice: null, searchTerm: null, page: 0, size: 20, sortBy: displayOrder, sortDir: asc
2025-08-03 22:58:27.017 [http-nio-9090-exec-7] DEBUG o.s.orm.jpa.JpaTransactionManager - Found thread-bound EntityManager [SessionImpl(406684109<open>)] for JPA transaction
2025-08-03 22:58:27.017 [http-nio-9090-exec-8] INFO  c.e.c.k.p.controller.MenuController - === MENU CATEGORIES - GET ALL ===
2025-08-03 22:58:27.017 [http-nio-9090-exec-7] DEBUG o.s.orm.jpa.JpaTransactionManager - Creating new transaction with name [com.example.crave.kitchen.portal.impl.MenuServiceImpl.getAllMenuItems]: PROPAGATION_REQUIRED,ISOLATION_DEFAULT
2025-08-03 22:58:27.017 [http-nio-9090-exec-8] INFO  c.e.c.k.p.controller.MenuController - Request Parameters - vendorId: 2, isActive: null, isFeatured: null, page: 0, size: 20, sortBy: displayOrder, sortDir: asc
2025-08-03 22:58:27.017 [http-nio-9090-exec-8] INFO  c.e.c.k.p.controller.MenuController - Request URL: GET /api/menu/categories
2025-08-03 22:58:27.017 [http-nio-9090-exec-8] DEBUG o.s.orm.jpa.JpaTransactionManager - Found thread-bound EntityManager [SessionImpl(206908193<open>)] for JPA transaction
2025-08-03 22:58:27.017 [http-nio-9090-exec-8] DEBUG o.s.orm.jpa.JpaTransactionManager - Creating new transaction with name [com.example.crave.kitchen.portal.impl.MenuServiceImpl.getAllCategories]: PROPAGATION_REQUIRED,ISOLATION_DEFAULT
2025-08-03 22:58:27.018 [http-nio-9090-exec-7] DEBUG o.s.orm.jpa.JpaTransactionManager - Exposing JPA transaction as JDBC [org.springframework.orm.jpa.vendor.HibernateJpaDialect$HibernateConnectionHandle@3c48d354]
2025-08-03 22:58:27.018 [http-nio-9090-exec-8] DEBUG o.s.orm.jpa.JpaTransactionManager - Exposing JPA transaction as JDBC [org.springframework.orm.jpa.vendor.HibernateJpaDialect$HibernateConnectionHandle@13fa605c]
2025-08-03 22:58:27.018 [http-nio-9090-exec-7] INFO  c.e.c.k.portal.impl.MenuServiceImpl - Fetching menu items for vendorId: 2, categoryId: null, isAvailable: null, isFeatured: null, isVegetarian: null, isVegan: null, isGlutenFree: null, isSpicy: null, minPrice: null, maxPrice: null, searchTerm: null, page: 0, size: 20
2025-08-03 22:58:27.018 [http-nio-9090-exec-8] INFO  c.e.c.k.portal.impl.MenuServiceImpl - === MENU SERVICE - GET ALL CATEGORIES ===
2025-08-03 22:58:27.018 [http-nio-9090-exec-7] DEBUG c.e.c.k.portal.impl.MenuServiceImpl - Oracle pagination parameters - minRow: 0, maxRow: 20, pageSize: 20
2025-08-03 22:58:27.018 [http-nio-9090-exec-8] INFO  c.e.c.k.portal.impl.MenuServiceImpl - Parameters - vendorId: 2, isActive: null, isFeatured: null, page: 0, size: 20
2025-08-03 22:58:27.019 [http-nio-9090-exec-8] DEBUG c.e.c.k.portal.impl.MenuServiceImpl - Pagination parameters - minRow: 0, maxRow: 20, pageSize: 20
2025-08-03 22:58:27.019 [http-nio-9090-exec-8] DEBUG org.hibernate.SQL - 
    /* dynamic native SQL query */ SELECT
        * 
    FROM
        (SELECT
            a.*,
            ROWNUM rnum 
        FROM
            (SELECT
                * 
            FROM
                ck_menu_categories 
            WHERE
                vendor_id = ? 
            ORDER BY
                display_order ASC) a 
        WHERE
            ROWNUM <= ?) 
    WHERE
        rnum > ?
2025-08-03 22:58:27.019 [http-nio-9090-exec-7] DEBUG org.hibernate.SQL - 
    /* dynamic native SQL query */ SELECT
        * 
    FROM
        (SELECT
            a.*,
            ROWNUM rnum 
        FROM
            (SELECT
                m.* 
            FROM
                ck_menu_items m 
            WHERE
                m.vendor_id = ? 
                AND m.is_available = 1 
                AND (
                    ? IS NULL 
                    OR m.category_id = ?
                ) 
                AND (
                    ? IS NULL 
                    OR m.is_vegetarian = ?
                ) 
                AND (
                    ? IS NULL 
                    OR m.is_vegan = ?
                ) 
                AND (
                    ? IS NULL 
                    OR m.is_gluten_free = ?
                ) 
                AND (
                    ? IS NULL 
                    OR m.is_spicy = ?
                ) 
                AND (
                    ? IS NULL 
                    OR m.price >= ?
                ) 
                AND (
                    ? IS NULL 
                    OR m.price <= ?
                ) 
                AND (
                    ? IS NULL 
                    OR LOWER(m.name) LIKE LOWER('%' || ? || '%') 
                    OR LOWER(m.description) LIKE LOWER('%' || ? || '%')
                ) 
            ORDER BY
                m.display_order ASC) a 
        WHERE
            ROWNUM <= ?) 
    WHERE
        rnum > ?
2025-08-03 22:58:27.023 [http-nio-9090-exec-8] DEBUG org.hibernate.SQL - 
    /* dynamic native SQL query */ SELECT
        COUNT(*) 
    FROM
        ck_menu_categories 
    WHERE
        vendor_id = ?
2025-08-03 22:58:27.024 [http-nio-9090-exec-7] DEBUG org.hibernate.SQL - 
    /* dynamic native SQL query */ SELECT
        COUNT(*) 
    FROM
        ck_menu_items m 
    WHERE
        m.vendor_id = ? 
        AND m.is_available = 1 
        AND (
            ? IS NULL 
            OR m.category_id = ?
        ) 
        AND (
            ? IS NULL 
            OR m.is_vegetarian = ?
        ) 
        AND (
            ? IS NULL 
            OR m.is_vegan = ?
        ) 
        AND (
            ? IS NULL 
            OR m.is_gluten_free = ?
        ) 
        AND (
            ? IS NULL 
            OR m.is_spicy = ?
        ) 
        AND (
            ? IS NULL 
            OR m.price >= ?
        ) 
        AND (
            ? IS NULL 
            OR m.price <= ?
        ) 
        AND (
            ? IS NULL 
            OR LOWER(m.name) LIKE LOWER('%' || ? || '%') 
            OR LOWER(m.description) LIKE LOWER('%' || ? || '%')
        )
2025-08-03 22:58:27.025 [http-nio-9090-exec-8] DEBUG c.e.c.k.portal.impl.MenuServiceImpl - Database query executed with filter type: ALL
2025-08-03 22:58:27.028 [http-nio-9090-exec-7] DEBUG o.s.orm.jpa.JpaTransactionManager - Found thread-bound EntityManager [SessionImpl(406684109<open>)] for JPA transaction
2025-08-03 22:58:27.028 [http-nio-9090-exec-7] DEBUG o.s.orm.jpa.JpaTransactionManager - Participating in existing transaction
2025-08-03 22:58:27.028 [http-nio-9090-exec-8] DEBUG org.hibernate.SQL - 
    /* <criteria> */ select
        count(mie1_0.id) 
    from
        ck_menu_items mie1_0 
    where
        mie1_0.category_id=?
2025-08-03 22:58:27.028 [http-nio-9090-exec-7] DEBUG org.hibernate.SQL - 
    select
        mce1_0.id,
        mce1_0.created_at,
        mce1_0.description,
        mce1_0.display_order,
        mce1_0.image_url,
        mce1_0.is_active,
        mce1_0.is_featured,
        mce1_0.name,
        mce1_0.updated_at,
        mce1_0.vendor_id 
    from
        ck_menu_categories mce1_0 
    where
        mce1_0.id=?
2025-08-03 22:58:27.032 [http-nio-9090-exec-8] DEBUG org.hibernate.SQL - 
    /* <criteria> */ select
        count(mie1_0.id) 
    from
        ck_menu_items mie1_0 
    where
        mie1_0.category_id=?
2025-08-03 22:58:27.036 [http-nio-9090-exec-7] DEBUG org.hibernate.SQL - 
    /* <criteria> */ select
        miie1_0.id,
        miie1_0.alt_text,
        miie1_0.created_at,
        miie1_0.display_order,
        miie1_0.file_name,
        miie1_0.file_size_bytes,
        miie1_0.height_pixels,
        miie1_0.image_type,
        miie1_0.image_url,
        miie1_0.is_primary,
        miie1_0.menu_item_id,
        miie1_0.updated_at,
        miie1_0.width_pixels 
    from
        ck_menu_item_images miie1_0 
    where
        miie1_0.menu_item_id=? 
        and miie1_0.is_primary=?
2025-08-03 22:58:27.036 [http-nio-9090-exec-8] INFO  c.e.c.k.portal.impl.MenuServiceImpl - === SUCCESS ===
2025-08-03 22:58:27.036 [http-nio-9090-exec-8] INFO  c.e.c.k.portal.impl.MenuServiceImpl - Retrieved 2 categories for vendorId: 2 (Page 1 of 1)
2025-08-03 22:58:27.036 [http-nio-9090-exec-8] INFO  c.e.c.k.portal.impl.MenuServiceImpl - Categories in current page: 2
2025-08-03 22:58:27.036 [http-nio-9090-exec-8] DEBUG o.s.orm.jpa.JpaTransactionManager - Initiating transaction commit
2025-08-03 22:58:27.036 [http-nio-9090-exec-8] DEBUG o.s.orm.jpa.JpaTransactionManager - Committing JPA transaction on EntityManager [SessionImpl(206908193<open>)]
2025-08-03 22:58:27.037 [http-nio-9090-exec-8] DEBUG o.s.orm.jpa.JpaTransactionManager - Not closing pre-bound JPA EntityManager after transaction
2025-08-03 22:58:27.037 [http-nio-9090-exec-8] INFO  c.e.c.k.p.controller.MenuController - === SUCCESS ===
2025-08-03 22:58:27.037 [http-nio-9090-exec-8] INFO  c.e.c.k.p.controller.MenuController - Retrieved 2 categories for vendorId: 2 (Page 1 of 1)
2025-08-03 22:58:27.037 [http-nio-9090-exec-8] INFO  c.e.c.k.p.controller.MenuController - Categories in current page: 2
2025-08-03 22:58:27.038 [http-nio-9090-exec-8] DEBUG o.s.w.s.m.m.a.HttpEntityMethodProcessor - Using 'application/json', given [application/json] and supported [application/json, application/*+json]
2025-08-03 22:58:27.038 [http-nio-9090-exec-7] DEBUG o.s.orm.jpa.JpaTransactionManager - Found thread-bound EntityManager [SessionImpl(406684109<open>)] for JPA transaction
2025-08-03 22:58:27.038 [http-nio-9090-exec-7] DEBUG o.s.orm.jpa.JpaTransactionManager - Participating in existing transaction
2025-08-03 22:58:27.038 [http-nio-9090-exec-8] DEBUG o.s.w.s.m.m.a.HttpEntityMethodProcessor - Writing [ApiResponseDto(success=true, message=Categories retrieved successfully, error=null, timestamp=null,  (truncated)...]
2025-08-03 22:58:27.038 [http-nio-9090-exec-7] DEBUG org.hibernate.SQL - 
    select
        mce1_0.id,
        mce1_0.created_at,
        mce1_0.description,
        mce1_0.display_order,
        mce1_0.image_url,
        mce1_0.is_active,
        mce1_0.is_featured,
        mce1_0.name,
        mce1_0.updated_at,
        mce1_0.vendor_id 
    from
        ck_menu_categories mce1_0 
    where
        mce1_0.id=?
2025-08-03 22:58:27.039 [http-nio-9090-exec-8] DEBUG o.s.o.j.s.OpenEntityManagerInViewInterceptor - Closing JPA EntityManager in OpenEntityManagerInViewInterceptor
2025-08-03 22:58:27.039 [http-nio-9090-exec-8] DEBUG o.s.web.servlet.DispatcherServlet - Completed 200 OK
2025-08-03 22:58:27.041 [http-nio-9090-exec-7] DEBUG org.hibernate.SQL - 
    /* <criteria> */ select
        miie1_0.id,
        miie1_0.alt_text,
        miie1_0.created_at,
        miie1_0.display_order,
        miie1_0.file_name,
        miie1_0.file_size_bytes,
        miie1_0.height_pixels,
        miie1_0.image_type,
        miie1_0.image_url,
        miie1_0.is_primary,
        miie1_0.menu_item_id,
        miie1_0.updated_at,
        miie1_0.width_pixels 
    from
        ck_menu_item_images miie1_0 
    where
        miie1_0.menu_item_id=? 
        and miie1_0.is_primary=?
2025-08-03 22:58:27.042 [http-nio-9090-exec-7] INFO  c.e.c.k.portal.impl.MenuServiceImpl - Successfully fetched 2 menu items for vendorId: 2
2025-08-03 22:58:27.042 [http-nio-9090-exec-7] DEBUG o.s.orm.jpa.JpaTransactionManager - Initiating transaction commit
2025-08-03 22:58:27.042 [http-nio-9090-exec-7] DEBUG o.s.orm.jpa.JpaTransactionManager - Committing JPA transaction on EntityManager [SessionImpl(406684109<open>)]
2025-08-03 22:58:27.043 [http-nio-9090-exec-7] DEBUG o.s.orm.jpa.JpaTransactionManager - Not closing pre-bound JPA EntityManager after transaction
2025-08-03 22:58:27.043 [http-nio-9090-exec-7] INFO  c.e.c.k.p.controller.MenuController - Successfully retrieved 2 menu items for vendorId: 2
2025-08-03 22:58:27.043 [http-nio-9090-exec-7] DEBUG o.s.w.s.m.m.a.HttpEntityMethodProcessor - Using 'application/json', given [application/json] and supported [application/json, application/*+json]
2025-08-03 22:58:27.043 [http-nio-9090-exec-7] DEBUG o.s.w.s.m.m.a.HttpEntityMethodProcessor - Writing [ApiResponseDto(success=true, message=Menu items retrieved successfully, error=null, timestamp=null,  (truncated)...]
2025-08-03 22:58:27.044 [http-nio-9090-exec-7] DEBUG o.s.o.j.s.OpenEntityManagerInViewInterceptor - Closing JPA EntityManager in OpenEntityManagerInViewInterceptor
2025-08-03 22:58:27.044 [http-nio-9090-exec-7] DEBUG o.s.web.servlet.DispatcherServlet - Completed 200 OK
2025-08-03 22:58:27.783 [HikariPool-1:housekeeper] DEBUG com.zaxxer.hikari.pool.HikariPool - HikariPool-1 - Before cleanup stats (total=5/10, idle=5/5, active=0, waiting=0)
2025-08-03 22:58:27.783 [HikariPool-1:housekeeper] DEBUG com.zaxxer.hikari.pool.HikariPool - HikariPool-1 - After  cleanup stats (total=5/10, idle=5/5, active=0, waiting=0)
2025-08-03 22:58:27.783 [HikariPool-1:housekeeper] DEBUG com.zaxxer.hikari.pool.HikariPool - HikariPool-1 - Fill pool skipped, pool has sufficient level or currently being filled.
2025-08-03 22:58:42.825 [http-nio-9090-exec-5] DEBUG o.s.security.web.FilterChainProxy - Securing GET /api/menu/categories?vendorId=2
2025-08-03 22:58:42.825 [http-nio-9090-exec-5] DEBUG c.e.c.k.p.c.JwtAuthenticationFilter - Extracted token from Bearer Authorization header
2025-08-03 22:58:42.828 [http-nio-9090-exec-5] WARN  c.e.c.k.p.service.JwtTokenService - JWT token is expired: JWT expired at 2025-08-03T17:14:14Z. Current time: 2025-08-03T17:28:42Z, a difference of 868828 milliseconds.  Allowed clock skew: 0 milliseconds.
2025-08-03 22:58:42.828 [http-nio-9090-exec-5] ERROR c.e.c.k.p.c.JwtAuthenticationFilter - Error processing JWT token
io.jsonwebtoken.ExpiredJwtException: JWT expired at 2025-08-03T17:14:14Z. Current time: 2025-08-03T17:28:42Z, a difference of 868828 milliseconds.  Allowed clock skew: 0 milliseconds.
	at io.jsonwebtoken.impl.DefaultJwtParser.parse(DefaultJwtParser.java:427)
	at io.jsonwebtoken.impl.DefaultJwtParser.parse(DefaultJwtParser.java:529)
	at io.jsonwebtoken.impl.DefaultJwtParser.parseClaimsJws(DefaultJwtParser.java:589)
	at io.jsonwebtoken.impl.ImmutableJwtParser.parseClaimsJws(ImmutableJwtParser.java:173)
	at com.example.crave.kitchen.portal.service.JwtTokenService.extractAllClaims(JwtTokenService.java:140)
	at com.example.crave.kitchen.portal.service.JwtTokenService.extractClaim(JwtTokenService.java:128)
	at com.example.crave.kitchen.portal.service.JwtTokenService.extractEmail(JwtTokenService.java:114)
	at com.example.crave.kitchen.portal.config.JwtAuthenticationFilter.doFilterInternal(JwtAuthenticationFilter.java:63)
	at org.springframework.web.filter.OncePerRequestFilter.doFilter(OncePerRequestFilter.java:116)
	at org.springframework.security.web.FilterChainProxy$VirtualFilterChain.doFilter(FilterChainProxy.java:374)
	at org.springframework.security.web.authentication.logout.LogoutFilter.doFilter(LogoutFilter.java:107)
	at org.springframework.security.web.authentication.logout.LogoutFilter.doFilter(LogoutFilter.java:93)
	at org.springframework.security.web.FilterChainProxy$VirtualFilterChain.doFilter(FilterChainProxy.java:374)
	at org.springframework.security.web.header.HeaderWriterFilter.doHeadersAfter(HeaderWriterFilter.java:90)
	at org.springframework.security.web.header.HeaderWriterFilter.doFilterInternal(HeaderWriterFilter.java:75)
	at org.springframework.web.filter.OncePerRequestFilter.doFilter(OncePerRequestFilter.java:116)
	at org.springframework.security.web.FilterChainProxy$VirtualFilterChain.doFilter(FilterChainProxy.java:374)
	at org.springframework.security.web.context.SecurityContextHolderFilter.doFilter(SecurityContextHolderFilter.java:82)
	at org.springframework.security.web.context.SecurityContextHolderFilter.doFilter(SecurityContextHolderFilter.java:69)
	at org.springframework.security.web.FilterChainProxy$VirtualFilterChain.doFilter(FilterChainProxy.java:374)
	at org.springframework.security.web.context.request.async.WebAsyncManagerIntegrationFilter.doFilterInternal(WebAsyncManagerIntegrationFilter.java:62)
	at org.springframework.web.filter.OncePerRequestFilter.doFilter(OncePerRequestFilter.java:116)
	at org.springframework.security.web.FilterChainProxy$VirtualFilterChain.doFilter(FilterChainProxy.java:374)
	at org.springframework.security.web.session.DisableEncodeUrlFilter.doFilterInternal(DisableEncodeUrlFilter.java:42)
	at org.springframework.web.filter.OncePerRequestFilter.doFilter(OncePerRequestFilter.java:116)
	at org.springframework.security.web.FilterChainProxy$VirtualFilterChain.doFilter(FilterChainProxy.java:374)
	at org.springframework.security.web.FilterChainProxy.doFilterInternal(FilterChainProxy.java:233)
	at org.springframework.security.web.FilterChainProxy.doFilter(FilterChainProxy.java:191)
	at org.springframework.web.filter.CompositeFilter$VirtualFilterChain.doFilter(CompositeFilter.java:113)
	at org.springframework.web.filter.ServletRequestPathFilter.doFilter(ServletRequestPathFilter.java:52)
	at org.springframework.web.filter.CompositeFilter$VirtualFilterChain.doFilter(CompositeFilter.java:113)
	at org.springframework.web.filter.CompositeFilter.doFilter(CompositeFilter.java:74)
	at org.springframework.security.config.annotation.web.configuration.WebSecurityConfiguration$CompositeFilterChainProxy.doFilter(WebSecurityConfiguration.java:319)
	at org.springframework.web.filter.CompositeFilter$VirtualFilterChain.doFilter(CompositeFilter.java:113)
	at org.springframework.web.servlet.handler.HandlerMappingIntrospector.lambda$createCacheFilter$4(HandlerMappingIntrospector.java:267)
	at org.springframework.web.filter.CompositeFilter$VirtualFilterChain.doFilter(CompositeFilter.java:113)
	at org.springframework.web.filter.CompositeFilter.doFilter(CompositeFilter.java:74)
	at org.springframework.security.config.annotation.web.configuration.WebMvcSecurityConfiguration$CompositeFilterChainProxy.doFilter(WebMvcSecurityConfiguration.java:240)
	at org.springframework.web.filter.DelegatingFilterProxy.invokeDelegate(DelegatingFilterProxy.java:362)
	at org.springframework.web.filter.DelegatingFilterProxy.doFilter(DelegatingFilterProxy.java:278)
	at org.apache.catalina.core.ApplicationFilterChain.internalDoFilter(ApplicationFilterChain.java:164)
	at org.apache.catalina.core.ApplicationFilterChain.doFilter(ApplicationFilterChain.java:140)
	at org.springframework.web.filter.RequestContextFilter.doFilterInternal(RequestContextFilter.java:100)
	at org.springframework.web.filter.OncePerRequestFilter.doFilter(OncePerRequestFilter.java:116)
	at org.apache.catalina.core.ApplicationFilterChain.internalDoFilter(ApplicationFilterChain.java:164)
	at org.apache.catalina.core.ApplicationFilterChain.doFilter(ApplicationFilterChain.java:140)
	at org.springframework.web.filter.FormContentFilter.doFilterInternal(FormContentFilter.java:93)
	at org.springframework.web.filter.OncePerRequestFilter.doFilter(OncePerRequestFilter.java:116)
	at org.apache.catalina.core.ApplicationFilterChain.internalDoFilter(ApplicationFilterChain.java:164)
	at org.apache.catalina.core.ApplicationFilterChain.doFilter(ApplicationFilterChain.java:140)
	at org.springframework.web.filter.CharacterEncodingFilter.doFilterInternal(CharacterEncodingFilter.java:201)
	at org.springframework.web.filter.OncePerRequestFilter.doFilter(OncePerRequestFilter.java:116)
	at org.apache.catalina.core.ApplicationFilterChain.internalDoFilter(ApplicationFilterChain.java:164)
	at org.apache.catalina.core.ApplicationFilterChain.doFilter(ApplicationFilterChain.java:140)
	at org.apache.catalina.core.StandardWrapperValve.invoke(StandardWrapperValve.java:167)
	at org.apache.catalina.core.StandardContextValve.invoke(StandardContextValve.java:90)
	at org.apache.catalina.authenticator.AuthenticatorBase.invoke(AuthenticatorBase.java:483)
	at org.apache.catalina.core.StandardHostValve.invoke(StandardHostValve.java:116)
	at org.apache.catalina.valves.ErrorReportValve.invoke(ErrorReportValve.java:93)
	at org.apache.catalina.core.StandardEngineValve.invoke(StandardEngineValve.java:74)
	at org.apache.catalina.connector.CoyoteAdapter.service(CoyoteAdapter.java:344)
	at org.apache.coyote.http11.Http11Processor.service(Http11Processor.java:398)
	at org.apache.coyote.AbstractProcessorLight.process(AbstractProcessorLight.java:63)
	at org.apache.coyote.AbstractProtocol$ConnectionHandler.process(AbstractProtocol.java:903)
	at org.apache.tomcat.util.net.NioEndpoint$SocketProcessor.doRun(NioEndpoint.java:1769)
	at org.apache.tomcat.util.net.SocketProcessorBase.run(SocketProcessorBase.java:52)
	at org.apache.tomcat.util.threads.ThreadPoolExecutor.runWorker(ThreadPoolExecutor.java:1189)
	at org.apache.tomcat.util.threads.ThreadPoolExecutor$Worker.run(ThreadPoolExecutor.java:658)
	at org.apache.tomcat.util.threads.TaskThread$WrappingRunnable.run(TaskThread.java:63)
	at java.base/java.lang.Thread.run(Thread.java:842)
2025-08-03 22:58:42.829 [http-nio-9090-exec-5] DEBUG o.s.s.w.a.AnonymousAuthenticationFilter - Set SecurityContextHolder to anonymous SecurityContext
2025-08-03 22:58:42.829 [http-nio-9090-exec-5] DEBUG o.s.security.web.FilterChainProxy - Secured GET /api/menu/categories?vendorId=2
2025-08-03 22:58:42.829 [http-nio-9090-exec-5] DEBUG o.s.web.servlet.DispatcherServlet - GET "/api/menu/categories?vendorId=2", parameters={masked}
2025-08-03 22:58:42.829 [http-nio-9090-exec-5] TRACE o.s.w.s.m.m.a.RequestMappingHandlerMapping - Mapped to com.example.crave.kitchen.portal.controller.MenuController#getAllCategories(Long, Boolean, Boolean, int, int, String, String)
2025-08-03 22:58:42.829 [http-nio-9090-exec-5] DEBUG o.s.o.j.s.OpenEntityManagerInViewInterceptor - Opening JPA EntityManager in OpenEntityManagerInViewInterceptor
2025-08-03 22:58:42.831 [http-nio-9090-exec-5] INFO  c.e.c.k.p.controller.MenuController - === MENU CATEGORIES - GET ALL ===
2025-08-03 22:58:42.831 [http-nio-9090-exec-5] INFO  c.e.c.k.p.controller.MenuController - Request Parameters - vendorId: 2, isActive: null, isFeatured: null, page: 0, size: 20, sortBy: displayOrder, sortDir: asc
2025-08-03 22:58:42.831 [http-nio-9090-exec-5] INFO  c.e.c.k.p.controller.MenuController - Request URL: GET /api/menu/categories
2025-08-03 22:58:42.831 [http-nio-9090-exec-5] DEBUG o.s.orm.jpa.JpaTransactionManager - Found thread-bound EntityManager [SessionImpl(1878490336<open>)] for JPA transaction
2025-08-03 22:58:42.831 [http-nio-9090-exec-5] DEBUG o.s.orm.jpa.JpaTransactionManager - Creating new transaction with name [com.example.crave.kitchen.portal.impl.MenuServiceImpl.getAllCategories]: PROPAGATION_REQUIRED,ISOLATION_DEFAULT
2025-08-03 22:58:42.834 [http-nio-9090-exec-5] DEBUG o.s.orm.jpa.JpaTransactionManager - Exposing JPA transaction as JDBC [org.springframework.orm.jpa.vendor.HibernateJpaDialect$HibernateConnectionHandle@242913d3]
2025-08-03 22:58:42.834 [http-nio-9090-exec-5] INFO  c.e.c.k.portal.impl.MenuServiceImpl - === MENU SERVICE - GET ALL CATEGORIES ===
2025-08-03 22:58:42.834 [http-nio-9090-exec-5] INFO  c.e.c.k.portal.impl.MenuServiceImpl - Parameters - vendorId: 2, isActive: null, isFeatured: null, page: 0, size: 20
2025-08-03 22:58:42.834 [http-nio-9090-exec-5] DEBUG c.e.c.k.portal.impl.MenuServiceImpl - Pagination parameters - minRow: 0, maxRow: 20, pageSize: 20
2025-08-03 22:58:42.836 [http-nio-9090-exec-5] DEBUG org.hibernate.SQL - 
    /* dynamic native SQL query */ SELECT
        * 
    FROM
        (SELECT
            a.*,
            ROWNUM rnum 
        FROM
            (SELECT
                * 
            FROM
                ck_menu_categories 
            WHERE
                vendor_id = ? 
            ORDER BY
                display_order ASC) a 
        WHERE
            ROWNUM <= ?) 
    WHERE
        rnum > ?
2025-08-03 22:58:42.842 [http-nio-9090-exec-5] DEBUG org.hibernate.SQL - 
    /* dynamic native SQL query */ SELECT
        COUNT(*) 
    FROM
        ck_menu_categories 
    WHERE
        vendor_id = ?
2025-08-03 22:58:42.844 [http-nio-9090-exec-5] DEBUG c.e.c.k.portal.impl.MenuServiceImpl - Database query executed with filter type: ALL
2025-08-03 22:58:42.846 [http-nio-9090-exec-5] DEBUG org.hibernate.SQL - 
    /* <criteria> */ select
        count(mie1_0.id) 
    from
        ck_menu_items mie1_0 
    where
        mie1_0.category_id=?
2025-08-03 22:58:42.848 [http-nio-9090-exec-5] DEBUG org.hibernate.SQL - 
    /* <criteria> */ select
        count(mie1_0.id) 
    from
        ck_menu_items mie1_0 
    where
        mie1_0.category_id=?
2025-08-03 22:58:42.849 [http-nio-9090-exec-5] INFO  c.e.c.k.portal.impl.MenuServiceImpl - === SUCCESS ===
2025-08-03 22:58:42.849 [http-nio-9090-exec-5] INFO  c.e.c.k.portal.impl.MenuServiceImpl - Retrieved 2 categories for vendorId: 2 (Page 1 of 1)
2025-08-03 22:58:42.849 [http-nio-9090-exec-5] INFO  c.e.c.k.portal.impl.MenuServiceImpl - Categories in current page: 2
2025-08-03 22:58:42.849 [http-nio-9090-exec-5] DEBUG o.s.orm.jpa.JpaTransactionManager - Initiating transaction commit
2025-08-03 22:58:42.849 [http-nio-9090-exec-5] DEBUG o.s.orm.jpa.JpaTransactionManager - Committing JPA transaction on EntityManager [SessionImpl(1878490336<open>)]
2025-08-03 22:58:42.849 [http-nio-9090-exec-5] DEBUG o.s.orm.jpa.JpaTransactionManager - Not closing pre-bound JPA EntityManager after transaction
2025-08-03 22:58:42.849 [http-nio-9090-exec-5] INFO  c.e.c.k.p.controller.MenuController - === SUCCESS ===
2025-08-03 22:58:42.849 [http-nio-9090-exec-5] INFO  c.e.c.k.p.controller.MenuController - Retrieved 2 categories for vendorId: 2 (Page 1 of 1)
2025-08-03 22:58:42.849 [http-nio-9090-exec-5] INFO  c.e.c.k.p.controller.MenuController - Categories in current page: 2
2025-08-03 22:58:42.850 [http-nio-9090-exec-5] DEBUG o.s.w.s.m.m.a.HttpEntityMethodProcessor - Using 'application/json', given [application/json] and supported [application/json, application/*+json]
2025-08-03 22:58:42.850 [http-nio-9090-exec-5] DEBUG o.s.w.s.m.m.a.HttpEntityMethodProcessor - Writing [ApiResponseDto(success=true, message=Categories retrieved successfully, error=null, timestamp=null,  (truncated)...]
2025-08-03 22:58:42.852 [http-nio-9090-exec-5] DEBUG o.s.o.j.s.OpenEntityManagerInViewInterceptor - Closing JPA EntityManager in OpenEntityManagerInViewInterceptor
2025-08-03 22:58:42.852 [http-nio-9090-exec-5] DEBUG o.s.web.servlet.DispatcherServlet - Completed 200 OK
2025-08-03 22:58:47.058 [http-nio-9090-exec-1] DEBUG o.s.security.web.FilterChainProxy - Securing GET /api/menu/categories?vendorId=2
2025-08-03 22:58:47.058 [http-nio-9090-exec-1] DEBUG c.e.c.k.p.c.JwtAuthenticationFilter - Extracted token from Bearer Authorization header
2025-08-03 22:58:47.060 [http-nio-9090-exec-1] WARN  c.e.c.k.p.service.JwtTokenService - JWT token is expired: JWT expired at 2025-08-03T17:14:14Z. Current time: 2025-08-03T17:28:47Z, a difference of 873060 milliseconds.  Allowed clock skew: 0 milliseconds.
2025-08-03 22:58:47.061 [http-nio-9090-exec-1] ERROR c.e.c.k.p.c.JwtAuthenticationFilter - Error processing JWT token
io.jsonwebtoken.ExpiredJwtException: JWT expired at 2025-08-03T17:14:14Z. Current time: 2025-08-03T17:28:47Z, a difference of 873060 milliseconds.  Allowed clock skew: 0 milliseconds.
	at io.jsonwebtoken.impl.DefaultJwtParser.parse(DefaultJwtParser.java:427)
	at io.jsonwebtoken.impl.DefaultJwtParser.parse(DefaultJwtParser.java:529)
	at io.jsonwebtoken.impl.DefaultJwtParser.parseClaimsJws(DefaultJwtParser.java:589)
	at io.jsonwebtoken.impl.ImmutableJwtParser.parseClaimsJws(ImmutableJwtParser.java:173)
	at com.example.crave.kitchen.portal.service.JwtTokenService.extractAllClaims(JwtTokenService.java:140)
	at com.example.crave.kitchen.portal.service.JwtTokenService.extractClaim(JwtTokenService.java:128)
	at com.example.crave.kitchen.portal.service.JwtTokenService.extractEmail(JwtTokenService.java:114)
	at com.example.crave.kitchen.portal.config.JwtAuthenticationFilter.doFilterInternal(JwtAuthenticationFilter.java:63)
	at org.springframework.web.filter.OncePerRequestFilter.doFilter(OncePerRequestFilter.java:116)
	at org.springframework.security.web.FilterChainProxy$VirtualFilterChain.doFilter(FilterChainProxy.java:374)
	at org.springframework.security.web.authentication.logout.LogoutFilter.doFilter(LogoutFilter.java:107)
	at org.springframework.security.web.authentication.logout.LogoutFilter.doFilter(LogoutFilter.java:93)
	at org.springframework.security.web.FilterChainProxy$VirtualFilterChain.doFilter(FilterChainProxy.java:374)
	at org.springframework.security.web.header.HeaderWriterFilter.doHeadersAfter(HeaderWriterFilter.java:90)
	at org.springframework.security.web.header.HeaderWriterFilter.doFilterInternal(HeaderWriterFilter.java:75)
	at org.springframework.web.filter.OncePerRequestFilter.doFilter(OncePerRequestFilter.java:116)
	at org.springframework.security.web.FilterChainProxy$VirtualFilterChain.doFilter(FilterChainProxy.java:374)
	at org.springframework.security.web.context.SecurityContextHolderFilter.doFilter(SecurityContextHolderFilter.java:82)
	at org.springframework.security.web.context.SecurityContextHolderFilter.doFilter(SecurityContextHolderFilter.java:69)
	at org.springframework.security.web.FilterChainProxy$VirtualFilterChain.doFilter(FilterChainProxy.java:374)
	at org.springframework.security.web.context.request.async.WebAsyncManagerIntegrationFilter.doFilterInternal(WebAsyncManagerIntegrationFilter.java:62)
	at org.springframework.web.filter.OncePerRequestFilter.doFilter(OncePerRequestFilter.java:116)
	at org.springframework.security.web.FilterChainProxy$VirtualFilterChain.doFilter(FilterChainProxy.java:374)
	at org.springframework.security.web.session.DisableEncodeUrlFilter.doFilterInternal(DisableEncodeUrlFilter.java:42)
	at org.springframework.web.filter.OncePerRequestFilter.doFilter(OncePerRequestFilter.java:116)
	at org.springframework.security.web.FilterChainProxy$VirtualFilterChain.doFilter(FilterChainProxy.java:374)
	at org.springframework.security.web.FilterChainProxy.doFilterInternal(FilterChainProxy.java:233)
	at org.springframework.security.web.FilterChainProxy.doFilter(FilterChainProxy.java:191)
	at org.springframework.web.filter.CompositeFilter$VirtualFilterChain.doFilter(CompositeFilter.java:113)
	at org.springframework.web.filter.ServletRequestPathFilter.doFilter(ServletRequestPathFilter.java:52)
	at org.springframework.web.filter.CompositeFilter$VirtualFilterChain.doFilter(CompositeFilter.java:113)
	at org.springframework.web.filter.CompositeFilter.doFilter(CompositeFilter.java:74)
	at org.springframework.security.config.annotation.web.configuration.WebSecurityConfiguration$CompositeFilterChainProxy.doFilter(WebSecurityConfiguration.java:319)
	at org.springframework.web.filter.CompositeFilter$VirtualFilterChain.doFilter(CompositeFilter.java:113)
	at org.springframework.web.servlet.handler.HandlerMappingIntrospector.lambda$createCacheFilter$4(HandlerMappingIntrospector.java:267)
	at org.springframework.web.filter.CompositeFilter$VirtualFilterChain.doFilter(CompositeFilter.java:113)
	at org.springframework.web.filter.CompositeFilter.doFilter(CompositeFilter.java:74)
	at org.springframework.security.config.annotation.web.configuration.WebMvcSecurityConfiguration$CompositeFilterChainProxy.doFilter(WebMvcSecurityConfiguration.java:240)
	at org.springframework.web.filter.DelegatingFilterProxy.invokeDelegate(DelegatingFilterProxy.java:362)
	at org.springframework.web.filter.DelegatingFilterProxy.doFilter(DelegatingFilterProxy.java:278)
	at org.apache.catalina.core.ApplicationFilterChain.internalDoFilter(ApplicationFilterChain.java:164)
	at org.apache.catalina.core.ApplicationFilterChain.doFilter(ApplicationFilterChain.java:140)
	at org.springframework.web.filter.RequestContextFilter.doFilterInternal(RequestContextFilter.java:100)
	at org.springframework.web.filter.OncePerRequestFilter.doFilter(OncePerRequestFilter.java:116)
	at org.apache.catalina.core.ApplicationFilterChain.internalDoFilter(ApplicationFilterChain.java:164)
	at org.apache.catalina.core.ApplicationFilterChain.doFilter(ApplicationFilterChain.java:140)
	at org.springframework.web.filter.FormContentFilter.doFilterInternal(FormContentFilter.java:93)
	at org.springframework.web.filter.OncePerRequestFilter.doFilter(OncePerRequestFilter.java:116)
	at org.apache.catalina.core.ApplicationFilterChain.internalDoFilter(ApplicationFilterChain.java:164)
	at org.apache.catalina.core.ApplicationFilterChain.doFilter(ApplicationFilterChain.java:140)
	at org.springframework.web.filter.CharacterEncodingFilter.doFilterInternal(CharacterEncodingFilter.java:201)
	at org.springframework.web.filter.OncePerRequestFilter.doFilter(OncePerRequestFilter.java:116)
	at org.apache.catalina.core.ApplicationFilterChain.internalDoFilter(ApplicationFilterChain.java:164)
	at org.apache.catalina.core.ApplicationFilterChain.doFilter(ApplicationFilterChain.java:140)
	at org.apache.catalina.core.StandardWrapperValve.invoke(StandardWrapperValve.java:167)
	at org.apache.catalina.core.StandardContextValve.invoke(StandardContextValve.java:90)
	at org.apache.catalina.authenticator.AuthenticatorBase.invoke(AuthenticatorBase.java:483)
	at org.apache.catalina.core.StandardHostValve.invoke(StandardHostValve.java:116)
	at org.apache.catalina.valves.ErrorReportValve.invoke(ErrorReportValve.java:93)
	at org.apache.catalina.core.StandardEngineValve.invoke(StandardEngineValve.java:74)
	at org.apache.catalina.connector.CoyoteAdapter.service(CoyoteAdapter.java:344)
	at org.apache.coyote.http11.Http11Processor.service(Http11Processor.java:398)
	at org.apache.coyote.AbstractProcessorLight.process(AbstractProcessorLight.java:63)
	at org.apache.coyote.AbstractProtocol$ConnectionHandler.process(AbstractProtocol.java:903)
	at org.apache.tomcat.util.net.NioEndpoint$SocketProcessor.doRun(NioEndpoint.java:1769)
	at org.apache.tomcat.util.net.SocketProcessorBase.run(SocketProcessorBase.java:52)
	at org.apache.tomcat.util.threads.ThreadPoolExecutor.runWorker(ThreadPoolExecutor.java:1189)
	at org.apache.tomcat.util.threads.ThreadPoolExecutor$Worker.run(ThreadPoolExecutor.java:658)
	at org.apache.tomcat.util.threads.TaskThread$WrappingRunnable.run(TaskThread.java:63)
	at java.base/java.lang.Thread.run(Thread.java:842)
2025-08-03 22:58:47.061 [http-nio-9090-exec-1] DEBUG o.s.s.w.a.AnonymousAuthenticationFilter - Set SecurityContextHolder to anonymous SecurityContext
2025-08-03 22:58:47.061 [http-nio-9090-exec-1] DEBUG o.s.security.web.FilterChainProxy - Secured GET /api/menu/categories?vendorId=2
2025-08-03 22:58:47.061 [http-nio-9090-exec-1] DEBUG o.s.web.servlet.DispatcherServlet - GET "/api/menu/categories?vendorId=2", parameters={masked}
2025-08-03 22:58:47.061 [http-nio-9090-exec-1] TRACE o.s.w.s.m.m.a.RequestMappingHandlerMapping - Mapped to com.example.crave.kitchen.portal.controller.MenuController#getAllCategories(Long, Boolean, Boolean, int, int, String, String)
2025-08-03 22:58:47.062 [http-nio-9090-exec-1] DEBUG o.s.o.j.s.OpenEntityManagerInViewInterceptor - Opening JPA EntityManager in OpenEntityManagerInViewInterceptor
2025-08-03 22:58:47.063 [http-nio-9090-exec-1] INFO  c.e.c.k.p.controller.MenuController - === MENU CATEGORIES - GET ALL ===
2025-08-03 22:58:47.063 [http-nio-9090-exec-1] INFO  c.e.c.k.p.controller.MenuController - Request Parameters - vendorId: 2, isActive: null, isFeatured: null, page: 0, size: 20, sortBy: displayOrder, sortDir: asc
2025-08-03 22:58:47.063 [http-nio-9090-exec-1] INFO  c.e.c.k.p.controller.MenuController - Request URL: GET /api/menu/categories
2025-08-03 22:58:47.063 [http-nio-9090-exec-1] DEBUG o.s.orm.jpa.JpaTransactionManager - Found thread-bound EntityManager [SessionImpl(621485026<open>)] for JPA transaction
2025-08-03 22:58:47.063 [http-nio-9090-exec-1] DEBUG o.s.orm.jpa.JpaTransactionManager - Creating new transaction with name [com.example.crave.kitchen.portal.impl.MenuServiceImpl.getAllCategories]: PROPAGATION_REQUIRED,ISOLATION_DEFAULT
2025-08-03 22:58:47.065 [http-nio-9090-exec-1] DEBUG o.s.orm.jpa.JpaTransactionManager - Exposing JPA transaction as JDBC [org.springframework.orm.jpa.vendor.HibernateJpaDialect$HibernateConnectionHandle@17c1c834]
2025-08-03 22:58:47.065 [http-nio-9090-exec-1] INFO  c.e.c.k.portal.impl.MenuServiceImpl - === MENU SERVICE - GET ALL CATEGORIES ===
2025-08-03 22:58:47.065 [http-nio-9090-exec-1] INFO  c.e.c.k.portal.impl.MenuServiceImpl - Parameters - vendorId: 2, isActive: null, isFeatured: null, page: 0, size: 20
2025-08-03 22:58:47.065 [http-nio-9090-exec-1] DEBUG c.e.c.k.portal.impl.MenuServiceImpl - Pagination parameters - minRow: 0, maxRow: 20, pageSize: 20
2025-08-03 22:58:47.065 [http-nio-9090-exec-1] DEBUG org.hibernate.SQL - 
    /* dynamic native SQL query */ SELECT
        * 
    FROM
        (SELECT
            a.*,
            ROWNUM rnum 
        FROM
            (SELECT
                * 
            FROM
                ck_menu_categories 
            WHERE
                vendor_id = ? 
            ORDER BY
                display_order ASC) a 
        WHERE
            ROWNUM <= ?) 
    WHERE
        rnum > ?
2025-08-03 22:58:47.069 [http-nio-9090-exec-1] DEBUG org.hibernate.SQL - 
    /* dynamic native SQL query */ SELECT
        COUNT(*) 
    FROM
        ck_menu_categories 
    WHERE
        vendor_id = ?
2025-08-03 22:58:47.072 [http-nio-9090-exec-1] DEBUG c.e.c.k.portal.impl.MenuServiceImpl - Database query executed with filter type: ALL
2025-08-03 22:58:47.074 [http-nio-9090-exec-1] DEBUG org.hibernate.SQL - 
    /* <criteria> */ select
        count(mie1_0.id) 
    from
        ck_menu_items mie1_0 
    where
        mie1_0.category_id=?
2025-08-03 22:58:47.079 [http-nio-9090-exec-1] DEBUG org.hibernate.SQL - 
    /* <criteria> */ select
        count(mie1_0.id) 
    from
        ck_menu_items mie1_0 
    where
        mie1_0.category_id=?
2025-08-03 22:58:47.081 [http-nio-9090-exec-1] INFO  c.e.c.k.portal.impl.MenuServiceImpl - === SUCCESS ===
2025-08-03 22:58:47.082 [http-nio-9090-exec-1] INFO  c.e.c.k.portal.impl.MenuServiceImpl - Retrieved 2 categories for vendorId: 2 (Page 1 of 1)
2025-08-03 22:58:47.082 [http-nio-9090-exec-1] INFO  c.e.c.k.portal.impl.MenuServiceImpl - Categories in current page: 2
2025-08-03 22:58:47.082 [http-nio-9090-exec-1] DEBUG o.s.orm.jpa.JpaTransactionManager - Initiating transaction commit
2025-08-03 22:58:47.082 [http-nio-9090-exec-1] DEBUG o.s.orm.jpa.JpaTransactionManager - Committing JPA transaction on EntityManager [SessionImpl(621485026<open>)]
2025-08-03 22:58:47.083 [http-nio-9090-exec-1] DEBUG o.s.orm.jpa.JpaTransactionManager - Not closing pre-bound JPA EntityManager after transaction
2025-08-03 22:58:47.083 [http-nio-9090-exec-1] INFO  c.e.c.k.p.controller.MenuController - === SUCCESS ===
2025-08-03 22:58:47.083 [http-nio-9090-exec-1] INFO  c.e.c.k.p.controller.MenuController - Retrieved 2 categories for vendorId: 2 (Page 1 of 1)
2025-08-03 22:58:47.083 [http-nio-9090-exec-1] INFO  c.e.c.k.p.controller.MenuController - Categories in current page: 2
2025-08-03 22:58:47.084 [http-nio-9090-exec-1] DEBUG o.s.w.s.m.m.a.HttpEntityMethodProcessor - Using 'application/json', given [application/json] and supported [application/json, application/*+json]
2025-08-03 22:58:47.084 [http-nio-9090-exec-1] DEBUG o.s.w.s.m.m.a.HttpEntityMethodProcessor - Writing [ApiResponseDto(success=true, message=Categories retrieved successfully, error=null, timestamp=null,  (truncated)...]
2025-08-03 22:58:47.085 [http-nio-9090-exec-1] DEBUG o.s.o.j.s.OpenEntityManagerInViewInterceptor - Closing JPA EntityManager in OpenEntityManagerInViewInterceptor
2025-08-03 22:58:47.085 [http-nio-9090-exec-1] DEBUG o.s.web.servlet.DispatcherServlet - Completed 200 OK
2025-08-03 22:58:48.695 [HikariPool-1:housekeeper] DEBUG com.zaxxer.hikari.pool.HikariPool - HikariPool-1 - keepalive: connection oracle.jdbc.driver.T4CConnection@51813065 is alive
2025-08-03 22:58:57.790 [HikariPool-1:housekeeper] DEBUG com.zaxxer.hikari.pool.HikariPool - HikariPool-1 - Before cleanup stats (total=5/10, idle=5/5, active=0, waiting=0)
2025-08-03 22:58:57.790 [HikariPool-1:housekeeper] DEBUG com.zaxxer.hikari.pool.HikariPool - HikariPool-1 - After  cleanup stats (total=5/10, idle=5/5, active=0, waiting=0)
2025-08-03 22:58:57.790 [HikariPool-1:housekeeper] DEBUG com.zaxxer.hikari.pool.HikariPool - HikariPool-1 - Fill pool skipped, pool has sufficient level or currently being filled.
2025-08-03 22:59:17.234 [http-nio-9090-exec-10] DEBUG o.s.security.web.FilterChainProxy - Securing POST /api/menu/categories
2025-08-03 22:59:17.234 [http-nio-9090-exec-10] DEBUG c.e.c.k.p.c.JwtAuthenticationFilter - Extracted token from Bearer Authorization header
2025-08-03 22:59:17.236 [http-nio-9090-exec-10] WARN  c.e.c.k.p.service.JwtTokenService - JWT token is expired: JWT expired at 2025-08-03T17:14:14Z. Current time: 2025-08-03T17:29:17Z, a difference of 903236 milliseconds.  Allowed clock skew: 0 milliseconds.
2025-08-03 22:59:17.236 [http-nio-9090-exec-10] ERROR c.e.c.k.p.c.JwtAuthenticationFilter - Error processing JWT token
io.jsonwebtoken.ExpiredJwtException: JWT expired at 2025-08-03T17:14:14Z. Current time: 2025-08-03T17:29:17Z, a difference of 903236 milliseconds.  Allowed clock skew: 0 milliseconds.
	at io.jsonwebtoken.impl.DefaultJwtParser.parse(DefaultJwtParser.java:427)
	at io.jsonwebtoken.impl.DefaultJwtParser.parse(DefaultJwtParser.java:529)
	at io.jsonwebtoken.impl.DefaultJwtParser.parseClaimsJws(DefaultJwtParser.java:589)
	at io.jsonwebtoken.impl.ImmutableJwtParser.parseClaimsJws(ImmutableJwtParser.java:173)
	at com.example.crave.kitchen.portal.service.JwtTokenService.extractAllClaims(JwtTokenService.java:140)
	at com.example.crave.kitchen.portal.service.JwtTokenService.extractClaim(JwtTokenService.java:128)
	at com.example.crave.kitchen.portal.service.JwtTokenService.extractEmail(JwtTokenService.java:114)
	at com.example.crave.kitchen.portal.config.JwtAuthenticationFilter.doFilterInternal(JwtAuthenticationFilter.java:63)
	at org.springframework.web.filter.OncePerRequestFilter.doFilter(OncePerRequestFilter.java:116)
	at org.springframework.security.web.FilterChainProxy$VirtualFilterChain.doFilter(FilterChainProxy.java:374)
	at org.springframework.security.web.authentication.logout.LogoutFilter.doFilter(LogoutFilter.java:107)
	at org.springframework.security.web.authentication.logout.LogoutFilter.doFilter(LogoutFilter.java:93)
	at org.springframework.security.web.FilterChainProxy$VirtualFilterChain.doFilter(FilterChainProxy.java:374)
	at org.springframework.security.web.header.HeaderWriterFilter.doHeadersAfter(HeaderWriterFilter.java:90)
	at org.springframework.security.web.header.HeaderWriterFilter.doFilterInternal(HeaderWriterFilter.java:75)
	at org.springframework.web.filter.OncePerRequestFilter.doFilter(OncePerRequestFilter.java:116)
	at org.springframework.security.web.FilterChainProxy$VirtualFilterChain.doFilter(FilterChainProxy.java:374)
	at org.springframework.security.web.context.SecurityContextHolderFilter.doFilter(SecurityContextHolderFilter.java:82)
	at org.springframework.security.web.context.SecurityContextHolderFilter.doFilter(SecurityContextHolderFilter.java:69)
	at org.springframework.security.web.FilterChainProxy$VirtualFilterChain.doFilter(FilterChainProxy.java:374)
	at org.springframework.security.web.context.request.async.WebAsyncManagerIntegrationFilter.doFilterInternal(WebAsyncManagerIntegrationFilter.java:62)
	at org.springframework.web.filter.OncePerRequestFilter.doFilter(OncePerRequestFilter.java:116)
	at org.springframework.security.web.FilterChainProxy$VirtualFilterChain.doFilter(FilterChainProxy.java:374)
	at org.springframework.security.web.session.DisableEncodeUrlFilter.doFilterInternal(DisableEncodeUrlFilter.java:42)
	at org.springframework.web.filter.OncePerRequestFilter.doFilter(OncePerRequestFilter.java:116)
	at org.springframework.security.web.FilterChainProxy$VirtualFilterChain.doFilter(FilterChainProxy.java:374)
	at org.springframework.security.web.FilterChainProxy.doFilterInternal(FilterChainProxy.java:233)
	at org.springframework.security.web.FilterChainProxy.doFilter(FilterChainProxy.java:191)
	at org.springframework.web.filter.CompositeFilter$VirtualFilterChain.doFilter(CompositeFilter.java:113)
	at org.springframework.web.filter.ServletRequestPathFilter.doFilter(ServletRequestPathFilter.java:52)
	at org.springframework.web.filter.CompositeFilter$VirtualFilterChain.doFilter(CompositeFilter.java:113)
	at org.springframework.web.filter.CompositeFilter.doFilter(CompositeFilter.java:74)
	at org.springframework.security.config.annotation.web.configuration.WebSecurityConfiguration$CompositeFilterChainProxy.doFilter(WebSecurityConfiguration.java:319)
	at org.springframework.web.filter.CompositeFilter$VirtualFilterChain.doFilter(CompositeFilter.java:113)
	at org.springframework.web.servlet.handler.HandlerMappingIntrospector.lambda$createCacheFilter$4(HandlerMappingIntrospector.java:267)
	at org.springframework.web.filter.CompositeFilter$VirtualFilterChain.doFilter(CompositeFilter.java:113)
	at org.springframework.web.filter.CompositeFilter.doFilter(CompositeFilter.java:74)
	at org.springframework.security.config.annotation.web.configuration.WebMvcSecurityConfiguration$CompositeFilterChainProxy.doFilter(WebMvcSecurityConfiguration.java:240)
	at org.springframework.web.filter.DelegatingFilterProxy.invokeDelegate(DelegatingFilterProxy.java:362)
	at org.springframework.web.filter.DelegatingFilterProxy.doFilter(DelegatingFilterProxy.java:278)
	at org.apache.catalina.core.ApplicationFilterChain.internalDoFilter(ApplicationFilterChain.java:164)
	at org.apache.catalina.core.ApplicationFilterChain.doFilter(ApplicationFilterChain.java:140)
	at org.springframework.web.filter.RequestContextFilter.doFilterInternal(RequestContextFilter.java:100)
	at org.springframework.web.filter.OncePerRequestFilter.doFilter(OncePerRequestFilter.java:116)
	at org.apache.catalina.core.ApplicationFilterChain.internalDoFilter(ApplicationFilterChain.java:164)
	at org.apache.catalina.core.ApplicationFilterChain.doFilter(ApplicationFilterChain.java:140)
	at org.springframework.web.filter.FormContentFilter.doFilterInternal(FormContentFilter.java:93)
	at org.springframework.web.filter.OncePerRequestFilter.doFilter(OncePerRequestFilter.java:116)
	at org.apache.catalina.core.ApplicationFilterChain.internalDoFilter(ApplicationFilterChain.java:164)
	at org.apache.catalina.core.ApplicationFilterChain.doFilter(ApplicationFilterChain.java:140)
	at org.springframework.web.filter.CharacterEncodingFilter.doFilterInternal(CharacterEncodingFilter.java:201)
	at org.springframework.web.filter.OncePerRequestFilter.doFilter(OncePerRequestFilter.java:116)
	at org.apache.catalina.core.ApplicationFilterChain.internalDoFilter(ApplicationFilterChain.java:164)
	at org.apache.catalina.core.ApplicationFilterChain.doFilter(ApplicationFilterChain.java:140)
	at org.apache.catalina.core.StandardWrapperValve.invoke(StandardWrapperValve.java:167)
	at org.apache.catalina.core.StandardContextValve.invoke(StandardContextValve.java:90)
	at org.apache.catalina.authenticator.AuthenticatorBase.invoke(AuthenticatorBase.java:483)
	at org.apache.catalina.core.StandardHostValve.invoke(StandardHostValve.java:116)
	at org.apache.catalina.valves.ErrorReportValve.invoke(ErrorReportValve.java:93)
	at org.apache.catalina.core.StandardEngineValve.invoke(StandardEngineValve.java:74)
	at org.apache.catalina.connector.CoyoteAdapter.service(CoyoteAdapter.java:344)
	at org.apache.coyote.http11.Http11Processor.service(Http11Processor.java:398)
	at org.apache.coyote.AbstractProcessorLight.process(AbstractProcessorLight.java:63)
	at org.apache.coyote.AbstractProtocol$ConnectionHandler.process(AbstractProtocol.java:903)
	at org.apache.tomcat.util.net.NioEndpoint$SocketProcessor.doRun(NioEndpoint.java:1769)
	at org.apache.tomcat.util.net.SocketProcessorBase.run(SocketProcessorBase.java:52)
	at org.apache.tomcat.util.threads.ThreadPoolExecutor.runWorker(ThreadPoolExecutor.java:1189)
	at org.apache.tomcat.util.threads.ThreadPoolExecutor$Worker.run(ThreadPoolExecutor.java:658)
	at org.apache.tomcat.util.threads.TaskThread$WrappingRunnable.run(TaskThread.java:63)
	at java.base/java.lang.Thread.run(Thread.java:842)
2025-08-03 22:59:17.237 [http-nio-9090-exec-10] DEBUG o.s.s.w.a.AnonymousAuthenticationFilter - Set SecurityContextHolder to anonymous SecurityContext
2025-08-03 22:59:17.237 [http-nio-9090-exec-10] DEBUG o.s.security.web.FilterChainProxy - Secured POST /api/menu/categories
2025-08-03 22:59:17.237 [http-nio-9090-exec-10] DEBUG o.s.web.servlet.DispatcherServlet - POST "/api/menu/categories", parameters={}
2025-08-03 22:59:17.237 [http-nio-9090-exec-10] TRACE o.s.w.s.m.m.a.RequestMappingHandlerMapping - Mapped to com.example.crave.kitchen.portal.controller.MenuController#createCategory(CreateMenuCategoryRequestDto)
2025-08-03 22:59:17.238 [http-nio-9090-exec-10] DEBUG o.s.o.j.s.OpenEntityManagerInViewInterceptor - Opening JPA EntityManager in OpenEntityManagerInViewInterceptor
2025-08-03 22:59:17.282 [http-nio-9090-exec-10] DEBUG o.s.w.s.m.m.a.RequestResponseBodyMethodProcessor - Read "application/json;charset=UTF-8" to [CreateMenuCategoryRequestDto(name=Street Food , description=, displayOrder=0, isActive=true, isFeatu (truncated)...]
2025-08-03 22:59:17.309 [http-nio-9090-exec-10] INFO  c.e.c.k.p.controller.MenuController - === MENU CATEGORIES - CREATE ===
2025-08-03 22:59:17.310 [http-nio-9090-exec-10] INFO  c.e.c.k.p.controller.MenuController - Request URL: POST /api/menu/categories
2025-08-03 22:59:17.310 [http-nio-9090-exec-10] INFO  c.e.c.k.p.controller.MenuController - Category Details - Name: 'Street Food ', Description: '...', DisplayOrder: 0, IsActive: true, IsFeatured: false
2025-08-03 22:59:17.310 [http-nio-9090-exec-10] DEBUG c.e.c.k.p.util.TokenDataExtractor - Authorization header: Bearer eyJhbGciOiJIUzI1NiJ9.eyJjcmVkZW50aWFsc05vbk...
2025-08-03 22:59:17.310 [http-nio-9090-exec-10] DEBUG c.e.c.k.p.util.TokenDataExtractor - Successfully extracted token from Bearer Authorization header
2025-08-03 22:59:17.310 [http-nio-9090-exec-10] DEBUG c.e.c.k.p.util.TokenDataExtractor - Extracted token from request: eyJhbGciOiJIUzI1NiJ9.eyJjcmVkZW50aWFsc05vbkV4cGlyZ...
2025-08-03 22:59:17.312 [http-nio-9090-exec-10] WARN  c.e.c.k.p.service.JwtTokenService - JWT token is expired: JWT expired at 2025-08-03T17:14:14Z. Current time: 2025-08-03T17:29:17Z, a difference of 903312 milliseconds.  Allowed clock skew: 0 milliseconds.
2025-08-03 22:59:17.312 [http-nio-9090-exec-10] ERROR c.e.c.k.p.service.JwtTokenService - Failed to extract vendor ID from token: JWT expired at 2025-08-03T17:14:14Z. Current time: 2025-08-03T17:29:17Z, a difference of 903312 milliseconds.  Allowed clock skew: 0 milliseconds.
io.jsonwebtoken.ExpiredJwtException: JWT expired at 2025-08-03T17:14:14Z. Current time: 2025-08-03T17:29:17Z, a difference of 903312 milliseconds.  Allowed clock skew: 0 milliseconds.
	at io.jsonwebtoken.impl.DefaultJwtParser.parse(DefaultJwtParser.java:427)
	at io.jsonwebtoken.impl.DefaultJwtParser.parse(DefaultJwtParser.java:529)
	at io.jsonwebtoken.impl.DefaultJwtParser.parseClaimsJws(DefaultJwtParser.java:589)
	at io.jsonwebtoken.impl.ImmutableJwtParser.parseClaimsJws(ImmutableJwtParser.java:173)
	at com.example.crave.kitchen.portal.service.JwtTokenService.extractAllClaims(JwtTokenService.java:140)
	at com.example.crave.kitchen.portal.service.JwtTokenService.extractVendorId(JwtTokenService.java:253)
	at com.example.crave.kitchen.portal.util.TokenDataExtractor.getCurrentVendorId(TokenDataExtractor.java:36)
	at com.example.crave.kitchen.portal.controller.MenuController.getCurrentVendorId(MenuController.java:236)
	at com.example.crave.kitchen.portal.controller.MenuController.createCategory(MenuController.java:363)
	at java.base/jdk.internal.reflect.NativeMethodAccessorImpl.invoke0(Native Method)
	at java.base/jdk.internal.reflect.NativeMethodAccessorImpl.invoke(NativeMethodAccessorImpl.java:77)
	at java.base/jdk.internal.reflect.DelegatingMethodAccessorImpl.invoke(DelegatingMethodAccessorImpl.java:43)
	at java.base/java.lang.reflect.Method.invoke(Method.java:568)
	at org.springframework.aop.support.AopUtils.invokeJoinpointUsingReflection(AopUtils.java:360)
	at org.springframework.aop.framework.ReflectiveMethodInvocation.invokeJoinpoint(ReflectiveMethodInvocation.java:196)
	at org.springframework.aop.framework.ReflectiveMethodInvocation.proceed(ReflectiveMethodInvocation.java:163)
	at org.springframework.validation.beanvalidation.MethodValidationInterceptor.invoke(MethodValidationInterceptor.java:174)
	at org.springframework.aop.framework.ReflectiveMethodInvocation.proceed(ReflectiveMethodInvocation.java:184)
	at org.springframework.aop.framework.CglibAopProxy$DynamicAdvisedInterceptor.intercept(CglibAopProxy.java:728)
	at com.example.crave.kitchen.portal.controller.MenuController$$SpringCGLIB$$0.createCategory(<generated>)
	at java.base/jdk.internal.reflect.NativeMethodAccessorImpl.invoke0(Native Method)
	at java.base/jdk.internal.reflect.NativeMethodAccessorImpl.invoke(NativeMethodAccessorImpl.java:77)
	at java.base/jdk.internal.reflect.DelegatingMethodAccessorImpl.invoke(DelegatingMethodAccessorImpl.java:43)
	at java.base/java.lang.reflect.Method.invoke(Method.java:568)
	at org.springframework.web.method.support.InvocableHandlerMethod.doInvoke(InvocableHandlerMethod.java:258)
	at org.springframework.web.method.support.InvocableHandlerMethod.invokeForRequest(InvocableHandlerMethod.java:191)
	at org.springframework.web.servlet.mvc.method.annotation.ServletInvocableHandlerMethod.invokeAndHandle(ServletInvocableHandlerMethod.java:118)
	at org.springframework.web.servlet.mvc.method.annotation.RequestMappingHandlerAdapter.invokeHandlerMethod(RequestMappingHandlerAdapter.java:991)
	at org.springframework.web.servlet.mvc.method.annotation.RequestMappingHandlerAdapter.handleInternal(RequestMappingHandlerAdapter.java:896)
	at org.springframework.web.servlet.mvc.method.AbstractHandlerMethodAdapter.handle(AbstractHandlerMethodAdapter.java:87)
	at org.springframework.web.servlet.DispatcherServlet.doDispatch(DispatcherServlet.java:1089)
	at org.springframework.web.servlet.DispatcherServlet.doService(DispatcherServlet.java:979)
	at org.springframework.web.servlet.FrameworkServlet.processRequest(FrameworkServlet.java:1014)
	at org.springframework.web.servlet.FrameworkServlet.doPost(FrameworkServlet.java:914)
	at jakarta.servlet.http.HttpServlet.service(HttpServlet.java:590)
	at org.springframework.web.servlet.FrameworkServlet.service(FrameworkServlet.java:885)
	at jakarta.servlet.http.HttpServlet.service(HttpServlet.java:658)
	at org.apache.catalina.core.ApplicationFilterChain.internalDoFilter(ApplicationFilterChain.java:195)
	at org.apache.catalina.core.ApplicationFilterChain.doFilter(ApplicationFilterChain.java:140)
	at org.apache.tomcat.websocket.server.WsFilter.doFilter(WsFilter.java:51)
	at org.apache.catalina.core.ApplicationFilterChain.internalDoFilter(ApplicationFilterChain.java:164)
	at org.apache.catalina.core.ApplicationFilterChain.doFilter(ApplicationFilterChain.java:140)
	at org.springframework.web.filter.OncePerRequestFilter.doFilter(OncePerRequestFilter.java:110)
	at org.apache.catalina.core.ApplicationFilterChain.internalDoFilter(ApplicationFilterChain.java:164)
	at org.apache.catalina.core.ApplicationFilterChain.doFilter(ApplicationFilterChain.java:140)
	at org.springframework.web.filter.CompositeFilter$VirtualFilterChain.doFilter(CompositeFilter.java:108)
	at org.springframework.web.filter.CompositeFilter$VirtualFilterChain.doFilter(CompositeFilter.java:108)
	at org.springframework.security.web.FilterChainProxy.lambda$doFilterInternal$3(FilterChainProxy.java:231)
	at org.springframework.security.web.FilterChainProxy$VirtualFilterChain.doFilter(FilterChainProxy.java:365)
	at org.springframework.security.web.access.intercept.AuthorizationFilter.doFilter(AuthorizationFilter.java:101)
	at org.springframework.security.web.FilterChainProxy$VirtualFilterChain.doFilter(FilterChainProxy.java:374)
	at org.springframework.security.web.access.ExceptionTranslationFilter.doFilter(ExceptionTranslationFilter.java:125)
	at org.springframework.security.web.access.ExceptionTranslationFilter.doFilter(ExceptionTranslationFilter.java:119)
	at org.springframework.security.web.FilterChainProxy$VirtualFilterChain.doFilter(FilterChainProxy.java:374)
	at org.springframework.security.web.session.SessionManagementFilter.doFilter(SessionManagementFilter.java:131)
	at org.springframework.security.web.session.SessionManagementFilter.doFilter(SessionManagementFilter.java:85)
	at org.springframework.security.web.FilterChainProxy$VirtualFilterChain.doFilter(FilterChainProxy.java:374)
	at org.springframework.security.web.authentication.AnonymousAuthenticationFilter.doFilter(AnonymousAuthenticationFilter.java:100)
	at org.springframework.security.web.FilterChainProxy$VirtualFilterChain.doFilter(FilterChainProxy.java:374)
	at org.springframework.security.web.servletapi.SecurityContextHolderAwareRequestFilter.doFilter(SecurityContextHolderAwareRequestFilter.java:179)
	at org.springframework.security.web.FilterChainProxy$VirtualFilterChain.doFilter(FilterChainProxy.java:374)
	at org.springframework.security.web.savedrequest.RequestCacheAwareFilter.doFilter(RequestCacheAwareFilter.java:63)
	at org.springframework.security.web.FilterChainProxy$VirtualFilterChain.doFilter(FilterChainProxy.java:374)
	at com.example.crave.kitchen.portal.config.JwtAuthenticationFilter.doFilterInternal(JwtAuthenticationFilter.java:97)
	at org.springframework.web.filter.OncePerRequestFilter.doFilter(OncePerRequestFilter.java:116)
	at org.springframework.security.web.FilterChainProxy$VirtualFilterChain.doFilter(FilterChainProxy.java:374)
	at org.springframework.security.web.authentication.logout.LogoutFilter.doFilter(LogoutFilter.java:107)
	at org.springframework.security.web.authentication.logout.LogoutFilter.doFilter(LogoutFilter.java:93)
	at org.springframework.security.web.FilterChainProxy$VirtualFilterChain.doFilter(FilterChainProxy.java:374)
	at org.springframework.security.web.header.HeaderWriterFilter.doHeadersAfter(HeaderWriterFilter.java:90)
	at org.springframework.security.web.header.HeaderWriterFilter.doFilterInternal(HeaderWriterFilter.java:75)
	at org.springframework.web.filter.OncePerRequestFilter.doFilter(OncePerRequestFilter.java:116)
	at org.springframework.security.web.FilterChainProxy$VirtualFilterChain.doFilter(FilterChainProxy.java:374)
	at org.springframework.security.web.context.SecurityContextHolderFilter.doFilter(SecurityContextHolderFilter.java:82)
	at org.springframework.security.web.context.SecurityContextHolderFilter.doFilter(SecurityContextHolderFilter.java:69)
	at org.springframework.security.web.FilterChainProxy$VirtualFilterChain.doFilter(FilterChainProxy.java:374)
	at org.springframework.security.web.context.request.async.WebAsyncManagerIntegrationFilter.doFilterInternal(WebAsyncManagerIntegrationFilter.java:62)
	at org.springframework.web.filter.OncePerRequestFilter.doFilter(OncePerRequestFilter.java:116)
	at org.springframework.security.web.FilterChainProxy$VirtualFilterChain.doFilter(FilterChainProxy.java:374)
	at org.springframework.security.web.session.DisableEncodeUrlFilter.doFilterInternal(DisableEncodeUrlFilter.java:42)
	at org.springframework.web.filter.OncePerRequestFilter.doFilter(OncePerRequestFilter.java:116)
	at org.springframework.security.web.FilterChainProxy$VirtualFilterChain.doFilter(FilterChainProxy.java:374)
	at org.springframework.security.web.FilterChainProxy.doFilterInternal(FilterChainProxy.java:233)
	at org.springframework.security.web.FilterChainProxy.doFilter(FilterChainProxy.java:191)
	at org.springframework.web.filter.CompositeFilter$VirtualFilterChain.doFilter(CompositeFilter.java:113)
	at org.springframework.web.filter.ServletRequestPathFilter.doFilter(ServletRequestPathFilter.java:52)
	at org.springframework.web.filter.CompositeFilter$VirtualFilterChain.doFilter(CompositeFilter.java:113)
	at org.springframework.web.filter.CompositeFilter.doFilter(CompositeFilter.java:74)
	at org.springframework.security.config.annotation.web.configuration.WebSecurityConfiguration$CompositeFilterChainProxy.doFilter(WebSecurityConfiguration.java:319)
	at org.springframework.web.filter.CompositeFilter$VirtualFilterChain.doFilter(CompositeFilter.java:113)
	at org.springframework.web.servlet.handler.HandlerMappingIntrospector.lambda$createCacheFilter$4(HandlerMappingIntrospector.java:267)
	at org.springframework.web.filter.CompositeFilter$VirtualFilterChain.doFilter(CompositeFilter.java:113)
	at org.springframework.web.filter.CompositeFilter.doFilter(CompositeFilter.java:74)
	at org.springframework.security.config.annotation.web.configuration.WebMvcSecurityConfiguration$CompositeFilterChainProxy.doFilter(WebMvcSecurityConfiguration.java:240)
	at org.springframework.web.filter.DelegatingFilterProxy.invokeDelegate(DelegatingFilterProxy.java:362)
	at org.springframework.web.filter.DelegatingFilterProxy.doFilter(DelegatingFilterProxy.java:278)
	at org.apache.catalina.core.ApplicationFilterChain.internalDoFilter(ApplicationFilterChain.java:164)
	at org.apache.catalina.core.ApplicationFilterChain.doFilter(ApplicationFilterChain.java:140)
	at org.springframework.web.filter.RequestContextFilter.doFilterInternal(RequestContextFilter.java:100)
	at org.springframework.web.filter.OncePerRequestFilter.doFilter(OncePerRequestFilter.java:116)
	at org.apache.catalina.core.ApplicationFilterChain.internalDoFilter(ApplicationFilterChain.java:164)
	at org.apache.catalina.core.ApplicationFilterChain.doFilter(ApplicationFilterChain.java:140)
	at org.springframework.web.filter.FormContentFilter.doFilterInternal(FormContentFilter.java:93)
	at org.springframework.web.filter.OncePerRequestFilter.doFilter(OncePerRequestFilter.java:116)
	at org.apache.catalina.core.ApplicationFilterChain.internalDoFilter(ApplicationFilterChain.java:164)
	at org.apache.catalina.core.ApplicationFilterChain.doFilter(ApplicationFilterChain.java:140)
	at org.springframework.web.filter.CharacterEncodingFilter.doFilterInternal(CharacterEncodingFilter.java:201)
	at org.springframework.web.filter.OncePerRequestFilter.doFilter(OncePerRequestFilter.java:116)
	at org.apache.catalina.core.ApplicationFilterChain.internalDoFilter(ApplicationFilterChain.java:164)
	at org.apache.catalina.core.ApplicationFilterChain.doFilter(ApplicationFilterChain.java:140)
	at org.apache.catalina.core.StandardWrapperValve.invoke(StandardWrapperValve.java:167)
	at org.apache.catalina.core.StandardContextValve.invoke(StandardContextValve.java:90)
	at org.apache.catalina.authenticator.AuthenticatorBase.invoke(AuthenticatorBase.java:483)
	at org.apache.catalina.core.StandardHostValve.invoke(StandardHostValve.java:116)
	at org.apache.catalina.valves.ErrorReportValve.invoke(ErrorReportValve.java:93)
	at org.apache.catalina.core.StandardEngineValve.invoke(StandardEngineValve.java:74)
	at org.apache.catalina.connector.CoyoteAdapter.service(CoyoteAdapter.java:344)
	at org.apache.coyote.http11.Http11Processor.service(Http11Processor.java:398)
	at org.apache.coyote.AbstractProcessorLight.process(AbstractProcessorLight.java:63)
	at org.apache.coyote.AbstractProtocol$ConnectionHandler.process(AbstractProtocol.java:903)
	at org.apache.tomcat.util.net.NioEndpoint$SocketProcessor.doRun(NioEndpoint.java:1769)
	at org.apache.tomcat.util.net.SocketProcessorBase.run(SocketProcessorBase.java:52)
	at org.apache.tomcat.util.threads.ThreadPoolExecutor.runWorker(ThreadPoolExecutor.java:1189)
	at org.apache.tomcat.util.threads.ThreadPoolExecutor$Worker.run(ThreadPoolExecutor.java:658)
	at org.apache.tomcat.util.threads.TaskThread$WrappingRunnable.run(TaskThread.java:63)
	at java.base/java.lang.Thread.run(Thread.java:842)
2025-08-03 22:59:17.313 [http-nio-9090-exec-10] DEBUG c.e.c.k.p.util.TokenDataExtractor - Extracted vendor ID from token: null
2025-08-03 22:59:17.314 [http-nio-9090-exec-10] ERROR c.e.c.k.p.controller.MenuController - User is anonymous - JWT authentication may have failed
2025-08-03 22:59:17.314 [http-nio-9090-exec-10] ERROR c.e.c.k.p.controller.MenuController - === ERROR ===
2025-08-03 22:59:17.314 [http-nio-9090-exec-10] ERROR c.e.c.k.p.controller.MenuController - Failed to create category: 'Street Food '
java.lang.RuntimeException: User is not properly authenticated
	at com.example.crave.kitchen.portal.controller.MenuController.getCurrentVendorId(MenuController.java:248)
	at com.example.crave.kitchen.portal.controller.MenuController.createCategory(MenuController.java:363)
	at java.base/jdk.internal.reflect.NativeMethodAccessorImpl.invoke0(Native Method)
	at java.base/jdk.internal.reflect.NativeMethodAccessorImpl.invoke(NativeMethodAccessorImpl.java:77)
	at java.base/jdk.internal.reflect.DelegatingMethodAccessorImpl.invoke(DelegatingMethodAccessorImpl.java:43)
	at java.base/java.lang.reflect.Method.invoke(Method.java:568)
	at org.springframework.aop.support.AopUtils.invokeJoinpointUsingReflection(AopUtils.java:360)
	at org.springframework.aop.framework.ReflectiveMethodInvocation.invokeJoinpoint(ReflectiveMethodInvocation.java:196)
	at org.springframework.aop.framework.ReflectiveMethodInvocation.proceed(ReflectiveMethodInvocation.java:163)
	at org.springframework.validation.beanvalidation.MethodValidationInterceptor.invoke(MethodValidationInterceptor.java:174)
	at org.springframework.aop.framework.ReflectiveMethodInvocation.proceed(ReflectiveMethodInvocation.java:184)
	at org.springframework.aop.framework.CglibAopProxy$DynamicAdvisedInterceptor.intercept(CglibAopProxy.java:728)
	at com.example.crave.kitchen.portal.controller.MenuController$$SpringCGLIB$$0.createCategory(<generated>)
	at java.base/jdk.internal.reflect.NativeMethodAccessorImpl.invoke0(Native Method)
	at java.base/jdk.internal.reflect.NativeMethodAccessorImpl.invoke(NativeMethodAccessorImpl.java:77)
	at java.base/jdk.internal.reflect.DelegatingMethodAccessorImpl.invoke(DelegatingMethodAccessorImpl.java:43)
	at java.base/java.lang.reflect.Method.invoke(Method.java:568)
	at org.springframework.web.method.support.InvocableHandlerMethod.doInvoke(InvocableHandlerMethod.java:258)
	at org.springframework.web.method.support.InvocableHandlerMethod.invokeForRequest(InvocableHandlerMethod.java:191)
	at org.springframework.web.servlet.mvc.method.annotation.ServletInvocableHandlerMethod.invokeAndHandle(ServletInvocableHandlerMethod.java:118)
	at org.springframework.web.servlet.mvc.method.annotation.RequestMappingHandlerAdapter.invokeHandlerMethod(RequestMappingHandlerAdapter.java:991)
	at org.springframework.web.servlet.mvc.method.annotation.RequestMappingHandlerAdapter.handleInternal(RequestMappingHandlerAdapter.java:896)
	at org.springframework.web.servlet.mvc.method.AbstractHandlerMethodAdapter.handle(AbstractHandlerMethodAdapter.java:87)
	at org.springframework.web.servlet.DispatcherServlet.doDispatch(DispatcherServlet.java:1089)
	at org.springframework.web.servlet.DispatcherServlet.doService(DispatcherServlet.java:979)
	at org.springframework.web.servlet.FrameworkServlet.processRequest(FrameworkServlet.java:1014)
	at org.springframework.web.servlet.FrameworkServlet.doPost(FrameworkServlet.java:914)
	at jakarta.servlet.http.HttpServlet.service(HttpServlet.java:590)
	at org.springframework.web.servlet.FrameworkServlet.service(FrameworkServlet.java:885)
	at jakarta.servlet.http.HttpServlet.service(HttpServlet.java:658)
	at org.apache.catalina.core.ApplicationFilterChain.internalDoFilter(ApplicationFilterChain.java:195)
	at org.apache.catalina.core.ApplicationFilterChain.doFilter(ApplicationFilterChain.java:140)
	at org.apache.tomcat.websocket.server.WsFilter.doFilter(WsFilter.java:51)
	at org.apache.catalina.core.ApplicationFilterChain.internalDoFilter(ApplicationFilterChain.java:164)
	at org.apache.catalina.core.ApplicationFilterChain.doFilter(ApplicationFilterChain.java:140)
	at org.springframework.web.filter.OncePerRequestFilter.doFilter(OncePerRequestFilter.java:110)
	at org.apache.catalina.core.ApplicationFilterChain.internalDoFilter(ApplicationFilterChain.java:164)
	at org.apache.catalina.core.ApplicationFilterChain.doFilter(ApplicationFilterChain.java:140)
	at org.springframework.web.filter.CompositeFilter$VirtualFilterChain.doFilter(CompositeFilter.java:108)
	at org.springframework.web.filter.CompositeFilter$VirtualFilterChain.doFilter(CompositeFilter.java:108)
	at org.springframework.security.web.FilterChainProxy.lambda$doFilterInternal$3(FilterChainProxy.java:231)
	at org.springframework.security.web.FilterChainProxy$VirtualFilterChain.doFilter(FilterChainProxy.java:365)
	at org.springframework.security.web.access.intercept.AuthorizationFilter.doFilter(AuthorizationFilter.java:101)
	at org.springframework.security.web.FilterChainProxy$VirtualFilterChain.doFilter(FilterChainProxy.java:374)
	at org.springframework.security.web.access.ExceptionTranslationFilter.doFilter(ExceptionTranslationFilter.java:125)
	at org.springframework.security.web.access.ExceptionTranslationFilter.doFilter(ExceptionTranslationFilter.java:119)
	at org.springframework.security.web.FilterChainProxy$VirtualFilterChain.doFilter(FilterChainProxy.java:374)
	at org.springframework.security.web.session.SessionManagementFilter.doFilter(SessionManagementFilter.java:131)
	at org.springframework.security.web.session.SessionManagementFilter.doFilter(SessionManagementFilter.java:85)
	at org.springframework.security.web.FilterChainProxy$VirtualFilterChain.doFilter(FilterChainProxy.java:374)
	at org.springframework.security.web.authentication.AnonymousAuthenticationFilter.doFilter(AnonymousAuthenticationFilter.java:100)
	at org.springframework.security.web.FilterChainProxy$VirtualFilterChain.doFilter(FilterChainProxy.java:374)
	at org.springframework.security.web.servletapi.SecurityContextHolderAwareRequestFilter.doFilter(SecurityContextHolderAwareRequestFilter.java:179)
	at org.springframework.security.web.FilterChainProxy$VirtualFilterChain.doFilter(FilterChainProxy.java:374)
	at org.springframework.security.web.savedrequest.RequestCacheAwareFilter.doFilter(RequestCacheAwareFilter.java:63)
	at org.springframework.security.web.FilterChainProxy$VirtualFilterChain.doFilter(FilterChainProxy.java:374)
	at com.example.crave.kitchen.portal.config.JwtAuthenticationFilter.doFilterInternal(JwtAuthenticationFilter.java:97)
	at org.springframework.web.filter.OncePerRequestFilter.doFilter(OncePerRequestFilter.java:116)
	at org.springframework.security.web.FilterChainProxy$VirtualFilterChain.doFilter(FilterChainProxy.java:374)
	at org.springframework.security.web.authentication.logout.LogoutFilter.doFilter(LogoutFilter.java:107)
	at org.springframework.security.web.authentication.logout.LogoutFilter.doFilter(LogoutFilter.java:93)
	at org.springframework.security.web.FilterChainProxy$VirtualFilterChain.doFilter(FilterChainProxy.java:374)
	at org.springframework.security.web.header.HeaderWriterFilter.doHeadersAfter(HeaderWriterFilter.java:90)
	at org.springframework.security.web.header.HeaderWriterFilter.doFilterInternal(HeaderWriterFilter.java:75)
	at org.springframework.web.filter.OncePerRequestFilter.doFilter(OncePerRequestFilter.java:116)
	at org.springframework.security.web.FilterChainProxy$VirtualFilterChain.doFilter(FilterChainProxy.java:374)
	at org.springframework.security.web.context.SecurityContextHolderFilter.doFilter(SecurityContextHolderFilter.java:82)
	at org.springframework.security.web.context.SecurityContextHolderFilter.doFilter(SecurityContextHolderFilter.java:69)
	at org.springframework.security.web.FilterChainProxy$VirtualFilterChain.doFilter(FilterChainProxy.java:374)
	at org.springframework.security.web.context.request.async.WebAsyncManagerIntegrationFilter.doFilterInternal(WebAsyncManagerIntegrationFilter.java:62)
	at org.springframework.web.filter.OncePerRequestFilter.doFilter(OncePerRequestFilter.java:116)
	at org.springframework.security.web.FilterChainProxy$VirtualFilterChain.doFilter(FilterChainProxy.java:374)
	at org.springframework.security.web.session.DisableEncodeUrlFilter.doFilterInternal(DisableEncodeUrlFilter.java:42)
	at org.springframework.web.filter.OncePerRequestFilter.doFilter(OncePerRequestFilter.java:116)
	at org.springframework.security.web.FilterChainProxy$VirtualFilterChain.doFilter(FilterChainProxy.java:374)
	at org.springframework.security.web.FilterChainProxy.doFilterInternal(FilterChainProxy.java:233)
	at org.springframework.security.web.FilterChainProxy.doFilter(FilterChainProxy.java:191)
	at org.springframework.web.filter.CompositeFilter$VirtualFilterChain.doFilter(CompositeFilter.java:113)
	at org.springframework.web.filter.ServletRequestPathFilter.doFilter(ServletRequestPathFilter.java:52)
	at org.springframework.web.filter.CompositeFilter$VirtualFilterChain.doFilter(CompositeFilter.java:113)
	at org.springframework.web.filter.CompositeFilter.doFilter(CompositeFilter.java:74)
	at org.springframework.security.config.annotation.web.configuration.WebSecurityConfiguration$CompositeFilterChainProxy.doFilter(WebSecurityConfiguration.java:319)
	at org.springframework.web.filter.CompositeFilter$VirtualFilterChain.doFilter(CompositeFilter.java:113)
	at org.springframework.web.servlet.handler.HandlerMappingIntrospector.lambda$createCacheFilter$4(HandlerMappingIntrospector.java:267)
	at org.springframework.web.filter.CompositeFilter$VirtualFilterChain.doFilter(CompositeFilter.java:113)
	at org.springframework.web.filter.CompositeFilter.doFilter(CompositeFilter.java:74)
	at org.springframework.security.config.annotation.web.configuration.WebMvcSecurityConfiguration$CompositeFilterChainProxy.doFilter(WebMvcSecurityConfiguration.java:240)
	at org.springframework.web.filter.DelegatingFilterProxy.invokeDelegate(DelegatingFilterProxy.java:362)
	at org.springframework.web.filter.DelegatingFilterProxy.doFilter(DelegatingFilterProxy.java:278)
	at org.apache.catalina.core.ApplicationFilterChain.internalDoFilter(ApplicationFilterChain.java:164)
	at org.apache.catalina.core.ApplicationFilterChain.doFilter(ApplicationFilterChain.java:140)
	at org.springframework.web.filter.RequestContextFilter.doFilterInternal(RequestContextFilter.java:100)
	at org.springframework.web.filter.OncePerRequestFilter.doFilter(OncePerRequestFilter.java:116)
	at org.apache.catalina.core.ApplicationFilterChain.internalDoFilter(ApplicationFilterChain.java:164)
	at org.apache.catalina.core.ApplicationFilterChain.doFilter(ApplicationFilterChain.java:140)
	at org.springframework.web.filter.FormContentFilter.doFilterInternal(FormContentFilter.java:93)
	at org.springframework.web.filter.OncePerRequestFilter.doFilter(OncePerRequestFilter.java:116)
	at org.apache.catalina.core.ApplicationFilterChain.internalDoFilter(ApplicationFilterChain.java:164)
	at org.apache.catalina.core.ApplicationFilterChain.doFilter(ApplicationFilterChain.java:140)
	at org.springframework.web.filter.CharacterEncodingFilter.doFilterInternal(CharacterEncodingFilter.java:201)
	at org.springframework.web.filter.OncePerRequestFilter.doFilter(OncePerRequestFilter.java:116)
	at org.apache.catalina.core.ApplicationFilterChain.internalDoFilter(ApplicationFilterChain.java:164)
	at org.apache.catalina.core.ApplicationFilterChain.doFilter(ApplicationFilterChain.java:140)
	at org.apache.catalina.core.StandardWrapperValve.invoke(StandardWrapperValve.java:167)
	at org.apache.catalina.core.StandardContextValve.invoke(StandardContextValve.java:90)
	at org.apache.catalina.authenticator.AuthenticatorBase.invoke(AuthenticatorBase.java:483)
	at org.apache.catalina.core.StandardHostValve.invoke(StandardHostValve.java:116)
	at org.apache.catalina.valves.ErrorReportValve.invoke(ErrorReportValve.java:93)
	at org.apache.catalina.core.StandardEngineValve.invoke(StandardEngineValve.java:74)
	at org.apache.catalina.connector.CoyoteAdapter.service(CoyoteAdapter.java:344)
	at org.apache.coyote.http11.Http11Processor.service(Http11Processor.java:398)
	at org.apache.coyote.AbstractProcessorLight.process(AbstractProcessorLight.java:63)
	at org.apache.coyote.AbstractProtocol$ConnectionHandler.process(AbstractProtocol.java:903)
	at org.apache.tomcat.util.net.NioEndpoint$SocketProcessor.doRun(NioEndpoint.java:1769)
	at org.apache.tomcat.util.net.SocketProcessorBase.run(SocketProcessorBase.java:52)
	at org.apache.tomcat.util.threads.ThreadPoolExecutor.runWorker(ThreadPoolExecutor.java:1189)
	at org.apache.tomcat.util.threads.ThreadPoolExecutor$Worker.run(ThreadPoolExecutor.java:658)
	at org.apache.tomcat.util.threads.TaskThread$WrappingRunnable.run(TaskThread.java:63)
	at java.base/java.lang.Thread.run(Thread.java:842)
2025-08-03 22:59:17.315 [http-nio-9090-exec-10] ERROR c.e.c.k.p.controller.MenuController - Error type: RuntimeException
2025-08-03 22:59:17.315 [http-nio-9090-exec-10] ERROR c.e.c.k.p.controller.MenuController - Error message: User is not properly authenticated
2025-08-03 22:59:17.316 [http-nio-9090-exec-10] DEBUG o.s.w.s.m.m.a.HttpEntityMethodProcessor - Using 'application/json', given [application/json] and supported [application/json, application/*+json]
2025-08-03 22:59:17.316 [http-nio-9090-exec-10] DEBUG o.s.w.s.m.m.a.HttpEntityMethodProcessor - Writing [ApiResponseDto(success=false, message=Error creating category: User is not properly authenticated, e (truncated)...]
2025-08-03 22:59:17.317 [http-nio-9090-exec-10] DEBUG o.s.o.j.s.OpenEntityManagerInViewInterceptor - Closing JPA EntityManager in OpenEntityManagerInViewInterceptor
2025-08-03 22:59:17.317 [http-nio-9090-exec-10] DEBUG o.s.web.servlet.DispatcherServlet - Completed 500 INTERNAL_SERVER_ERROR
2025-08-03 22:59:27.798 [HikariPool-1:housekeeper] DEBUG com.zaxxer.hikari.pool.HikariPool - HikariPool-1 - Before cleanup stats (total=5/10, idle=5/5, active=0, waiting=0)
2025-08-03 22:59:27.799 [HikariPool-1:housekeeper] DEBUG com.zaxxer.hikari.pool.HikariPool - HikariPool-1 - After  cleanup stats (total=5/10, idle=5/5, active=0, waiting=0)
2025-08-03 22:59:27.799 [HikariPool-1:housekeeper] DEBUG com.zaxxer.hikari.pool.HikariPool - HikariPool-1 - Fill pool skipped, pool has sufficient level or currently being filled.
2025-08-03 22:59:32.463 [HikariPool-1:housekeeper] DEBUG com.zaxxer.hikari.pool.HikariPool - HikariPool-1 - keepalive: connection oracle.jdbc.driver.T4CConnection@3cbdf926 is alive
2025-08-03 22:59:57.802 [HikariPool-1:housekeeper] DEBUG com.zaxxer.hikari.pool.HikariPool - HikariPool-1 - Before cleanup stats (total=5/10, idle=5/5, active=0, waiting=0)
2025-08-03 22:59:57.803 [HikariPool-1:housekeeper] DEBUG com.zaxxer.hikari.pool.HikariPool - HikariPool-1 - After  cleanup stats (total=5/10, idle=5/5, active=0, waiting=0)
2025-08-03 22:59:57.803 [HikariPool-1:housekeeper] DEBUG com.zaxxer.hikari.pool.HikariPool - HikariPool-1 - Fill pool skipped, pool has sufficient level or currently being filled.
2025-08-03 23:00:02.673 [HikariPool-1:housekeeper] DEBUG com.zaxxer.hikari.pool.HikariPool - HikariPool-1 - keepalive: connection oracle.jdbc.driver.T4CConnection@3509f81c is alive
2025-08-03 23:00:09.052 [HikariPool-1:housekeeper] DEBUG com.zaxxer.hikari.pool.HikariPool - HikariPool-1 - keepalive: connection oracle.jdbc.driver.T4CConnection@4d896397 is alive
2025-08-03 23:00:14.847 [HikariPool-1:housekeeper] DEBUG com.zaxxer.hikari.pool.HikariPool - HikariPool-1 - keepalive: connection oracle.jdbc.driver.T4CConnection@61a7b052 is alive
2025-08-03 23:00:27.804 [HikariPool-1:housekeeper] DEBUG com.zaxxer.hikari.pool.HikariPool - HikariPool-1 - Before cleanup stats (total=5/10, idle=5/5, active=0, waiting=0)
2025-08-03 23:00:27.804 [HikariPool-1:housekeeper] DEBUG com.zaxxer.hikari.pool.HikariPool - HikariPool-1 - After  cleanup stats (total=5/10, idle=5/5, active=0, waiting=0)
2025-08-03 23:00:27.805 [HikariPool-1:housekeeper] DEBUG com.zaxxer.hikari.pool.HikariPool - HikariPool-1 - Fill pool skipped, pool has sufficient level or currently being filled.
2025-08-03 23:00:34.604 [HikariPool-1:housekeeper] DEBUG com.zaxxer.hikari.pool.HikariPool - HikariPool-1 - keepalive: connection oracle.jdbc.driver.T4CConnection@51813065 is alive
2025-08-03 23:00:36.565 [http-nio-9090-exec-4] DEBUG o.s.security.web.FilterChainProxy - Securing GET /api/menu/categories?vendorId=2
2025-08-03 23:00:36.568 [http-nio-9090-exec-4] DEBUG c.e.c.k.p.c.JwtAuthenticationFilter - Extracted token from Bearer Authorization header
2025-08-03 23:00:36.570 [http-nio-9090-exec-6] DEBUG o.s.security.web.FilterChainProxy - Securing GET /api/orders?vendorId=2&status=pending
2025-08-03 23:00:36.567 [http-nio-9090-exec-2] DEBUG o.s.security.web.FilterChainProxy - Securing GET /api/menu/items?vendorId=2
2025-08-03 23:00:36.572 [http-nio-9090-exec-2] DEBUG c.e.c.k.p.c.JwtAuthenticationFilter - Extracted token from Bearer Authorization header
2025-08-03 23:00:36.570 [http-nio-9090-exec-3] DEBUG o.s.security.web.FilterChainProxy - Securing GET /api/menu/categories?vendorId=2
2025-08-03 23:00:36.573 [http-nio-9090-exec-3] DEBUG c.e.c.k.p.c.JwtAuthenticationFilter - Extracted token from Bearer Authorization header
2025-08-03 23:00:36.576 [http-nio-9090-exec-6] DEBUG c.e.c.k.p.c.JwtAuthenticationFilter - Extracted token from Bearer Authorization header
2025-08-03 23:00:36.584 [http-nio-9090-exec-8] DEBUG o.s.security.web.FilterChainProxy - Securing GET /api/analytics/revenue/overview?vendorId=2&period=today
2025-08-03 23:00:36.585 [http-nio-9090-exec-8] DEBUG c.e.c.k.p.c.JwtAuthenticationFilter - Extracted token from Bearer Authorization header
2025-08-03 23:00:36.586 [http-nio-9090-exec-4] WARN  c.e.c.k.p.service.JwtTokenService - JWT token is expired: JWT expired at 2025-08-03T17:14:14Z. Current time: 2025-08-03T17:30:36Z, a difference of 982586 milliseconds.  Allowed clock skew: 0 milliseconds.
2025-08-03 23:00:36.586 [http-nio-9090-exec-4] ERROR c.e.c.k.p.c.JwtAuthenticationFilter - Error processing JWT token
io.jsonwebtoken.ExpiredJwtException: JWT expired at 2025-08-03T17:14:14Z. Current time: 2025-08-03T17:30:36Z, a difference of 982586 milliseconds.  Allowed clock skew: 0 milliseconds.
	at io.jsonwebtoken.impl.DefaultJwtParser.parse(DefaultJwtParser.java:427)
	at io.jsonwebtoken.impl.DefaultJwtParser.parse(DefaultJwtParser.java:529)
	at io.jsonwebtoken.impl.DefaultJwtParser.parseClaimsJws(DefaultJwtParser.java:589)
	at io.jsonwebtoken.impl.ImmutableJwtParser.parseClaimsJws(ImmutableJwtParser.java:173)
	at com.example.crave.kitchen.portal.service.JwtTokenService.extractAllClaims(JwtTokenService.java:140)
	at com.example.crave.kitchen.portal.service.JwtTokenService.extractClaim(JwtTokenService.java:128)
	at com.example.crave.kitchen.portal.service.JwtTokenService.extractEmail(JwtTokenService.java:114)
	at com.example.crave.kitchen.portal.config.JwtAuthenticationFilter.doFilterInternal(JwtAuthenticationFilter.java:63)
	at org.springframework.web.filter.OncePerRequestFilter.doFilter(OncePerRequestFilter.java:116)
	at org.springframework.security.web.FilterChainProxy$VirtualFilterChain.doFilter(FilterChainProxy.java:374)
	at org.springframework.security.web.authentication.logout.LogoutFilter.doFilter(LogoutFilter.java:107)
	at org.springframework.security.web.authentication.logout.LogoutFilter.doFilter(LogoutFilter.java:93)
	at org.springframework.security.web.FilterChainProxy$VirtualFilterChain.doFilter(FilterChainProxy.java:374)
	at org.springframework.security.web.header.HeaderWriterFilter.doHeadersAfter(HeaderWriterFilter.java:90)
	at org.springframework.security.web.header.HeaderWriterFilter.doFilterInternal(HeaderWriterFilter.java:75)
	at org.springframework.web.filter.OncePerRequestFilter.doFilter(OncePerRequestFilter.java:116)
	at org.springframework.security.web.FilterChainProxy$VirtualFilterChain.doFilter(FilterChainProxy.java:374)
	at org.springframework.security.web.context.SecurityContextHolderFilter.doFilter(SecurityContextHolderFilter.java:82)
	at org.springframework.security.web.context.SecurityContextHolderFilter.doFilter(SecurityContextHolderFilter.java:69)
	at org.springframework.security.web.FilterChainProxy$VirtualFilterChain.doFilter(FilterChainProxy.java:374)
	at org.springframework.security.web.context.request.async.WebAsyncManagerIntegrationFilter.doFilterInternal(WebAsyncManagerIntegrationFilter.java:62)
	at org.springframework.web.filter.OncePerRequestFilter.doFilter(OncePerRequestFilter.java:116)
	at org.springframework.security.web.FilterChainProxy$VirtualFilterChain.doFilter(FilterChainProxy.java:374)
	at org.springframework.security.web.session.DisableEncodeUrlFilter.doFilterInternal(DisableEncodeUrlFilter.java:42)
	at org.springframework.web.filter.OncePerRequestFilter.doFilter(OncePerRequestFilter.java:116)
	at org.springframework.security.web.FilterChainProxy$VirtualFilterChain.doFilter(FilterChainProxy.java:374)
	at org.springframework.security.web.FilterChainProxy.doFilterInternal(FilterChainProxy.java:233)
	at org.springframework.security.web.FilterChainProxy.doFilter(FilterChainProxy.java:191)
	at org.springframework.web.filter.CompositeFilter$VirtualFilterChain.doFilter(CompositeFilter.java:113)
	at org.springframework.web.filter.ServletRequestPathFilter.doFilter(ServletRequestPathFilter.java:52)
	at org.springframework.web.filter.CompositeFilter$VirtualFilterChain.doFilter(CompositeFilter.java:113)
	at org.springframework.web.filter.CompositeFilter.doFilter(CompositeFilter.java:74)
	at org.springframework.security.config.annotation.web.configuration.WebSecurityConfiguration$CompositeFilterChainProxy.doFilter(WebSecurityConfiguration.java:319)
	at org.springframework.web.filter.CompositeFilter$VirtualFilterChain.doFilter(CompositeFilter.java:113)
	at org.springframework.web.servlet.handler.HandlerMappingIntrospector.lambda$createCacheFilter$4(HandlerMappingIntrospector.java:267)
	at org.springframework.web.filter.CompositeFilter$VirtualFilterChain.doFilter(CompositeFilter.java:113)
	at org.springframework.web.filter.CompositeFilter.doFilter(CompositeFilter.java:74)
	at org.springframework.security.config.annotation.web.configuration.WebMvcSecurityConfiguration$CompositeFilterChainProxy.doFilter(WebMvcSecurityConfiguration.java:240)
	at org.springframework.web.filter.DelegatingFilterProxy.invokeDelegate(DelegatingFilterProxy.java:362)
	at org.springframework.web.filter.DelegatingFilterProxy.doFilter(DelegatingFilterProxy.java:278)
	at org.apache.catalina.core.ApplicationFilterChain.internalDoFilter(ApplicationFilterChain.java:164)
	at org.apache.catalina.core.ApplicationFilterChain.doFilter(ApplicationFilterChain.java:140)
	at org.springframework.web.filter.RequestContextFilter.doFilterInternal(RequestContextFilter.java:100)
	at org.springframework.web.filter.OncePerRequestFilter.doFilter(OncePerRequestFilter.java:116)
	at org.apache.catalina.core.ApplicationFilterChain.internalDoFilter(ApplicationFilterChain.java:164)
	at org.apache.catalina.core.ApplicationFilterChain.doFilter(ApplicationFilterChain.java:140)
	at org.springframework.web.filter.FormContentFilter.doFilterInternal(FormContentFilter.java:93)
	at org.springframework.web.filter.OncePerRequestFilter.doFilter(OncePerRequestFilter.java:116)
	at org.apache.catalina.core.ApplicationFilterChain.internalDoFilter(ApplicationFilterChain.java:164)
	at org.apache.catalina.core.ApplicationFilterChain.doFilter(ApplicationFilterChain.java:140)
	at org.springframework.web.filter.CharacterEncodingFilter.doFilterInternal(CharacterEncodingFilter.java:201)
	at org.springframework.web.filter.OncePerRequestFilter.doFilter(OncePerRequestFilter.java:116)
	at org.apache.catalina.core.ApplicationFilterChain.internalDoFilter(ApplicationFilterChain.java:164)
	at org.apache.catalina.core.ApplicationFilterChain.doFilter(ApplicationFilterChain.java:140)
	at org.apache.catalina.core.StandardWrapperValve.invoke(StandardWrapperValve.java:167)
	at org.apache.catalina.core.StandardContextValve.invoke(StandardContextValve.java:90)
	at org.apache.catalina.authenticator.AuthenticatorBase.invoke(AuthenticatorBase.java:483)
	at org.apache.catalina.core.StandardHostValve.invoke(StandardHostValve.java:116)
	at org.apache.catalina.valves.ErrorReportValve.invoke(ErrorReportValve.java:93)
	at org.apache.catalina.core.StandardEngineValve.invoke(StandardEngineValve.java:74)
	at org.apache.catalina.connector.CoyoteAdapter.service(CoyoteAdapter.java:344)
	at org.apache.coyote.http11.Http11Processor.service(Http11Processor.java:398)
	at org.apache.coyote.AbstractProcessorLight.process(AbstractProcessorLight.java:63)
	at org.apache.coyote.AbstractProtocol$ConnectionHandler.process(AbstractProtocol.java:903)
	at org.apache.tomcat.util.net.NioEndpoint$SocketProcessor.doRun(NioEndpoint.java:1769)
	at org.apache.tomcat.util.net.SocketProcessorBase.run(SocketProcessorBase.java:52)
	at org.apache.tomcat.util.threads.ThreadPoolExecutor.runWorker(ThreadPoolExecutor.java:1189)
	at org.apache.tomcat.util.threads.ThreadPoolExecutor$Worker.run(ThreadPoolExecutor.java:658)
	at org.apache.tomcat.util.threads.TaskThread$WrappingRunnable.run(TaskThread.java:63)
	at java.base/java.lang.Thread.run(Thread.java:842)
2025-08-03 23:00:36.592 [http-nio-9090-exec-2] WARN  c.e.c.k.p.service.JwtTokenService - JWT token is expired: JWT expired at 2025-08-03T17:14:14Z. Current time: 2025-08-03T17:30:36Z, a difference of 982592 milliseconds.  Allowed clock skew: 0 milliseconds.
2025-08-03 23:00:36.592 [http-nio-9090-exec-2] ERROR c.e.c.k.p.c.JwtAuthenticationFilter - Error processing JWT token
io.jsonwebtoken.ExpiredJwtException: JWT expired at 2025-08-03T17:14:14Z. Current time: 2025-08-03T17:30:36Z, a difference of 982592 milliseconds.  Allowed clock skew: 0 milliseconds.
	at io.jsonwebtoken.impl.DefaultJwtParser.parse(DefaultJwtParser.java:427)
	at io.jsonwebtoken.impl.DefaultJwtParser.parse(DefaultJwtParser.java:529)
	at io.jsonwebtoken.impl.DefaultJwtParser.parseClaimsJws(DefaultJwtParser.java:589)
	at io.jsonwebtoken.impl.ImmutableJwtParser.parseClaimsJws(ImmutableJwtParser.java:173)
	at com.example.crave.kitchen.portal.service.JwtTokenService.extractAllClaims(JwtTokenService.java:140)
	at com.example.crave.kitchen.portal.service.JwtTokenService.extractClaim(JwtTokenService.java:128)
	at com.example.crave.kitchen.portal.service.JwtTokenService.extractEmail(JwtTokenService.java:114)
	at com.example.crave.kitchen.portal.config.JwtAuthenticationFilter.doFilterInternal(JwtAuthenticationFilter.java:63)
	at org.springframework.web.filter.OncePerRequestFilter.doFilter(OncePerRequestFilter.java:116)
	at org.springframework.security.web.FilterChainProxy$VirtualFilterChain.doFilter(FilterChainProxy.java:374)
	at org.springframework.security.web.authentication.logout.LogoutFilter.doFilter(LogoutFilter.java:107)
	at org.springframework.security.web.authentication.logout.LogoutFilter.doFilter(LogoutFilter.java:93)
	at org.springframework.security.web.FilterChainProxy$VirtualFilterChain.doFilter(FilterChainProxy.java:374)
	at org.springframework.security.web.header.HeaderWriterFilter.doHeadersAfter(HeaderWriterFilter.java:90)
	at org.springframework.security.web.header.HeaderWriterFilter.doFilterInternal(HeaderWriterFilter.java:75)
	at org.springframework.web.filter.OncePerRequestFilter.doFilter(OncePerRequestFilter.java:116)
	at org.springframework.security.web.FilterChainProxy$VirtualFilterChain.doFilter(FilterChainProxy.java:374)
	at org.springframework.security.web.context.SecurityContextHolderFilter.doFilter(SecurityContextHolderFilter.java:82)
	at org.springframework.security.web.context.SecurityContextHolderFilter.doFilter(SecurityContextHolderFilter.java:69)
	at org.springframework.security.web.FilterChainProxy$VirtualFilterChain.doFilter(FilterChainProxy.java:374)
	at org.springframework.security.web.context.request.async.WebAsyncManagerIntegrationFilter.doFilterInternal(WebAsyncManagerIntegrationFilter.java:62)
	at org.springframework.web.filter.OncePerRequestFilter.doFilter(OncePerRequestFilter.java:116)
	at org.springframework.security.web.FilterChainProxy$VirtualFilterChain.doFilter(FilterChainProxy.java:374)
	at org.springframework.security.web.session.DisableEncodeUrlFilter.doFilterInternal(DisableEncodeUrlFilter.java:42)
	at org.springframework.web.filter.OncePerRequestFilter.doFilter(OncePerRequestFilter.java:116)
	at org.springframework.security.web.FilterChainProxy$VirtualFilterChain.doFilter(FilterChainProxy.java:374)
	at org.springframework.security.web.FilterChainProxy.doFilterInternal(FilterChainProxy.java:233)
	at org.springframework.security.web.FilterChainProxy.doFilter(FilterChainProxy.java:191)
	at org.springframework.web.filter.CompositeFilter$VirtualFilterChain.doFilter(CompositeFilter.java:113)
	at org.springframework.web.filter.ServletRequestPathFilter.doFilter(ServletRequestPathFilter.java:52)
	at org.springframework.web.filter.CompositeFilter$VirtualFilterChain.doFilter(CompositeFilter.java:113)
	at org.springframework.web.filter.CompositeFilter.doFilter(CompositeFilter.java:74)
	at org.springframework.security.config.annotation.web.configuration.WebSecurityConfiguration$CompositeFilterChainProxy.doFilter(WebSecurityConfiguration.java:319)
	at org.springframework.web.filter.CompositeFilter$VirtualFilterChain.doFilter(CompositeFilter.java:113)
	at org.springframework.web.servlet.handler.HandlerMappingIntrospector.lambda$createCacheFilter$4(HandlerMappingIntrospector.java:267)
	at org.springframework.web.filter.CompositeFilter$VirtualFilterChain.doFilter(CompositeFilter.java:113)
	at org.springframework.web.filter.CompositeFilter.doFilter(CompositeFilter.java:74)
	at org.springframework.security.config.annotation.web.configuration.WebMvcSecurityConfiguration$CompositeFilterChainProxy.doFilter(WebMvcSecurityConfiguration.java:240)
	at org.springframework.web.filter.DelegatingFilterProxy.invokeDelegate(DelegatingFilterProxy.java:362)
	at org.springframework.web.filter.DelegatingFilterProxy.doFilter(DelegatingFilterProxy.java:278)
	at org.apache.catalina.core.ApplicationFilterChain.internalDoFilter(ApplicationFilterChain.java:164)
	at org.apache.catalina.core.ApplicationFilterChain.doFilter(ApplicationFilterChain.java:140)
	at org.springframework.web.filter.RequestContextFilter.doFilterInternal(RequestContextFilter.java:100)
	at org.springframework.web.filter.OncePerRequestFilter.doFilter(OncePerRequestFilter.java:116)
	at org.apache.catalina.core.ApplicationFilterChain.internalDoFilter(ApplicationFilterChain.java:164)
	at org.apache.catalina.core.ApplicationFilterChain.doFilter(ApplicationFilterChain.java:140)
	at org.springframework.web.filter.FormContentFilter.doFilterInternal(FormContentFilter.java:93)
	at org.springframework.web.filter.OncePerRequestFilter.doFilter(OncePerRequestFilter.java:116)
	at org.apache.catalina.core.ApplicationFilterChain.internalDoFilter(ApplicationFilterChain.java:164)
	at org.apache.catalina.core.ApplicationFilterChain.doFilter(ApplicationFilterChain.java:140)
	at org.springframework.web.filter.CharacterEncodingFilter.doFilterInternal(CharacterEncodingFilter.java:201)
	at org.springframework.web.filter.OncePerRequestFilter.doFilter(OncePerRequestFilter.java:116)
	at org.apache.catalina.core.ApplicationFilterChain.internalDoFilter(ApplicationFilterChain.java:164)
	at org.apache.catalina.core.ApplicationFilterChain.doFilter(ApplicationFilterChain.java:140)
	at org.apache.catalina.core.StandardWrapperValve.invoke(StandardWrapperValve.java:167)
	at org.apache.catalina.core.StandardContextValve.invoke(StandardContextValve.java:90)
	at org.apache.catalina.authenticator.AuthenticatorBase.invoke(AuthenticatorBase.java:483)
	at org.apache.catalina.core.StandardHostValve.invoke(StandardHostValve.java:116)
	at org.apache.catalina.valves.ErrorReportValve.invoke(ErrorReportValve.java:93)
	at org.apache.catalina.core.StandardEngineValve.invoke(StandardEngineValve.java:74)
	at org.apache.catalina.connector.CoyoteAdapter.service(CoyoteAdapter.java:344)
	at org.apache.coyote.http11.Http11Processor.service(Http11Processor.java:398)
	at org.apache.coyote.AbstractProcessorLight.process(AbstractProcessorLight.java:63)
	at org.apache.coyote.AbstractProtocol$ConnectionHandler.process(AbstractProtocol.java:903)
	at org.apache.tomcat.util.net.NioEndpoint$SocketProcessor.doRun(NioEndpoint.java:1769)
	at org.apache.tomcat.util.net.SocketProcessorBase.run(SocketProcessorBase.java:52)
	at org.apache.tomcat.util.threads.ThreadPoolExecutor.runWorker(ThreadPoolExecutor.java:1189)
	at org.apache.tomcat.util.threads.ThreadPoolExecutor$Worker.run(ThreadPoolExecutor.java:658)
	at org.apache.tomcat.util.threads.TaskThread$WrappingRunnable.run(TaskThread.java:63)
	at java.base/java.lang.Thread.run(Thread.java:842)
2025-08-03 23:00:36.593 [http-nio-9090-exec-2] DEBUG o.s.s.w.a.AnonymousAuthenticationFilter - Set SecurityContextHolder to anonymous SecurityContext
2025-08-03 23:00:36.594 [http-nio-9090-exec-2] DEBUG o.s.security.web.FilterChainProxy - Secured GET /api/menu/items?vendorId=2
2025-08-03 23:00:36.594 [http-nio-9090-exec-8] WARN  c.e.c.k.p.service.JwtTokenService - JWT token is expired: JWT expired at 2025-08-03T17:14:14Z. Current time: 2025-08-03T17:30:36Z, a difference of 982594 milliseconds.  Allowed clock skew: 0 milliseconds.
2025-08-03 23:00:36.594 [http-nio-9090-exec-2] DEBUG o.s.web.servlet.DispatcherServlet - GET "/api/menu/items?vendorId=2", parameters={masked}
2025-08-03 23:00:36.594 [http-nio-9090-exec-8] ERROR c.e.c.k.p.c.JwtAuthenticationFilter - Error processing JWT token
io.jsonwebtoken.ExpiredJwtException: JWT expired at 2025-08-03T17:14:14Z. Current time: 2025-08-03T17:30:36Z, a difference of 982594 milliseconds.  Allowed clock skew: 0 milliseconds.
	at io.jsonwebtoken.impl.DefaultJwtParser.parse(DefaultJwtParser.java:427)
	at io.jsonwebtoken.impl.DefaultJwtParser.parse(DefaultJwtParser.java:529)
	at io.jsonwebtoken.impl.DefaultJwtParser.parseClaimsJws(DefaultJwtParser.java:589)
	at io.jsonwebtoken.impl.ImmutableJwtParser.parseClaimsJws(ImmutableJwtParser.java:173)
	at com.example.crave.kitchen.portal.service.JwtTokenService.extractAllClaims(JwtTokenService.java:140)
	at com.example.crave.kitchen.portal.service.JwtTokenService.extractClaim(JwtTokenService.java:128)
	at com.example.crave.kitchen.portal.service.JwtTokenService.extractEmail(JwtTokenService.java:114)
	at com.example.crave.kitchen.portal.config.JwtAuthenticationFilter.doFilterInternal(JwtAuthenticationFilter.java:63)
	at org.springframework.web.filter.OncePerRequestFilter.doFilter(OncePerRequestFilter.java:116)
	at org.springframework.security.web.FilterChainProxy$VirtualFilterChain.doFilter(FilterChainProxy.java:374)
	at org.springframework.security.web.authentication.logout.LogoutFilter.doFilter(LogoutFilter.java:107)
	at org.springframework.security.web.authentication.logout.LogoutFilter.doFilter(LogoutFilter.java:93)
	at org.springframework.security.web.FilterChainProxy$VirtualFilterChain.doFilter(FilterChainProxy.java:374)
	at org.springframework.security.web.header.HeaderWriterFilter.doHeadersAfter(HeaderWriterFilter.java:90)
	at org.springframework.security.web.header.HeaderWriterFilter.doFilterInternal(HeaderWriterFilter.java:75)
	at org.springframework.web.filter.OncePerRequestFilter.doFilter(OncePerRequestFilter.java:116)
	at org.springframework.security.web.FilterChainProxy$VirtualFilterChain.doFilter(FilterChainProxy.java:374)
	at org.springframework.security.web.context.SecurityContextHolderFilter.doFilter(SecurityContextHolderFilter.java:82)
	at org.springframework.security.web.context.SecurityContextHolderFilter.doFilter(SecurityContextHolderFilter.java:69)
	at org.springframework.security.web.FilterChainProxy$VirtualFilterChain.doFilter(FilterChainProxy.java:374)
	at org.springframework.security.web.context.request.async.WebAsyncManagerIntegrationFilter.doFilterInternal(WebAsyncManagerIntegrationFilter.java:62)
	at org.springframework.web.filter.OncePerRequestFilter.doFilter(OncePerRequestFilter.java:116)
	at org.springframework.security.web.FilterChainProxy$VirtualFilterChain.doFilter(FilterChainProxy.java:374)
	at org.springframework.security.web.session.DisableEncodeUrlFilter.doFilterInternal(DisableEncodeUrlFilter.java:42)
	at org.springframework.web.filter.OncePerRequestFilter.doFilter(OncePerRequestFilter.java:116)
	at org.springframework.security.web.FilterChainProxy$VirtualFilterChain.doFilter(FilterChainProxy.java:374)
	at org.springframework.security.web.FilterChainProxy.doFilterInternal(FilterChainProxy.java:233)
	at org.springframework.security.web.FilterChainProxy.doFilter(FilterChainProxy.java:191)
	at org.springframework.web.filter.CompositeFilter$VirtualFilterChain.doFilter(CompositeFilter.java:113)
	at org.springframework.web.filter.ServletRequestPathFilter.doFilter(ServletRequestPathFilter.java:52)
	at org.springframework.web.filter.CompositeFilter$VirtualFilterChain.doFilter(CompositeFilter.java:113)
	at org.springframework.web.filter.CompositeFilter.doFilter(CompositeFilter.java:74)
	at org.springframework.security.config.annotation.web.configuration.WebSecurityConfiguration$CompositeFilterChainProxy.doFilter(WebSecurityConfiguration.java:319)
	at org.springframework.web.filter.CompositeFilter$VirtualFilterChain.doFilter(CompositeFilter.java:113)
	at org.springframework.web.servlet.handler.HandlerMappingIntrospector.lambda$createCacheFilter$4(HandlerMappingIntrospector.java:267)
	at org.springframework.web.filter.CompositeFilter$VirtualFilterChain.doFilter(CompositeFilter.java:113)
	at org.springframework.web.filter.CompositeFilter.doFilter(CompositeFilter.java:74)
	at org.springframework.security.config.annotation.web.configuration.WebMvcSecurityConfiguration$CompositeFilterChainProxy.doFilter(WebMvcSecurityConfiguration.java:240)
	at org.springframework.web.filter.DelegatingFilterProxy.invokeDelegate(DelegatingFilterProxy.java:362)
	at org.springframework.web.filter.DelegatingFilterProxy.doFilter(DelegatingFilterProxy.java:278)
	at org.apache.catalina.core.ApplicationFilterChain.internalDoFilter(ApplicationFilterChain.java:164)
	at org.apache.catalina.core.ApplicationFilterChain.doFilter(ApplicationFilterChain.java:140)
	at org.springframework.web.filter.RequestContextFilter.doFilterInternal(RequestContextFilter.java:100)
	at org.springframework.web.filter.OncePerRequestFilter.doFilter(OncePerRequestFilter.java:116)
	at org.apache.catalina.core.ApplicationFilterChain.internalDoFilter(ApplicationFilterChain.java:164)
	at org.apache.catalina.core.ApplicationFilterChain.doFilter(ApplicationFilterChain.java:140)
	at org.springframework.web.filter.FormContentFilter.doFilterInternal(FormContentFilter.java:93)
	at org.springframework.web.filter.OncePerRequestFilter.doFilter(OncePerRequestFilter.java:116)
	at org.apache.catalina.core.ApplicationFilterChain.internalDoFilter(ApplicationFilterChain.java:164)
	at org.apache.catalina.core.ApplicationFilterChain.doFilter(ApplicationFilterChain.java:140)
	at org.springframework.web.filter.CharacterEncodingFilter.doFilterInternal(CharacterEncodingFilter.java:201)
	at org.springframework.web.filter.OncePerRequestFilter.doFilter(OncePerRequestFilter.java:116)
	at org.apache.catalina.core.ApplicationFilterChain.internalDoFilter(ApplicationFilterChain.java:164)
	at org.apache.catalina.core.ApplicationFilterChain.doFilter(ApplicationFilterChain.java:140)
	at org.apache.catalina.core.StandardWrapperValve.invoke(StandardWrapperValve.java:167)
	at org.apache.catalina.core.StandardContextValve.invoke(StandardContextValve.java:90)
	at org.apache.catalina.authenticator.AuthenticatorBase.invoke(AuthenticatorBase.java:483)
	at org.apache.catalina.core.StandardHostValve.invoke(StandardHostValve.java:116)
	at org.apache.catalina.valves.ErrorReportValve.invoke(ErrorReportValve.java:93)
	at org.apache.catalina.core.StandardEngineValve.invoke(StandardEngineValve.java:74)
	at org.apache.catalina.connector.CoyoteAdapter.service(CoyoteAdapter.java:344)
	at org.apache.coyote.http11.Http11Processor.service(Http11Processor.java:398)
	at org.apache.coyote.AbstractProcessorLight.process(AbstractProcessorLight.java:63)
	at org.apache.coyote.AbstractProtocol$ConnectionHandler.process(AbstractProtocol.java:903)
	at org.apache.tomcat.util.net.NioEndpoint$SocketProcessor.doRun(NioEndpoint.java:1769)
	at org.apache.tomcat.util.net.SocketProcessorBase.run(SocketProcessorBase.java:52)
	at org.apache.tomcat.util.threads.ThreadPoolExecutor.runWorker(ThreadPoolExecutor.java:1189)
	at org.apache.tomcat.util.threads.ThreadPoolExecutor$Worker.run(ThreadPoolExecutor.java:658)
	at org.apache.tomcat.util.threads.TaskThread$WrappingRunnable.run(TaskThread.java:63)
	at java.base/java.lang.Thread.run(Thread.java:842)
2025-08-03 23:00:36.595 [http-nio-9090-exec-2] TRACE o.s.w.s.m.m.a.RequestMappingHandlerMapping - Mapped to com.example.crave.kitchen.portal.controller.MenuController#getAllMenuItems(Long, Long, Boolean, Boolean, Boolean, Boolean, Boolean, Boolean, BigDecimal, BigDecimal, String, int, int, String, String)
2025-08-03 23:00:36.596 [http-nio-9090-exec-2] DEBUG o.s.o.j.s.OpenEntityManagerInViewInterceptor - Opening JPA EntityManager in OpenEntityManagerInViewInterceptor
2025-08-03 23:00:36.596 [http-nio-9090-exec-4] DEBUG o.s.s.w.a.AnonymousAuthenticationFilter - Set SecurityContextHolder to anonymous SecurityContext
2025-08-03 23:00:36.596 [http-nio-9090-exec-8] DEBUG o.s.s.w.a.AnonymousAuthenticationFilter - Set SecurityContextHolder to anonymous SecurityContext
2025-08-03 23:00:36.597 [http-nio-9090-exec-8] DEBUG o.s.security.web.FilterChainProxy - Secured GET /api/analytics/revenue/overview?vendorId=2&period=today
2025-08-03 23:00:36.597 [http-nio-9090-exec-4] DEBUG o.s.security.web.FilterChainProxy - Secured GET /api/menu/categories?vendorId=2
2025-08-03 23:00:36.597 [http-nio-9090-exec-4] DEBUG o.s.web.servlet.DispatcherServlet - GET "/api/menu/categories?vendorId=2", parameters={masked}
2025-08-03 23:00:36.597 [http-nio-9090-exec-8] DEBUG o.s.web.servlet.DispatcherServlet - GET "/api/analytics/revenue/overview?vendorId=2&period=today", parameters={masked}
2025-08-03 23:00:36.598 [http-nio-9090-exec-4] TRACE o.s.w.s.m.m.a.RequestMappingHandlerMapping - Mapped to com.example.crave.kitchen.portal.controller.MenuController#getAllCategories(Long, Boolean, Boolean, int, int, String, String)
2025-08-03 23:00:36.598 [http-nio-9090-exec-4] DEBUG o.s.o.j.s.OpenEntityManagerInViewInterceptor - Opening JPA EntityManager in OpenEntityManagerInViewInterceptor
2025-08-03 23:00:36.598 [http-nio-9090-exec-8] DEBUG o.s.w.s.h.SimpleUrlHandlerMapping - Mapped to ResourceHttpRequestHandler [classpath [META-INF/resources/], classpath [resources/], classpath [static/], classpath [public/], ServletContext [/]]
2025-08-03 23:00:36.598 [http-nio-9090-exec-8] DEBUG o.s.o.j.s.OpenEntityManagerInViewInterceptor - Opening JPA EntityManager in OpenEntityManagerInViewInterceptor
2025-08-03 23:00:36.602 [http-nio-9090-exec-2] INFO  c.e.c.k.p.controller.MenuController - GET /api/menu/items - vendorId: 2, categoryId: null, isAvailable: null, isFeatured: null, isVegetarian: null, isVegan: null, isGlutenFree: null, isSpicy: null, minPrice: null, maxPrice: null, searchTerm: null, page: 0, size: 20, sortBy: displayOrder, sortDir: asc
2025-08-03 23:00:36.602 [http-nio-9090-exec-2] DEBUG o.s.orm.jpa.JpaTransactionManager - Found thread-bound EntityManager [SessionImpl(558541469<open>)] for JPA transaction
2025-08-03 23:00:36.603 [http-nio-9090-exec-2] DEBUG o.s.orm.jpa.JpaTransactionManager - Creating new transaction with name [com.example.crave.kitchen.portal.impl.MenuServiceImpl.getAllMenuItems]: PROPAGATION_REQUIRED,ISOLATION_DEFAULT
2025-08-03 23:00:36.604 [http-nio-9090-exec-3] WARN  c.e.c.k.p.service.JwtTokenService - JWT token is expired: JWT expired at 2025-08-03T17:14:14Z. Current time: 2025-08-03T17:30:36Z, a difference of 982604 milliseconds.  Allowed clock skew: 0 milliseconds.
2025-08-03 23:00:36.605 [http-nio-9090-exec-8] DEBUG o.s.w.s.r.ResourceHttpRequestHandler - Resource not found
2025-08-03 23:00:36.609 [http-nio-9090-exec-8] DEBUG o.s.w.s.m.m.a.ExceptionHandlerExceptionResolver - Using @ExceptionHandler com.example.crave.kitchen.portal.exception.GlobalExceptionHandler#handleGlobalException(Exception, WebRequest)
2025-08-03 23:00:36.607 [http-nio-9090-exec-3] ERROR c.e.c.k.p.c.JwtAuthenticationFilter - Error processing JWT token
io.jsonwebtoken.ExpiredJwtException: JWT expired at 2025-08-03T17:14:14Z. Current time: 2025-08-03T17:30:36Z, a difference of 982604 milliseconds.  Allowed clock skew: 0 milliseconds.
	at io.jsonwebtoken.impl.DefaultJwtParser.parse(DefaultJwtParser.java:427)
	at io.jsonwebtoken.impl.DefaultJwtParser.parse(DefaultJwtParser.java:529)
	at io.jsonwebtoken.impl.DefaultJwtParser.parseClaimsJws(DefaultJwtParser.java:589)
	at io.jsonwebtoken.impl.ImmutableJwtParser.parseClaimsJws(ImmutableJwtParser.java:173)
	at com.example.crave.kitchen.portal.service.JwtTokenService.extractAllClaims(JwtTokenService.java:140)
	at com.example.crave.kitchen.portal.service.JwtTokenService.extractClaim(JwtTokenService.java:128)
	at com.example.crave.kitchen.portal.service.JwtTokenService.extractEmail(JwtTokenService.java:114)
	at com.example.crave.kitchen.portal.config.JwtAuthenticationFilter.doFilterInternal(JwtAuthenticationFilter.java:63)
	at org.springframework.web.filter.OncePerRequestFilter.doFilter(OncePerRequestFilter.java:116)
	at org.springframework.security.web.FilterChainProxy$VirtualFilterChain.doFilter(FilterChainProxy.java:374)
	at org.springframework.security.web.authentication.logout.LogoutFilter.doFilter(LogoutFilter.java:107)
	at org.springframework.security.web.authentication.logout.LogoutFilter.doFilter(LogoutFilter.java:93)
	at org.springframework.security.web.FilterChainProxy$VirtualFilterChain.doFilter(FilterChainProxy.java:374)
	at org.springframework.security.web.header.HeaderWriterFilter.doHeadersAfter(HeaderWriterFilter.java:90)
	at org.springframework.security.web.header.HeaderWriterFilter.doFilterInternal(HeaderWriterFilter.java:75)
	at org.springframework.web.filter.OncePerRequestFilter.doFilter(OncePerRequestFilter.java:116)
	at org.springframework.security.web.FilterChainProxy$VirtualFilterChain.doFilter(FilterChainProxy.java:374)
	at org.springframework.security.web.context.SecurityContextHolderFilter.doFilter(SecurityContextHolderFilter.java:82)
	at org.springframework.security.web.context.SecurityContextHolderFilter.doFilter(SecurityContextHolderFilter.java:69)
	at org.springframework.security.web.FilterChainProxy$VirtualFilterChain.doFilter(FilterChainProxy.java:374)
	at org.springframework.security.web.context.request.async.WebAsyncManagerIntegrationFilter.doFilterInternal(WebAsyncManagerIntegrationFilter.java:62)
	at org.springframework.web.filter.OncePerRequestFilter.doFilter(OncePerRequestFilter.java:116)
	at org.springframework.security.web.FilterChainProxy$VirtualFilterChain.doFilter(FilterChainProxy.java:374)
	at org.springframework.security.web.session.DisableEncodeUrlFilter.doFilterInternal(DisableEncodeUrlFilter.java:42)
	at org.springframework.web.filter.OncePerRequestFilter.doFilter(OncePerRequestFilter.java:116)
	at org.springframework.security.web.FilterChainProxy$VirtualFilterChain.doFilter(FilterChainProxy.java:374)
	at org.springframework.security.web.FilterChainProxy.doFilterInternal(FilterChainProxy.java:233)
	at org.springframework.security.web.FilterChainProxy.doFilter(FilterChainProxy.java:191)
	at org.springframework.web.filter.CompositeFilter$VirtualFilterChain.doFilter(CompositeFilter.java:113)
	at org.springframework.web.filter.ServletRequestPathFilter.doFilter(ServletRequestPathFilter.java:52)
	at org.springframework.web.filter.CompositeFilter$VirtualFilterChain.doFilter(CompositeFilter.java:113)
	at org.springframework.web.filter.CompositeFilter.doFilter(CompositeFilter.java:74)
	at org.springframework.security.config.annotation.web.configuration.WebSecurityConfiguration$CompositeFilterChainProxy.doFilter(WebSecurityConfiguration.java:319)
	at org.springframework.web.filter.CompositeFilter$VirtualFilterChain.doFilter(CompositeFilter.java:113)
	at org.springframework.web.servlet.handler.HandlerMappingIntrospector.lambda$createCacheFilter$4(HandlerMappingIntrospector.java:267)
	at org.springframework.web.filter.CompositeFilter$VirtualFilterChain.doFilter(CompositeFilter.java:113)
	at org.springframework.web.filter.CompositeFilter.doFilter(CompositeFilter.java:74)
	at org.springframework.security.config.annotation.web.configuration.WebMvcSecurityConfiguration$CompositeFilterChainProxy.doFilter(WebMvcSecurityConfiguration.java:240)
	at org.springframework.web.filter.DelegatingFilterProxy.invokeDelegate(DelegatingFilterProxy.java:362)
	at org.springframework.web.filter.DelegatingFilterProxy.doFilter(DelegatingFilterProxy.java:278)
	at org.apache.catalina.core.ApplicationFilterChain.internalDoFilter(ApplicationFilterChain.java:164)
	at org.apache.catalina.core.ApplicationFilterChain.doFilter(ApplicationFilterChain.java:140)
	at org.springframework.web.filter.RequestContextFilter.doFilterInternal(RequestContextFilter.java:100)
	at org.springframework.web.filter.OncePerRequestFilter.doFilter(OncePerRequestFilter.java:116)
	at org.apache.catalina.core.ApplicationFilterChain.internalDoFilter(ApplicationFilterChain.java:164)
	at org.apache.catalina.core.ApplicationFilterChain.doFilter(ApplicationFilterChain.java:140)
	at org.springframework.web.filter.FormContentFilter.doFilterInternal(FormContentFilter.java:93)
	at org.springframework.web.filter.OncePerRequestFilter.doFilter(OncePerRequestFilter.java:116)
	at org.apache.catalina.core.ApplicationFilterChain.internalDoFilter(ApplicationFilterChain.java:164)
	at org.apache.catalina.core.ApplicationFilterChain.doFilter(ApplicationFilterChain.java:140)
	at org.springframework.web.filter.CharacterEncodingFilter.doFilterInternal(CharacterEncodingFilter.java:201)
	at org.springframework.web.filter.OncePerRequestFilter.doFilter(OncePerRequestFilter.java:116)
	at org.apache.catalina.core.ApplicationFilterChain.internalDoFilter(ApplicationFilterChain.java:164)
	at org.apache.catalina.core.ApplicationFilterChain.doFilter(ApplicationFilterChain.java:140)
	at org.apache.catalina.core.StandardWrapperValve.invoke(StandardWrapperValve.java:167)
	at org.apache.catalina.core.StandardContextValve.invoke(StandardContextValve.java:90)
	at org.apache.catalina.authenticator.AuthenticatorBase.invoke(AuthenticatorBase.java:483)
	at org.apache.catalina.core.StandardHostValve.invoke(StandardHostValve.java:116)
	at org.apache.catalina.valves.ErrorReportValve.invoke(ErrorReportValve.java:93)
	at org.apache.catalina.core.StandardEngineValve.invoke(StandardEngineValve.java:74)
	at org.apache.catalina.connector.CoyoteAdapter.service(CoyoteAdapter.java:344)
	at org.apache.coyote.http11.Http11Processor.service(Http11Processor.java:398)
	at org.apache.coyote.AbstractProcessorLight.process(AbstractProcessorLight.java:63)
	at org.apache.coyote.AbstractProtocol$ConnectionHandler.process(AbstractProtocol.java:903)
	at org.apache.tomcat.util.net.NioEndpoint$SocketProcessor.doRun(NioEndpoint.java:1769)
	at org.apache.tomcat.util.net.SocketProcessorBase.run(SocketProcessorBase.java:52)
	at org.apache.tomcat.util.threads.ThreadPoolExecutor.runWorker(ThreadPoolExecutor.java:1189)
	at org.apache.tomcat.util.threads.ThreadPoolExecutor$Worker.run(ThreadPoolExecutor.java:658)
	at org.apache.tomcat.util.threads.TaskThread$WrappingRunnable.run(TaskThread.java:63)
	at java.base/java.lang.Thread.run(Thread.java:842)
2025-08-03 23:00:36.615 [http-nio-9090-exec-3] DEBUG o.s.s.w.a.AnonymousAuthenticationFilter - Set SecurityContextHolder to anonymous SecurityContext
2025-08-03 23:00:36.617 [http-nio-9090-exec-8] DEBUG o.s.w.s.m.m.a.HttpEntityMethodProcessor - Using 'application/json', given [application/json] and supported [application/json, application/*+json]
2025-08-03 23:00:36.617 [http-nio-9090-exec-8] DEBUG o.s.w.s.m.m.a.HttpEntityMethodProcessor - Writing [ApiResponseDto(success=false, message=An unexpected error occurred, error=INTERNAL_SERVER_ERROR, tim (truncated)...]
2025-08-03 23:00:36.617 [http-nio-9090-exec-3] DEBUG o.s.security.web.FilterChainProxy - Secured GET /api/menu/categories?vendorId=2
2025-08-03 23:00:36.618 [http-nio-9090-exec-3] DEBUG o.s.web.servlet.DispatcherServlet - GET "/api/menu/categories?vendorId=2", parameters={masked}
2025-08-03 23:00:36.636 [http-nio-9090-exec-3] TRACE o.s.w.s.m.m.a.RequestMappingHandlerMapping - Mapped to com.example.crave.kitchen.portal.controller.MenuController#getAllCategories(Long, Boolean, Boolean, int, int, String, String)
2025-08-03 23:00:36.640 [http-nio-9090-exec-3] DEBUG o.s.o.j.s.OpenEntityManagerInViewInterceptor - Opening JPA EntityManager in OpenEntityManagerInViewInterceptor
2025-08-03 23:00:36.640 [http-nio-9090-exec-4] INFO  c.e.c.k.p.controller.MenuController - === MENU CATEGORIES - GET ALL ===
2025-08-03 23:00:36.640 [http-nio-9090-exec-4] INFO  c.e.c.k.p.controller.MenuController - Request Parameters - vendorId: 2, isActive: null, isFeatured: null, page: 0, size: 20, sortBy: displayOrder, sortDir: asc
2025-08-03 23:00:36.640 [http-nio-9090-exec-4] INFO  c.e.c.k.p.controller.MenuController - Request URL: GET /api/menu/categories
2025-08-03 23:00:36.610 [http-nio-9090-exec-6] WARN  c.e.c.k.p.service.JwtTokenService - JWT token is expired: JWT expired at 2025-08-03T17:14:14Z. Current time: 2025-08-03T17:30:36Z, a difference of 982610 milliseconds.  Allowed clock skew: 0 milliseconds.
2025-08-03 23:00:36.641 [http-nio-9090-exec-4] DEBUG o.s.orm.jpa.JpaTransactionManager - Found thread-bound EntityManager [SessionImpl(1809928065<open>)] for JPA transaction
2025-08-03 23:00:36.641 [http-nio-9090-exec-4] DEBUG o.s.orm.jpa.JpaTransactionManager - Creating new transaction with name [com.example.crave.kitchen.portal.impl.MenuServiceImpl.getAllCategories]: PROPAGATION_REQUIRED,ISOLATION_DEFAULT
2025-08-03 23:00:36.638 [http-nio-9090-exec-8] DEBUG o.s.w.s.m.m.a.ExceptionHandlerExceptionResolver - Resolved [org.springframework.web.servlet.resource.NoResourceFoundException: No static resource api/analytics/revenue/overview.]
2025-08-03 23:00:36.641 [http-nio-9090-exec-8] DEBUG o.s.o.j.s.OpenEntityManagerInViewInterceptor - Closing JPA EntityManager in OpenEntityManagerInViewInterceptor
2025-08-03 23:00:36.642 [http-nio-9090-exec-8] DEBUG o.s.web.servlet.DispatcherServlet - Completed 500 INTERNAL_SERVER_ERROR
2025-08-03 23:00:36.642 [http-nio-9090-exec-2] DEBUG o.s.orm.jpa.JpaTransactionManager - Exposing JPA transaction as JDBC [org.springframework.orm.jpa.vendor.HibernateJpaDialect$HibernateConnectionHandle@61ef961]
2025-08-03 23:00:36.642 [http-nio-9090-exec-2] INFO  c.e.c.k.portal.impl.MenuServiceImpl - Fetching menu items for vendorId: 2, categoryId: null, isAvailable: null, isFeatured: null, isVegetarian: null, isVegan: null, isGlutenFree: null, isSpicy: null, minPrice: null, maxPrice: null, searchTerm: null, page: 0, size: 20
2025-08-03 23:00:36.642 [http-nio-9090-exec-2] DEBUG c.e.c.k.portal.impl.MenuServiceImpl - Oracle pagination parameters - minRow: 0, maxRow: 20, pageSize: 20
2025-08-03 23:00:36.641 [http-nio-9090-exec-6] ERROR c.e.c.k.p.c.JwtAuthenticationFilter - Error processing JWT token
io.jsonwebtoken.ExpiredJwtException: JWT expired at 2025-08-03T17:14:14Z. Current time: 2025-08-03T17:30:36Z, a difference of 982610 milliseconds.  Allowed clock skew: 0 milliseconds.
	at io.jsonwebtoken.impl.DefaultJwtParser.parse(DefaultJwtParser.java:427)
	at io.jsonwebtoken.impl.DefaultJwtParser.parse(DefaultJwtParser.java:529)
	at io.jsonwebtoken.impl.DefaultJwtParser.parseClaimsJws(DefaultJwtParser.java:589)
	at io.jsonwebtoken.impl.ImmutableJwtParser.parseClaimsJws(ImmutableJwtParser.java:173)
	at com.example.crave.kitchen.portal.service.JwtTokenService.extractAllClaims(JwtTokenService.java:140)
	at com.example.crave.kitchen.portal.service.JwtTokenService.extractClaim(JwtTokenService.java:128)
	at com.example.crave.kitchen.portal.service.JwtTokenService.extractEmail(JwtTokenService.java:114)
	at com.example.crave.kitchen.portal.config.JwtAuthenticationFilter.doFilterInternal(JwtAuthenticationFilter.java:63)
	at org.springframework.web.filter.OncePerRequestFilter.doFilter(OncePerRequestFilter.java:116)
	at org.springframework.security.web.FilterChainProxy$VirtualFilterChain.doFilter(FilterChainProxy.java:374)
	at org.springframework.security.web.authentication.logout.LogoutFilter.doFilter(LogoutFilter.java:107)
	at org.springframework.security.web.authentication.logout.LogoutFilter.doFilter(LogoutFilter.java:93)
	at org.springframework.security.web.FilterChainProxy$VirtualFilterChain.doFilter(FilterChainProxy.java:374)
	at org.springframework.security.web.header.HeaderWriterFilter.doHeadersAfter(HeaderWriterFilter.java:90)
	at org.springframework.security.web.header.HeaderWriterFilter.doFilterInternal(HeaderWriterFilter.java:75)
	at org.springframework.web.filter.OncePerRequestFilter.doFilter(OncePerRequestFilter.java:116)
	at org.springframework.security.web.FilterChainProxy$VirtualFilterChain.doFilter(FilterChainProxy.java:374)
	at org.springframework.security.web.context.SecurityContextHolderFilter.doFilter(SecurityContextHolderFilter.java:82)
	at org.springframework.security.web.context.SecurityContextHolderFilter.doFilter(SecurityContextHolderFilter.java:69)
	at org.springframework.security.web.FilterChainProxy$VirtualFilterChain.doFilter(FilterChainProxy.java:374)
	at org.springframework.security.web.context.request.async.WebAsyncManagerIntegrationFilter.doFilterInternal(WebAsyncManagerIntegrationFilter.java:62)
	at org.springframework.web.filter.OncePerRequestFilter.doFilter(OncePerRequestFilter.java:116)
	at org.springframework.security.web.FilterChainProxy$VirtualFilterChain.doFilter(FilterChainProxy.java:374)
	at org.springframework.security.web.session.DisableEncodeUrlFilter.doFilterInternal(DisableEncodeUrlFilter.java:42)
	at org.springframework.web.filter.OncePerRequestFilter.doFilter(OncePerRequestFilter.java:116)
	at org.springframework.security.web.FilterChainProxy$VirtualFilterChain.doFilter(FilterChainProxy.java:374)
	at org.springframework.security.web.FilterChainProxy.doFilterInternal(FilterChainProxy.java:233)
	at org.springframework.security.web.FilterChainProxy.doFilter(FilterChainProxy.java:191)
	at org.springframework.web.filter.CompositeFilter$VirtualFilterChain.doFilter(CompositeFilter.java:113)
	at org.springframework.web.filter.ServletRequestPathFilter.doFilter(ServletRequestPathFilter.java:52)
	at org.springframework.web.filter.CompositeFilter$VirtualFilterChain.doFilter(CompositeFilter.java:113)
	at org.springframework.web.filter.CompositeFilter.doFilter(CompositeFilter.java:74)
	at org.springframework.security.config.annotation.web.configuration.WebSecurityConfiguration$CompositeFilterChainProxy.doFilter(WebSecurityConfiguration.java:319)
	at org.springframework.web.filter.CompositeFilter$VirtualFilterChain.doFilter(CompositeFilter.java:113)
	at org.springframework.web.servlet.handler.HandlerMappingIntrospector.lambda$createCacheFilter$4(HandlerMappingIntrospector.java:267)
	at org.springframework.web.filter.CompositeFilter$VirtualFilterChain.doFilter(CompositeFilter.java:113)
	at org.springframework.web.filter.CompositeFilter.doFilter(CompositeFilter.java:74)
	at org.springframework.security.config.annotation.web.configuration.WebMvcSecurityConfiguration$CompositeFilterChainProxy.doFilter(WebMvcSecurityConfiguration.java:240)
	at org.springframework.web.filter.DelegatingFilterProxy.invokeDelegate(DelegatingFilterProxy.java:362)
	at org.springframework.web.filter.DelegatingFilterProxy.doFilter(DelegatingFilterProxy.java:278)
	at org.apache.catalina.core.ApplicationFilterChain.internalDoFilter(ApplicationFilterChain.java:164)
	at org.apache.catalina.core.ApplicationFilterChain.doFilter(ApplicationFilterChain.java:140)
	at org.springframework.web.filter.RequestContextFilter.doFilterInternal(RequestContextFilter.java:100)
	at org.springframework.web.filter.OncePerRequestFilter.doFilter(OncePerRequestFilter.java:116)
	at org.apache.catalina.core.ApplicationFilterChain.internalDoFilter(ApplicationFilterChain.java:164)
	at org.apache.catalina.core.ApplicationFilterChain.doFilter(ApplicationFilterChain.java:140)
	at org.springframework.web.filter.FormContentFilter.doFilterInternal(FormContentFilter.java:93)
	at org.springframework.web.filter.OncePerRequestFilter.doFilter(OncePerRequestFilter.java:116)
	at org.apache.catalina.core.ApplicationFilterChain.internalDoFilter(ApplicationFilterChain.java:164)
	at org.apache.catalina.core.ApplicationFilterChain.doFilter(ApplicationFilterChain.java:140)
	at org.springframework.web.filter.CharacterEncodingFilter.doFilterInternal(CharacterEncodingFilter.java:201)
	at org.springframework.web.filter.OncePerRequestFilter.doFilter(OncePerRequestFilter.java:116)
	at org.apache.catalina.core.ApplicationFilterChain.internalDoFilter(ApplicationFilterChain.java:164)
	at org.apache.catalina.core.ApplicationFilterChain.doFilter(ApplicationFilterChain.java:140)
	at org.apache.catalina.core.StandardWrapperValve.invoke(StandardWrapperValve.java:167)
	at org.apache.catalina.core.StandardContextValve.invoke(StandardContextValve.java:90)
	at org.apache.catalina.authenticator.AuthenticatorBase.invoke(AuthenticatorBase.java:483)
	at org.apache.catalina.core.StandardHostValve.invoke(StandardHostValve.java:116)
	at org.apache.catalina.valves.ErrorReportValve.invoke(ErrorReportValve.java:93)
	at org.apache.catalina.core.StandardEngineValve.invoke(StandardEngineValve.java:74)
	at org.apache.catalina.connector.CoyoteAdapter.service(CoyoteAdapter.java:344)
	at org.apache.coyote.http11.Http11Processor.service(Http11Processor.java:398)
	at org.apache.coyote.AbstractProcessorLight.process(AbstractProcessorLight.java:63)
	at org.apache.coyote.AbstractProtocol$ConnectionHandler.process(AbstractProtocol.java:903)
	at org.apache.tomcat.util.net.NioEndpoint$SocketProcessor.doRun(NioEndpoint.java:1769)
	at org.apache.tomcat.util.net.SocketProcessorBase.run(SocketProcessorBase.java:52)
	at org.apache.tomcat.util.threads.ThreadPoolExecutor.runWorker(ThreadPoolExecutor.java:1189)
	at org.apache.tomcat.util.threads.ThreadPoolExecutor$Worker.run(ThreadPoolExecutor.java:658)
	at org.apache.tomcat.util.threads.TaskThread$WrappingRunnable.run(TaskThread.java:63)
	at java.base/java.lang.Thread.run(Thread.java:842)
2025-08-03 23:00:36.645 [http-nio-9090-exec-2] DEBUG org.hibernate.SQL - 
    /* dynamic native SQL query */ SELECT
        * 
    FROM
        (SELECT
            a.*,
            ROWNUM rnum 
        FROM
            (SELECT
                m.* 
            FROM
                ck_menu_items m 
            WHERE
                m.vendor_id = ? 
                AND m.is_available = 1 
                AND (
                    ? IS NULL 
                    OR m.category_id = ?
                ) 
                AND (
                    ? IS NULL 
                    OR m.is_vegetarian = ?
                ) 
                AND (
                    ? IS NULL 
                    OR m.is_vegan = ?
                ) 
                AND (
                    ? IS NULL 
                    OR m.is_gluten_free = ?
                ) 
                AND (
                    ? IS NULL 
                    OR m.is_spicy = ?
                ) 
                AND (
                    ? IS NULL 
                    OR m.price >= ?
                ) 
                AND (
                    ? IS NULL 
                    OR m.price <= ?
                ) 
                AND (
                    ? IS NULL 
                    OR LOWER(m.name) LIKE LOWER('%' || ? || '%') 
                    OR LOWER(m.description) LIKE LOWER('%' || ? || '%')
                ) 
            ORDER BY
                m.display_order ASC) a 
        WHERE
            ROWNUM <= ?) 
    WHERE
        rnum > ?
2025-08-03 23:00:36.648 [http-nio-9090-exec-3] INFO  c.e.c.k.p.controller.MenuController - === MENU CATEGORIES - GET ALL ===
2025-08-03 23:00:36.649 [http-nio-9090-exec-3] INFO  c.e.c.k.p.controller.MenuController - Request Parameters - vendorId: 2, isActive: null, isFeatured: null, page: 0, size: 20, sortBy: displayOrder, sortDir: asc
2025-08-03 23:00:36.649 [http-nio-9090-exec-3] INFO  c.e.c.k.p.controller.MenuController - Request URL: GET /api/menu/categories
2025-08-03 23:00:36.649 [http-nio-9090-exec-3] DEBUG o.s.orm.jpa.JpaTransactionManager - Found thread-bound EntityManager [SessionImpl(566202300<open>)] for JPA transaction
2025-08-03 23:00:36.649 [http-nio-9090-exec-3] DEBUG o.s.orm.jpa.JpaTransactionManager - Creating new transaction with name [com.example.crave.kitchen.portal.impl.MenuServiceImpl.getAllCategories]: PROPAGATION_REQUIRED,ISOLATION_DEFAULT
2025-08-03 23:00:36.654 [http-nio-9090-exec-4] DEBUG o.s.orm.jpa.JpaTransactionManager - Exposing JPA transaction as JDBC [org.springframework.orm.jpa.vendor.HibernateJpaDialect$HibernateConnectionHandle@63a98e28]
2025-08-03 23:00:36.654 [http-nio-9090-exec-4] INFO  c.e.c.k.portal.impl.MenuServiceImpl - === MENU SERVICE - GET ALL CATEGORIES ===
2025-08-03 23:00:36.654 [http-nio-9090-exec-4] INFO  c.e.c.k.portal.impl.MenuServiceImpl - Parameters - vendorId: 2, isActive: null, isFeatured: null, page: 0, size: 20
2025-08-03 23:00:36.654 [http-nio-9090-exec-4] DEBUG c.e.c.k.portal.impl.MenuServiceImpl - Pagination parameters - minRow: 0, maxRow: 20, pageSize: 20
2025-08-03 23:00:36.660 [http-nio-9090-exec-3] DEBUG o.s.orm.jpa.JpaTransactionManager - Exposing JPA transaction as JDBC [org.springframework.orm.jpa.vendor.HibernateJpaDialect$HibernateConnectionHandle@16719d3]
2025-08-03 23:00:36.661 [http-nio-9090-exec-3] INFO  c.e.c.k.portal.impl.MenuServiceImpl - === MENU SERVICE - GET ALL CATEGORIES ===
2025-08-03 23:00:36.661 [http-nio-9090-exec-3] INFO  c.e.c.k.portal.impl.MenuServiceImpl - Parameters - vendorId: 2, isActive: null, isFeatured: null, page: 0, size: 20
2025-08-03 23:00:36.661 [http-nio-9090-exec-3] DEBUG c.e.c.k.portal.impl.MenuServiceImpl - Pagination parameters - minRow: 0, maxRow: 20, pageSize: 20
2025-08-03 23:00:36.662 [http-nio-9090-exec-4] DEBUG org.hibernate.SQL - 
    /* dynamic native SQL query */ SELECT
        * 
    FROM
        (SELECT
            a.*,
            ROWNUM rnum 
        FROM
            (SELECT
                * 
            FROM
                ck_menu_categories 
            WHERE
                vendor_id = ? 
            ORDER BY
                display_order ASC) a 
        WHERE
            ROWNUM <= ?) 
    WHERE
        rnum > ?
2025-08-03 23:00:36.665 [http-nio-9090-exec-3] DEBUG org.hibernate.SQL - 
    /* dynamic native SQL query */ SELECT
        * 
    FROM
        (SELECT
            a.*,
            ROWNUM rnum 
        FROM
            (SELECT
                * 
            FROM
                ck_menu_categories 
            WHERE
                vendor_id = ? 
            ORDER BY
                display_order ASC) a 
        WHERE
            ROWNUM <= ?) 
    WHERE
        rnum > ?
2025-08-03 23:00:36.667 [http-nio-9090-exec-7] DEBUG o.s.security.web.FilterChainProxy - Securing GET /api/menu/items?vendorId=2
2025-08-03 23:00:36.669 [http-nio-9090-exec-7] DEBUG c.e.c.k.p.c.JwtAuthenticationFilter - Extracted token from Bearer Authorization header
2025-08-03 23:00:36.668 [http-nio-9090-exec-2] DEBUG org.hibernate.SQL - 
    /* dynamic native SQL query */ SELECT
        COUNT(*) 
    FROM
        ck_menu_items m 
    WHERE
        m.vendor_id = ? 
        AND m.is_available = 1 
        AND (
            ? IS NULL 
            OR m.category_id = ?
        ) 
        AND (
            ? IS NULL 
            OR m.is_vegetarian = ?
        ) 
        AND (
            ? IS NULL 
            OR m.is_vegan = ?
        ) 
        AND (
            ? IS NULL 
            OR m.is_gluten_free = ?
        ) 
        AND (
            ? IS NULL 
            OR m.is_spicy = ?
        ) 
        AND (
            ? IS NULL 
            OR m.price >= ?
        ) 
        AND (
            ? IS NULL 
            OR m.price <= ?
        ) 
        AND (
            ? IS NULL 
            OR LOWER(m.name) LIKE LOWER('%' || ? || '%') 
            OR LOWER(m.description) LIKE LOWER('%' || ? || '%')
        )
2025-08-03 23:00:36.680 [http-nio-9090-exec-2] DEBUG o.s.orm.jpa.JpaTransactionManager - Found thread-bound EntityManager [SessionImpl(558541469<open>)] for JPA transaction
2025-08-03 23:00:36.681 [http-nio-9090-exec-2] DEBUG o.s.orm.jpa.JpaTransactionManager - Participating in existing transaction
2025-08-03 23:00:36.682 [http-nio-9090-exec-2] DEBUG org.hibernate.SQL - 
    select
        mce1_0.id,
        mce1_0.created_at,
        mce1_0.description,
        mce1_0.display_order,
        mce1_0.image_url,
        mce1_0.is_active,
        mce1_0.is_featured,
        mce1_0.name,
        mce1_0.updated_at,
        mce1_0.vendor_id 
    from
        ck_menu_categories mce1_0 
    where
        mce1_0.id=?
2025-08-03 23:00:36.683 [http-nio-9090-exec-7] WARN  c.e.c.k.p.service.JwtTokenService - JWT token is expired: JWT expired at 2025-08-03T17:14:14Z. Current time: 2025-08-03T17:30:36Z, a difference of 982683 milliseconds.  Allowed clock skew: 0 milliseconds.
2025-08-03 23:00:36.684 [http-nio-9090-exec-7] ERROR c.e.c.k.p.c.JwtAuthenticationFilter - Error processing JWT token
io.jsonwebtoken.ExpiredJwtException: JWT expired at 2025-08-03T17:14:14Z. Current time: 2025-08-03T17:30:36Z, a difference of 982683 milliseconds.  Allowed clock skew: 0 milliseconds.
	at io.jsonwebtoken.impl.DefaultJwtParser.parse(DefaultJwtParser.java:427)
	at io.jsonwebtoken.impl.DefaultJwtParser.parse(DefaultJwtParser.java:529)
	at io.jsonwebtoken.impl.DefaultJwtParser.parseClaimsJws(DefaultJwtParser.java:589)
	at io.jsonwebtoken.impl.ImmutableJwtParser.parseClaimsJws(ImmutableJwtParser.java:173)
	at com.example.crave.kitchen.portal.service.JwtTokenService.extractAllClaims(JwtTokenService.java:140)
	at com.example.crave.kitchen.portal.service.JwtTokenService.extractClaim(JwtTokenService.java:128)
	at com.example.crave.kitchen.portal.service.JwtTokenService.extractEmail(JwtTokenService.java:114)
	at com.example.crave.kitchen.portal.config.JwtAuthenticationFilter.doFilterInternal(JwtAuthenticationFilter.java:63)
	at org.springframework.web.filter.OncePerRequestFilter.doFilter(OncePerRequestFilter.java:116)
	at org.springframework.security.web.FilterChainProxy$VirtualFilterChain.doFilter(FilterChainProxy.java:374)
	at org.springframework.security.web.authentication.logout.LogoutFilter.doFilter(LogoutFilter.java:107)
	at org.springframework.security.web.authentication.logout.LogoutFilter.doFilter(LogoutFilter.java:93)
	at org.springframework.security.web.FilterChainProxy$VirtualFilterChain.doFilter(FilterChainProxy.java:374)
	at org.springframework.security.web.header.HeaderWriterFilter.doHeadersAfter(HeaderWriterFilter.java:90)
	at org.springframework.security.web.header.HeaderWriterFilter.doFilterInternal(HeaderWriterFilter.java:75)
	at org.springframework.web.filter.OncePerRequestFilter.doFilter(OncePerRequestFilter.java:116)
	at org.springframework.security.web.FilterChainProxy$VirtualFilterChain.doFilter(FilterChainProxy.java:374)
	at org.springframework.security.web.context.SecurityContextHolderFilter.doFilter(SecurityContextHolderFilter.java:82)
	at org.springframework.security.web.context.SecurityContextHolderFilter.doFilter(SecurityContextHolderFilter.java:69)
	at org.springframework.security.web.FilterChainProxy$VirtualFilterChain.doFilter(FilterChainProxy.java:374)
	at org.springframework.security.web.context.request.async.WebAsyncManagerIntegrationFilter.doFilterInternal(WebAsyncManagerIntegrationFilter.java:62)
	at org.springframework.web.filter.OncePerRequestFilter.doFilter(OncePerRequestFilter.java:116)
	at org.springframework.security.web.FilterChainProxy$VirtualFilterChain.doFilter(FilterChainProxy.java:374)
	at org.springframework.security.web.session.DisableEncodeUrlFilter.doFilterInternal(DisableEncodeUrlFilter.java:42)
	at org.springframework.web.filter.OncePerRequestFilter.doFilter(OncePerRequestFilter.java:116)
	at org.springframework.security.web.FilterChainProxy$VirtualFilterChain.doFilter(FilterChainProxy.java:374)
	at org.springframework.security.web.FilterChainProxy.doFilterInternal(FilterChainProxy.java:233)
	at org.springframework.security.web.FilterChainProxy.doFilter(FilterChainProxy.java:191)
	at org.springframework.web.filter.CompositeFilter$VirtualFilterChain.doFilter(CompositeFilter.java:113)
	at org.springframework.web.filter.ServletRequestPathFilter.doFilter(ServletRequestPathFilter.java:52)
	at org.springframework.web.filter.CompositeFilter$VirtualFilterChain.doFilter(CompositeFilter.java:113)
	at org.springframework.web.filter.CompositeFilter.doFilter(CompositeFilter.java:74)
	at org.springframework.security.config.annotation.web.configuration.WebSecurityConfiguration$CompositeFilterChainProxy.doFilter(WebSecurityConfiguration.java:319)
	at org.springframework.web.filter.CompositeFilter$VirtualFilterChain.doFilter(CompositeFilter.java:113)
	at org.springframework.web.servlet.handler.HandlerMappingIntrospector.lambda$createCacheFilter$4(HandlerMappingIntrospector.java:267)
	at org.springframework.web.filter.CompositeFilter$VirtualFilterChain.doFilter(CompositeFilter.java:113)
	at org.springframework.web.filter.CompositeFilter.doFilter(CompositeFilter.java:74)
	at org.springframework.security.config.annotation.web.configuration.WebMvcSecurityConfiguration$CompositeFilterChainProxy.doFilter(WebMvcSecurityConfiguration.java:240)
	at org.springframework.web.filter.DelegatingFilterProxy.invokeDelegate(DelegatingFilterProxy.java:362)
	at org.springframework.web.filter.DelegatingFilterProxy.doFilter(DelegatingFilterProxy.java:278)
	at org.apache.catalina.core.ApplicationFilterChain.internalDoFilter(ApplicationFilterChain.java:164)
	at org.apache.catalina.core.ApplicationFilterChain.doFilter(ApplicationFilterChain.java:140)
	at org.springframework.web.filter.RequestContextFilter.doFilterInternal(RequestContextFilter.java:100)
	at org.springframework.web.filter.OncePerRequestFilter.doFilter(OncePerRequestFilter.java:116)
	at org.apache.catalina.core.ApplicationFilterChain.internalDoFilter(ApplicationFilterChain.java:164)
	at org.apache.catalina.core.ApplicationFilterChain.doFilter(ApplicationFilterChain.java:140)
	at org.springframework.web.filter.FormContentFilter.doFilterInternal(FormContentFilter.java:93)
	at org.springframework.web.filter.OncePerRequestFilter.doFilter(OncePerRequestFilter.java:116)
	at org.apache.catalina.core.ApplicationFilterChain.internalDoFilter(ApplicationFilterChain.java:164)
	at org.apache.catalina.core.ApplicationFilterChain.doFilter(ApplicationFilterChain.java:140)
	at org.springframework.web.filter.CharacterEncodingFilter.doFilterInternal(CharacterEncodingFilter.java:201)
	at org.springframework.web.filter.OncePerRequestFilter.doFilter(OncePerRequestFilter.java:116)
	at org.apache.catalina.core.ApplicationFilterChain.internalDoFilter(ApplicationFilterChain.java:164)
	at org.apache.catalina.core.ApplicationFilterChain.doFilter(ApplicationFilterChain.java:140)
	at org.apache.catalina.core.StandardWrapperValve.invoke(StandardWrapperValve.java:167)
	at org.apache.catalina.core.StandardContextValve.invoke(StandardContextValve.java:90)
	at org.apache.catalina.authenticator.AuthenticatorBase.invoke(AuthenticatorBase.java:483)
	at org.apache.catalina.core.StandardHostValve.invoke(StandardHostValve.java:116)
	at org.apache.catalina.valves.ErrorReportValve.invoke(ErrorReportValve.java:93)
	at org.apache.catalina.core.StandardEngineValve.invoke(StandardEngineValve.java:74)
	at org.apache.catalina.connector.CoyoteAdapter.service(CoyoteAdapter.java:344)
	at org.apache.coyote.http11.Http11Processor.service(Http11Processor.java:398)
	at org.apache.coyote.AbstractProcessorLight.process(AbstractProcessorLight.java:63)
	at org.apache.coyote.AbstractProtocol$ConnectionHandler.process(AbstractProtocol.java:903)
	at org.apache.tomcat.util.net.NioEndpoint$SocketProcessor.doRun(NioEndpoint.java:1769)
	at org.apache.tomcat.util.net.SocketProcessorBase.run(SocketProcessorBase.java:52)
	at org.apache.tomcat.util.threads.ThreadPoolExecutor.runWorker(ThreadPoolExecutor.java:1189)
	at org.apache.tomcat.util.threads.ThreadPoolExecutor$Worker.run(ThreadPoolExecutor.java:658)
	at org.apache.tomcat.util.threads.TaskThread$WrappingRunnable.run(TaskThread.java:63)
	at java.base/java.lang.Thread.run(Thread.java:842)
2025-08-03 23:00:36.686 [http-nio-9090-exec-7] DEBUG o.s.s.w.a.AnonymousAuthenticationFilter - Set SecurityContextHolder to anonymous SecurityContext
2025-08-03 23:00:36.687 [http-nio-9090-exec-7] DEBUG o.s.security.web.FilterChainProxy - Secured GET /api/menu/items?vendorId=2
2025-08-03 23:00:36.687 [http-nio-9090-exec-7] DEBUG o.s.web.servlet.DispatcherServlet - GET "/api/menu/items?vendorId=2", parameters={masked}
2025-08-03 23:00:36.688 [http-nio-9090-exec-7] TRACE o.s.w.s.m.m.a.RequestMappingHandlerMapping - Mapped to com.example.crave.kitchen.portal.controller.MenuController#getAllMenuItems(Long, Long, Boolean, Boolean, Boolean, Boolean, Boolean, Boolean, BigDecimal, BigDecimal, String, int, int, String, String)
2025-08-03 23:00:36.688 [http-nio-9090-exec-7] DEBUG o.s.o.j.s.OpenEntityManagerInViewInterceptor - Opening JPA EntityManager in OpenEntityManagerInViewInterceptor
2025-08-03 23:00:36.692 [http-nio-9090-exec-4] DEBUG org.hibernate.SQL - 
    /* dynamic native SQL query */ SELECT
        COUNT(*) 
    FROM
        ck_menu_categories 
    WHERE
        vendor_id = ?
2025-08-03 23:00:36.646 [http-nio-9090-exec-6] DEBUG o.s.s.w.a.AnonymousAuthenticationFilter - Set SecurityContextHolder to anonymous SecurityContext
2025-08-03 23:00:36.696 [http-nio-9090-exec-7] INFO  c.e.c.k.p.controller.MenuController - GET /api/menu/items - vendorId: 2, categoryId: null, isAvailable: null, isFeatured: null, isVegetarian: null, isVegan: null, isGlutenFree: null, isSpicy: null, minPrice: null, maxPrice: null, searchTerm: null, page: 0, size: 20, sortBy: displayOrder, sortDir: asc
2025-08-03 23:00:36.698 [http-nio-9090-exec-7] DEBUG o.s.orm.jpa.JpaTransactionManager - Found thread-bound EntityManager [SessionImpl(267726417<open>)] for JPA transaction
2025-08-03 23:00:36.698 [http-nio-9090-exec-2] DEBUG org.hibernate.SQL - 
    /* <criteria> */ select
        miie1_0.id,
        miie1_0.alt_text,
        miie1_0.created_at,
        miie1_0.display_order,
        miie1_0.file_name,
        miie1_0.file_size_bytes,
        miie1_0.height_pixels,
        miie1_0.image_type,
        miie1_0.image_url,
        miie1_0.is_primary,
        miie1_0.menu_item_id,
        miie1_0.updated_at,
        miie1_0.width_pixels 
    from
        ck_menu_item_images miie1_0 
    where
        miie1_0.menu_item_id=? 
        and miie1_0.is_primary=?
2025-08-03 23:00:36.699 [http-nio-9090-exec-7] DEBUG o.s.orm.jpa.JpaTransactionManager - Creating new transaction with name [com.example.crave.kitchen.portal.impl.MenuServiceImpl.getAllMenuItems]: PROPAGATION_REQUIRED,ISOLATION_DEFAULT
2025-08-03 23:00:36.699 [http-nio-9090-exec-6] DEBUG o.s.security.web.FilterChainProxy - Secured GET /api/orders?vendorId=2&status=pending
2025-08-03 23:00:36.704 [http-nio-9090-exec-4] DEBUG c.e.c.k.portal.impl.MenuServiceImpl - Database query executed with filter type: ALL
2025-08-03 23:00:36.707 [http-nio-9090-exec-2] DEBUG o.s.orm.jpa.JpaTransactionManager - Found thread-bound EntityManager [SessionImpl(558541469<open>)] for JPA transaction
2025-08-03 23:00:36.708 [http-nio-9090-exec-2] DEBUG o.s.orm.jpa.JpaTransactionManager - Participating in existing transaction
2025-08-03 23:00:36.708 [http-nio-9090-exec-2] DEBUG org.hibernate.SQL - 
    select
        mce1_0.id,
        mce1_0.created_at,
        mce1_0.description,
        mce1_0.display_order,
        mce1_0.image_url,
        mce1_0.is_active,
        mce1_0.is_featured,
        mce1_0.name,
        mce1_0.updated_at,
        mce1_0.vendor_id 
    from
        ck_menu_categories mce1_0 
    where
        mce1_0.id=?
2025-08-03 23:00:36.712 [http-nio-9090-exec-3] DEBUG org.hibernate.SQL - 
    /* dynamic native SQL query */ SELECT
        COUNT(*) 
    FROM
        ck_menu_categories 
    WHERE
        vendor_id = ?
2025-08-03 23:00:36.712 [http-nio-9090-exec-4] DEBUG org.hibernate.SQL - 
    /* <criteria> */ select
        count(mie1_0.id) 
    from
        ck_menu_items mie1_0 
    where
        mie1_0.category_id=?
2025-08-03 23:00:36.717 [http-nio-9090-exec-7] DEBUG o.s.orm.jpa.JpaTransactionManager - Exposing JPA transaction as JDBC [org.springframework.orm.jpa.vendor.HibernateJpaDialect$HibernateConnectionHandle@19df31c6]
2025-08-03 23:00:36.717 [http-nio-9090-exec-7] INFO  c.e.c.k.portal.impl.MenuServiceImpl - Fetching menu items for vendorId: 2, categoryId: null, isAvailable: null, isFeatured: null, isVegetarian: null, isVegan: null, isGlutenFree: null, isSpicy: null, minPrice: null, maxPrice: null, searchTerm: null, page: 0, size: 20
2025-08-03 23:00:36.717 [http-nio-9090-exec-7] DEBUG c.e.c.k.portal.impl.MenuServiceImpl - Oracle pagination parameters - minRow: 0, maxRow: 20, pageSize: 20
2025-08-03 23:00:36.718 [http-nio-9090-exec-3] DEBUG c.e.c.k.portal.impl.MenuServiceImpl - Database query executed with filter type: ALL
2025-08-03 23:00:36.724 [http-nio-9090-exec-7] DEBUG org.hibernate.SQL - 
    /* dynamic native SQL query */ SELECT
        * 
    FROM
        (SELECT
            a.*,
            ROWNUM rnum 
        FROM
            (SELECT
                m.* 
            FROM
                ck_menu_items m 
            WHERE
                m.vendor_id = ? 
                AND m.is_available = 1 
                AND (
                    ? IS NULL 
                    OR m.category_id = ?
                ) 
                AND (
                    ? IS NULL 
                    OR m.is_vegetarian = ?
                ) 
                AND (
                    ? IS NULL 
                    OR m.is_vegan = ?
                ) 
                AND (
                    ? IS NULL 
                    OR m.is_gluten_free = ?
                ) 
                AND (
                    ? IS NULL 
                    OR m.is_spicy = ?
                ) 
                AND (
                    ? IS NULL 
                    OR m.price >= ?
                ) 
                AND (
                    ? IS NULL 
                    OR m.price <= ?
                ) 
                AND (
                    ? IS NULL 
                    OR LOWER(m.name) LIKE LOWER('%' || ? || '%') 
                    OR LOWER(m.description) LIKE LOWER('%' || ? || '%')
                ) 
            ORDER BY
                m.display_order ASC) a 
        WHERE
            ROWNUM <= ?) 
    WHERE
        rnum > ?
2025-08-03 23:00:36.725 [http-nio-9090-exec-3] DEBUG org.hibernate.SQL - 
    /* <criteria> */ select
        count(mie1_0.id) 
    from
        ck_menu_items mie1_0 
    where
        mie1_0.category_id=?
2025-08-03 23:00:36.726 [http-nio-9090-exec-4] DEBUG org.hibernate.SQL - 
    /* <criteria> */ select
        count(mie1_0.id) 
    from
        ck_menu_items mie1_0 
    where
        mie1_0.category_id=?
2025-08-03 23:00:36.730 [http-nio-9090-exec-2] DEBUG org.hibernate.SQL - 
    /* <criteria> */ select
        miie1_0.id,
        miie1_0.alt_text,
        miie1_0.created_at,
        miie1_0.display_order,
        miie1_0.file_name,
        miie1_0.file_size_bytes,
        miie1_0.height_pixels,
        miie1_0.image_type,
        miie1_0.image_url,
        miie1_0.is_primary,
        miie1_0.menu_item_id,
        miie1_0.updated_at,
        miie1_0.width_pixels 
    from
        ck_menu_item_images miie1_0 
    where
        miie1_0.menu_item_id=? 
        and miie1_0.is_primary=?
2025-08-03 23:00:36.734 [http-nio-9090-exec-3] DEBUG org.hibernate.SQL - 
    /* <criteria> */ select
        count(mie1_0.id) 
    from
        ck_menu_items mie1_0 
    where
        mie1_0.category_id=?
2025-08-03 23:00:36.734 [http-nio-9090-exec-4] INFO  c.e.c.k.portal.impl.MenuServiceImpl - === SUCCESS ===
2025-08-03 23:00:36.735 [http-nio-9090-exec-4] INFO  c.e.c.k.portal.impl.MenuServiceImpl - Retrieved 2 categories for vendorId: 2 (Page 1 of 1)
2025-08-03 23:00:36.735 [http-nio-9090-exec-4] INFO  c.e.c.k.portal.impl.MenuServiceImpl - Categories in current page: 2
2025-08-03 23:00:36.735 [http-nio-9090-exec-4] DEBUG o.s.orm.jpa.JpaTransactionManager - Initiating transaction commit
2025-08-03 23:00:36.736 [http-nio-9090-exec-4] DEBUG o.s.orm.jpa.JpaTransactionManager - Committing JPA transaction on EntityManager [SessionImpl(1809928065<open>)]
2025-08-03 23:00:36.738 [http-nio-9090-exec-2] INFO  c.e.c.k.portal.impl.MenuServiceImpl - Successfully fetched 2 menu items for vendorId: 2
2025-08-03 23:00:36.738 [http-nio-9090-exec-3] INFO  c.e.c.k.portal.impl.MenuServiceImpl - === SUCCESS ===
2025-08-03 23:00:36.739 [http-nio-9090-exec-2] DEBUG o.s.orm.jpa.JpaTransactionManager - Initiating transaction commit
2025-08-03 23:00:36.739 [http-nio-9090-exec-3] INFO  c.e.c.k.portal.impl.MenuServiceImpl - Retrieved 2 categories for vendorId: 2 (Page 1 of 1)
2025-08-03 23:00:36.740 [http-nio-9090-exec-2] DEBUG o.s.orm.jpa.JpaTransactionManager - Committing JPA transaction on EntityManager [SessionImpl(558541469<open>)]
2025-08-03 23:00:36.740 [http-nio-9090-exec-3] INFO  c.e.c.k.portal.impl.MenuServiceImpl - Categories in current page: 2
2025-08-03 23:00:36.741 [http-nio-9090-exec-3] DEBUG o.s.orm.jpa.JpaTransactionManager - Initiating transaction commit
2025-08-03 23:00:36.741 [http-nio-9090-exec-3] DEBUG o.s.orm.jpa.JpaTransactionManager - Committing JPA transaction on EntityManager [SessionImpl(566202300<open>)]
2025-08-03 23:00:36.742 [http-nio-9090-exec-4] DEBUG o.s.orm.jpa.JpaTransactionManager - Not closing pre-bound JPA EntityManager after transaction
2025-08-03 23:00:36.742 [http-nio-9090-exec-4] INFO  c.e.c.k.p.controller.MenuController - === SUCCESS ===
2025-08-03 23:00:36.742 [http-nio-9090-exec-4] INFO  c.e.c.k.p.controller.MenuController - Retrieved 2 categories for vendorId: 2 (Page 1 of 1)
2025-08-03 23:00:36.742 [http-nio-9090-exec-4] INFO  c.e.c.k.p.controller.MenuController - Categories in current page: 2
2025-08-03 23:00:36.743 [http-nio-9090-exec-2] DEBUG o.s.orm.jpa.JpaTransactionManager - Not closing pre-bound JPA EntityManager after transaction
2025-08-03 23:00:36.743 [http-nio-9090-exec-2] INFO  c.e.c.k.p.controller.MenuController - Successfully retrieved 2 menu items for vendorId: 2
2025-08-03 23:00:36.744 [http-nio-9090-exec-2] DEBUG o.s.w.s.m.m.a.HttpEntityMethodProcessor - Using 'application/json', given [application/json] and supported [application/json, application/*+json]
2025-08-03 23:00:36.746 [http-nio-9090-exec-2] DEBUG o.s.w.s.m.m.a.HttpEntityMethodProcessor - Writing [ApiResponseDto(success=true, message=Menu items retrieved successfully, error=null, timestamp=null,  (truncated)...]
2025-08-03 23:00:36.746 [http-nio-9090-exec-4] DEBUG o.s.w.s.m.m.a.HttpEntityMethodProcessor - Using 'application/json', given [application/json] and supported [application/json, application/*+json]
2025-08-03 23:00:36.743 [http-nio-9090-exec-3] DEBUG o.s.orm.jpa.JpaTransactionManager - Not closing pre-bound JPA EntityManager after transaction
2025-08-03 23:00:36.746 [http-nio-9090-exec-3] INFO  c.e.c.k.p.controller.MenuController - === SUCCESS ===
2025-08-03 23:00:36.746 [http-nio-9090-exec-3] INFO  c.e.c.k.p.controller.MenuController - Retrieved 2 categories for vendorId: 2 (Page 1 of 1)
2025-08-03 23:00:36.746 [http-nio-9090-exec-4] DEBUG o.s.w.s.m.m.a.HttpEntityMethodProcessor - Writing [ApiResponseDto(success=true, message=Categories retrieved successfully, error=null, timestamp=null,  (truncated)...]
2025-08-03 23:00:36.747 [http-nio-9090-exec-3] INFO  c.e.c.k.p.controller.MenuController - Categories in current page: 2
2025-08-03 23:00:36.750 [http-nio-9090-exec-7] DEBUG org.hibernate.SQL - 
    /* dynamic native SQL query */ SELECT
        COUNT(*) 
    FROM
        ck_menu_items m 
    WHERE
        m.vendor_id = ? 
        AND m.is_available = 1 
        AND (
            ? IS NULL 
            OR m.category_id = ?
        ) 
        AND (
            ? IS NULL 
            OR m.is_vegetarian = ?
        ) 
        AND (
            ? IS NULL 
            OR m.is_vegan = ?
        ) 
        AND (
            ? IS NULL 
            OR m.is_gluten_free = ?
        ) 
        AND (
            ? IS NULL 
            OR m.is_spicy = ?
        ) 
        AND (
            ? IS NULL 
            OR m.price >= ?
        ) 
        AND (
            ? IS NULL 
            OR m.price <= ?
        ) 
        AND (
            ? IS NULL 
            OR LOWER(m.name) LIKE LOWER('%' || ? || '%') 
            OR LOWER(m.description) LIKE LOWER('%' || ? || '%')
        )
2025-08-03 23:00:36.752 [http-nio-9090-exec-3] DEBUG o.s.w.s.m.m.a.HttpEntityMethodProcessor - Using 'application/json', given [application/json] and supported [application/json, application/*+json]
2025-08-03 23:00:36.754 [http-nio-9090-exec-4] DEBUG o.s.o.j.s.OpenEntityManagerInViewInterceptor - Closing JPA EntityManager in OpenEntityManagerInViewInterceptor
2025-08-03 23:00:36.754 [http-nio-9090-exec-2] DEBUG o.s.o.j.s.OpenEntityManagerInViewInterceptor - Closing JPA EntityManager in OpenEntityManagerInViewInterceptor
2025-08-03 23:00:36.754 [http-nio-9090-exec-3] DEBUG o.s.w.s.m.m.a.HttpEntityMethodProcessor - Writing [ApiResponseDto(success=true, message=Categories retrieved successfully, error=null, timestamp=null,  (truncated)...]
2025-08-03 23:00:36.755 [http-nio-9090-exec-2] DEBUG o.s.web.servlet.DispatcherServlet - Completed 200 OK
2025-08-03 23:00:36.755 [http-nio-9090-exec-4] DEBUG o.s.web.servlet.DispatcherServlet - Completed 200 OK
2025-08-03 23:00:36.758 [http-nio-9090-exec-7] DEBUG o.s.orm.jpa.JpaTransactionManager - Found thread-bound EntityManager [SessionImpl(267726417<open>)] for JPA transaction
2025-08-03 23:00:36.758 [http-nio-9090-exec-7] DEBUG o.s.orm.jpa.JpaTransactionManager - Participating in existing transaction
2025-08-03 23:00:36.759 [http-nio-9090-exec-7] DEBUG org.hibernate.SQL - 
    select
        mce1_0.id,
        mce1_0.created_at,
        mce1_0.description,
        mce1_0.display_order,
        mce1_0.image_url,
        mce1_0.is_active,
        mce1_0.is_featured,
        mce1_0.name,
        mce1_0.updated_at,
        mce1_0.vendor_id 
    from
        ck_menu_categories mce1_0 
    where
        mce1_0.id=?
2025-08-03 23:00:36.769 [http-nio-9090-exec-5] DEBUG o.s.security.web.FilterChainProxy - Securing GET /api/menu/categories?vendorId=2
2025-08-03 23:00:36.769 [http-nio-9090-exec-1] DEBUG o.s.security.web.FilterChainProxy - Securing GET /api/analytics/revenue/top-items?vendorId=2&limit=10
2025-08-03 23:00:36.770 [http-nio-9090-exec-5] DEBUG c.e.c.k.p.c.JwtAuthenticationFilter - Extracted token from Bearer Authorization header
2025-08-03 23:00:36.770 [http-nio-9090-exec-1] DEBUG c.e.c.k.p.c.JwtAuthenticationFilter - Extracted token from Bearer Authorization header
2025-08-03 23:00:36.771 [http-nio-9090-exec-7] DEBUG org.hibernate.SQL - 
    /* <criteria> */ select
        miie1_0.id,
        miie1_0.alt_text,
        miie1_0.created_at,
        miie1_0.display_order,
        miie1_0.file_name,
        miie1_0.file_size_bytes,
        miie1_0.height_pixels,
        miie1_0.image_type,
        miie1_0.image_url,
        miie1_0.is_primary,
        miie1_0.menu_item_id,
        miie1_0.updated_at,
        miie1_0.width_pixels 
    from
        ck_menu_item_images miie1_0 
    where
        miie1_0.menu_item_id=? 
        and miie1_0.is_primary=?
2025-08-03 23:00:36.699 [http-nio-9090-exec-6] DEBUG o.s.web.servlet.DispatcherServlet - GET "/api/orders?vendorId=2&status=pending", parameters={masked}
2025-08-03 23:00:36.776 [http-nio-9090-exec-3] DEBUG o.s.o.j.s.OpenEntityManagerInViewInterceptor - Closing JPA EntityManager in OpenEntityManagerInViewInterceptor
2025-08-03 23:00:36.776 [http-nio-9090-exec-6] DEBUG o.s.w.s.h.SimpleUrlHandlerMapping - Mapped to ResourceHttpRequestHandler [classpath [META-INF/resources/], classpath [resources/], classpath [static/], classpath [public/], ServletContext [/]]
2025-08-03 23:00:36.776 [http-nio-9090-exec-3] DEBUG o.s.web.servlet.DispatcherServlet - Completed 200 OK
2025-08-03 23:00:36.776 [http-nio-9090-exec-6] DEBUG o.s.o.j.s.OpenEntityManagerInViewInterceptor - Opening JPA EntityManager in OpenEntityManagerInViewInterceptor
2025-08-03 23:00:36.776 [http-nio-9090-exec-7] DEBUG o.s.orm.jpa.JpaTransactionManager - Found thread-bound EntityManager [SessionImpl(267726417<open>)] for JPA transaction
2025-08-03 23:00:36.778 [http-nio-9090-exec-7] DEBUG o.s.orm.jpa.JpaTransactionManager - Participating in existing transaction
2025-08-03 23:00:36.779 [http-nio-9090-exec-7] DEBUG org.hibernate.SQL - 
    select
        mce1_0.id,
        mce1_0.created_at,
        mce1_0.description,
        mce1_0.display_order,
        mce1_0.image_url,
        mce1_0.is_active,
        mce1_0.is_featured,
        mce1_0.name,
        mce1_0.updated_at,
        mce1_0.vendor_id 
    from
        ck_menu_categories mce1_0 
    where
        mce1_0.id=?
2025-08-03 23:00:36.782 [http-nio-9090-exec-6] DEBUG o.s.w.s.r.ResourceHttpRequestHandler - Resource not found
2025-08-03 23:00:36.784 [http-nio-9090-exec-1] WARN  c.e.c.k.p.service.JwtTokenService - JWT token is expired: JWT expired at 2025-08-03T17:14:14Z. Current time: 2025-08-03T17:30:36Z, a difference of 982783 milliseconds.  Allowed clock skew: 0 milliseconds.
2025-08-03 23:00:36.785 [http-nio-9090-exec-1] ERROR c.e.c.k.p.c.JwtAuthenticationFilter - Error processing JWT token
io.jsonwebtoken.ExpiredJwtException: JWT expired at 2025-08-03T17:14:14Z. Current time: 2025-08-03T17:30:36Z, a difference of 982783 milliseconds.  Allowed clock skew: 0 milliseconds.
	at io.jsonwebtoken.impl.DefaultJwtParser.parse(DefaultJwtParser.java:427)
	at io.jsonwebtoken.impl.DefaultJwtParser.parse(DefaultJwtParser.java:529)
	at io.jsonwebtoken.impl.DefaultJwtParser.parseClaimsJws(DefaultJwtParser.java:589)
	at io.jsonwebtoken.impl.ImmutableJwtParser.parseClaimsJws(ImmutableJwtParser.java:173)
	at com.example.crave.kitchen.portal.service.JwtTokenService.extractAllClaims(JwtTokenService.java:140)
	at com.example.crave.kitchen.portal.service.JwtTokenService.extractClaim(JwtTokenService.java:128)
	at com.example.crave.kitchen.portal.service.JwtTokenService.extractEmail(JwtTokenService.java:114)
	at com.example.crave.kitchen.portal.config.JwtAuthenticationFilter.doFilterInternal(JwtAuthenticationFilter.java:63)
	at org.springframework.web.filter.OncePerRequestFilter.doFilter(OncePerRequestFilter.java:116)
	at org.springframework.security.web.FilterChainProxy$VirtualFilterChain.doFilter(FilterChainProxy.java:374)
	at org.springframework.security.web.authentication.logout.LogoutFilter.doFilter(LogoutFilter.java:107)
	at org.springframework.security.web.authentication.logout.LogoutFilter.doFilter(LogoutFilter.java:93)
	at org.springframework.security.web.FilterChainProxy$VirtualFilterChain.doFilter(FilterChainProxy.java:374)
	at org.springframework.security.web.header.HeaderWriterFilter.doHeadersAfter(HeaderWriterFilter.java:90)
	at org.springframework.security.web.header.HeaderWriterFilter.doFilterInternal(HeaderWriterFilter.java:75)
	at org.springframework.web.filter.OncePerRequestFilter.doFilter(OncePerRequestFilter.java:116)
	at org.springframework.security.web.FilterChainProxy$VirtualFilterChain.doFilter(FilterChainProxy.java:374)
	at org.springframework.security.web.context.SecurityContextHolderFilter.doFilter(SecurityContextHolderFilter.java:82)
	at org.springframework.security.web.context.SecurityContextHolderFilter.doFilter(SecurityContextHolderFilter.java:69)
	at org.springframework.security.web.FilterChainProxy$VirtualFilterChain.doFilter(FilterChainProxy.java:374)
	at org.springframework.security.web.context.request.async.WebAsyncManagerIntegrationFilter.doFilterInternal(WebAsyncManagerIntegrationFilter.java:62)
	at org.springframework.web.filter.OncePerRequestFilter.doFilter(OncePerRequestFilter.java:116)
	at org.springframework.security.web.FilterChainProxy$VirtualFilterChain.doFilter(FilterChainProxy.java:374)
	at org.springframework.security.web.session.DisableEncodeUrlFilter.doFilterInternal(DisableEncodeUrlFilter.java:42)
	at org.springframework.web.filter.OncePerRequestFilter.doFilter(OncePerRequestFilter.java:116)
	at org.springframework.security.web.FilterChainProxy$VirtualFilterChain.doFilter(FilterChainProxy.java:374)
	at org.springframework.security.web.FilterChainProxy.doFilterInternal(FilterChainProxy.java:233)
	at org.springframework.security.web.FilterChainProxy.doFilter(FilterChainProxy.java:191)
	at org.springframework.web.filter.CompositeFilter$VirtualFilterChain.doFilter(CompositeFilter.java:113)
	at org.springframework.web.filter.ServletRequestPathFilter.doFilter(ServletRequestPathFilter.java:52)
	at org.springframework.web.filter.CompositeFilter$VirtualFilterChain.doFilter(CompositeFilter.java:113)
	at org.springframework.web.filter.CompositeFilter.doFilter(CompositeFilter.java:74)
	at org.springframework.security.config.annotation.web.configuration.WebSecurityConfiguration$CompositeFilterChainProxy.doFilter(WebSecurityConfiguration.java:319)
	at org.springframework.web.filter.CompositeFilter$VirtualFilterChain.doFilter(CompositeFilter.java:113)
	at org.springframework.web.servlet.handler.HandlerMappingIntrospector.lambda$createCacheFilter$4(HandlerMappingIntrospector.java:267)
	at org.springframework.web.filter.CompositeFilter$VirtualFilterChain.doFilter(CompositeFilter.java:113)
	at org.springframework.web.filter.CompositeFilter.doFilter(CompositeFilter.java:74)
	at org.springframework.security.config.annotation.web.configuration.WebMvcSecurityConfiguration$CompositeFilterChainProxy.doFilter(WebMvcSecurityConfiguration.java:240)
	at org.springframework.web.filter.DelegatingFilterProxy.invokeDelegate(DelegatingFilterProxy.java:362)
	at org.springframework.web.filter.DelegatingFilterProxy.doFilter(DelegatingFilterProxy.java:278)
	at org.apache.catalina.core.ApplicationFilterChain.internalDoFilter(ApplicationFilterChain.java:164)
	at org.apache.catalina.core.ApplicationFilterChain.doFilter(ApplicationFilterChain.java:140)
	at org.springframework.web.filter.RequestContextFilter.doFilterInternal(RequestContextFilter.java:100)
	at org.springframework.web.filter.OncePerRequestFilter.doFilter(OncePerRequestFilter.java:116)
	at org.apache.catalina.core.ApplicationFilterChain.internalDoFilter(ApplicationFilterChain.java:164)
	at org.apache.catalina.core.ApplicationFilterChain.doFilter(ApplicationFilterChain.java:140)
	at org.springframework.web.filter.FormContentFilter.doFilterInternal(FormContentFilter.java:93)
	at org.springframework.web.filter.OncePerRequestFilter.doFilter(OncePerRequestFilter.java:116)
	at org.apache.catalina.core.ApplicationFilterChain.internalDoFilter(ApplicationFilterChain.java:164)
	at org.apache.catalina.core.ApplicationFilterChain.doFilter(ApplicationFilterChain.java:140)
	at org.springframework.web.filter.CharacterEncodingFilter.doFilterInternal(CharacterEncodingFilter.java:201)
	at org.springframework.web.filter.OncePerRequestFilter.doFilter(OncePerRequestFilter.java:116)
	at org.apache.catalina.core.ApplicationFilterChain.internalDoFilter(ApplicationFilterChain.java:164)
	at org.apache.catalina.core.ApplicationFilterChain.doFilter(ApplicationFilterChain.java:140)
	at org.apache.catalina.core.StandardWrapperValve.invoke(StandardWrapperValve.java:167)
	at org.apache.catalina.core.StandardContextValve.invoke(StandardContextValve.java:90)
	at org.apache.catalina.authenticator.AuthenticatorBase.invoke(AuthenticatorBase.java:483)
	at org.apache.catalina.core.StandardHostValve.invoke(StandardHostValve.java:116)
	at org.apache.catalina.valves.ErrorReportValve.invoke(ErrorReportValve.java:93)
	at org.apache.catalina.core.StandardEngineValve.invoke(StandardEngineValve.java:74)
	at org.apache.catalina.connector.CoyoteAdapter.service(CoyoteAdapter.java:344)
	at org.apache.coyote.http11.Http11Processor.service(Http11Processor.java:398)
	at org.apache.coyote.AbstractProcessorLight.process(AbstractProcessorLight.java:63)
	at org.apache.coyote.AbstractProtocol$ConnectionHandler.process(AbstractProtocol.java:903)
	at org.apache.tomcat.util.net.NioEndpoint$SocketProcessor.doRun(NioEndpoint.java:1769)
	at org.apache.tomcat.util.net.SocketProcessorBase.run(SocketProcessorBase.java:52)
	at org.apache.tomcat.util.threads.ThreadPoolExecutor.runWorker(ThreadPoolExecutor.java:1189)
	at org.apache.tomcat.util.threads.ThreadPoolExecutor$Worker.run(ThreadPoolExecutor.java:658)
	at org.apache.tomcat.util.threads.TaskThread$WrappingRunnable.run(TaskThread.java:63)
	at java.base/java.lang.Thread.run(Thread.java:842)
2025-08-03 23:00:36.786 [http-nio-9090-exec-1] DEBUG o.s.s.w.a.AnonymousAuthenticationFilter - Set SecurityContextHolder to anonymous SecurityContext
2025-08-03 23:00:36.787 [http-nio-9090-exec-1] DEBUG o.s.security.web.FilterChainProxy - Secured GET /api/analytics/revenue/top-items?vendorId=2&limit=10
2025-08-03 23:00:36.787 [http-nio-9090-exec-1] DEBUG o.s.web.servlet.DispatcherServlet - GET "/api/analytics/revenue/top-items?vendorId=2&limit=10", parameters={masked}
2025-08-03 23:00:36.788 [http-nio-9090-exec-6] DEBUG o.s.w.s.m.m.a.ExceptionHandlerExceptionResolver - Using @ExceptionHandler com.example.crave.kitchen.portal.exception.GlobalExceptionHandler#handleGlobalException(Exception, WebRequest)
2025-08-03 23:00:36.789 [http-nio-9090-exec-1] DEBUG o.s.w.s.h.SimpleUrlHandlerMapping - Mapped to ResourceHttpRequestHandler [classpath [META-INF/resources/], classpath [resources/], classpath [static/], classpath [public/], ServletContext [/]]
2025-08-03 23:00:36.791 [http-nio-9090-exec-1] DEBUG o.s.o.j.s.OpenEntityManagerInViewInterceptor - Opening JPA EntityManager in OpenEntityManagerInViewInterceptor
2025-08-03 23:00:36.793 [http-nio-9090-exec-7] DEBUG org.hibernate.SQL - 
    /* <criteria> */ select
        miie1_0.id,
        miie1_0.alt_text,
        miie1_0.created_at,
        miie1_0.display_order,
        miie1_0.file_name,
        miie1_0.file_size_bytes,
        miie1_0.height_pixels,
        miie1_0.image_type,
        miie1_0.image_url,
        miie1_0.is_primary,
        miie1_0.menu_item_id,
        miie1_0.updated_at,
        miie1_0.width_pixels 
    from
        ck_menu_item_images miie1_0 
    where
        miie1_0.menu_item_id=? 
        and miie1_0.is_primary=?
2025-08-03 23:00:36.797 [http-nio-9090-exec-1] DEBUG o.s.w.s.r.ResourceHttpRequestHandler - Resource not found
2025-08-03 23:00:36.796 [http-nio-9090-exec-6] DEBUG o.s.w.s.m.m.a.HttpEntityMethodProcessor - Using 'application/json', given [application/json] and supported [application/json, application/*+json]
2025-08-03 23:00:36.797 [http-nio-9090-exec-7] INFO  c.e.c.k.portal.impl.MenuServiceImpl - Successfully fetched 2 menu items for vendorId: 2
2025-08-03 23:00:36.797 [http-nio-9090-exec-6] DEBUG o.s.w.s.m.m.a.HttpEntityMethodProcessor - Writing [ApiResponseDto(success=false, message=An unexpected error occurred, error=INTERNAL_SERVER_ERROR, tim (truncated)...]
2025-08-03 23:00:36.798 [http-nio-9090-exec-7] DEBUG o.s.orm.jpa.JpaTransactionManager - Initiating transaction commit
2025-08-03 23:00:36.802 [http-nio-9090-exec-7] DEBUG o.s.orm.jpa.JpaTransactionManager - Committing JPA transaction on EntityManager [SessionImpl(267726417<open>)]
2025-08-03 23:00:36.798 [http-nio-9090-exec-1] DEBUG o.s.w.s.m.m.a.ExceptionHandlerExceptionResolver - Using @ExceptionHandler com.example.crave.kitchen.portal.exception.GlobalExceptionHandler#handleGlobalException(Exception, WebRequest)
2025-08-03 23:00:36.803 [http-nio-9090-exec-6] DEBUG o.s.w.s.m.m.a.ExceptionHandlerExceptionResolver - Resolved [org.springframework.web.servlet.resource.NoResourceFoundException: No static resource api/orders.]
2025-08-03 23:00:36.804 [http-nio-9090-exec-6] DEBUG o.s.o.j.s.OpenEntityManagerInViewInterceptor - Closing JPA EntityManager in OpenEntityManagerInViewInterceptor
2025-08-03 23:00:36.804 [http-nio-9090-exec-1] DEBUG o.s.w.s.m.m.a.HttpEntityMethodProcessor - Using 'application/json', given [application/json] and supported [application/json, application/*+json]
2025-08-03 23:00:36.804 [http-nio-9090-exec-7] DEBUG o.s.orm.jpa.JpaTransactionManager - Not closing pre-bound JPA EntityManager after transaction
2025-08-03 23:00:36.804 [http-nio-9090-exec-1] DEBUG o.s.w.s.m.m.a.HttpEntityMethodProcessor - Writing [ApiResponseDto(success=false, message=An unexpected error occurred, error=INTERNAL_SERVER_ERROR, tim (truncated)...]
2025-08-03 23:00:36.804 [http-nio-9090-exec-6] DEBUG o.s.web.servlet.DispatcherServlet - Completed 500 INTERNAL_SERVER_ERROR
2025-08-03 23:00:36.805 [http-nio-9090-exec-7] INFO  c.e.c.k.p.controller.MenuController - Successfully retrieved 2 menu items for vendorId: 2
2025-08-03 23:00:36.807 [http-nio-9090-exec-7] DEBUG o.s.w.s.m.m.a.HttpEntityMethodProcessor - Using 'application/json', given [application/json] and supported [application/json, application/*+json]
2025-08-03 23:00:36.809 [http-nio-9090-exec-7] DEBUG o.s.w.s.m.m.a.HttpEntityMethodProcessor - Writing [ApiResponseDto(success=true, message=Menu items retrieved successfully, error=null, timestamp=null,  (truncated)...]
2025-08-03 23:00:36.810 [http-nio-9090-exec-1] DEBUG o.s.w.s.m.m.a.ExceptionHandlerExceptionResolver - Resolved [org.springframework.web.servlet.resource.NoResourceFoundException: No static resource api/analytics/revenue/top-items.]
2025-08-03 23:00:36.810 [http-nio-9090-exec-1] DEBUG o.s.o.j.s.OpenEntityManagerInViewInterceptor - Closing JPA EntityManager in OpenEntityManagerInViewInterceptor
2025-08-03 23:00:36.810 [http-nio-9090-exec-1] DEBUG o.s.web.servlet.DispatcherServlet - Completed 500 INTERNAL_SERVER_ERROR
2025-08-03 23:00:36.814 [http-nio-9090-exec-7] DEBUG o.s.o.j.s.OpenEntityManagerInViewInterceptor - Closing JPA EntityManager in OpenEntityManagerInViewInterceptor
2025-08-03 23:00:36.817 [http-nio-9090-exec-7] DEBUG o.s.web.servlet.DispatcherServlet - Completed 200 OK
2025-08-03 23:00:36.844 [http-nio-9090-exec-5] WARN  c.e.c.k.p.service.JwtTokenService - JWT token is expired: JWT expired at 2025-08-03T17:14:14Z. Current time: 2025-08-03T17:30:36Z, a difference of 982843 milliseconds.  Allowed clock skew: 0 milliseconds.
2025-08-03 23:00:36.845 [http-nio-9090-exec-5] ERROR c.e.c.k.p.c.JwtAuthenticationFilter - Error processing JWT token
io.jsonwebtoken.ExpiredJwtException: JWT expired at 2025-08-03T17:14:14Z. Current time: 2025-08-03T17:30:36Z, a difference of 982843 milliseconds.  Allowed clock skew: 0 milliseconds.
	at io.jsonwebtoken.impl.DefaultJwtParser.parse(DefaultJwtParser.java:427)
	at io.jsonwebtoken.impl.DefaultJwtParser.parse(DefaultJwtParser.java:529)
	at io.jsonwebtoken.impl.DefaultJwtParser.parseClaimsJws(DefaultJwtParser.java:589)
	at io.jsonwebtoken.impl.ImmutableJwtParser.parseClaimsJws(ImmutableJwtParser.java:173)
	at com.example.crave.kitchen.portal.service.JwtTokenService.extractAllClaims(JwtTokenService.java:140)
	at com.example.crave.kitchen.portal.service.JwtTokenService.extractClaim(JwtTokenService.java:128)
	at com.example.crave.kitchen.portal.service.JwtTokenService.extractEmail(JwtTokenService.java:114)
	at com.example.crave.kitchen.portal.config.JwtAuthenticationFilter.doFilterInternal(JwtAuthenticationFilter.java:63)
	at org.springframework.web.filter.OncePerRequestFilter.doFilter(OncePerRequestFilter.java:116)
	at org.springframework.security.web.FilterChainProxy$VirtualFilterChain.doFilter(FilterChainProxy.java:374)
	at org.springframework.security.web.authentication.logout.LogoutFilter.doFilter(LogoutFilter.java:107)
	at org.springframework.security.web.authentication.logout.LogoutFilter.doFilter(LogoutFilter.java:93)
	at org.springframework.security.web.FilterChainProxy$VirtualFilterChain.doFilter(FilterChainProxy.java:374)
	at org.springframework.security.web.header.HeaderWriterFilter.doHeadersAfter(HeaderWriterFilter.java:90)
	at org.springframework.security.web.header.HeaderWriterFilter.doFilterInternal(HeaderWriterFilter.java:75)
	at org.springframework.web.filter.OncePerRequestFilter.doFilter(OncePerRequestFilter.java:116)
	at org.springframework.security.web.FilterChainProxy$VirtualFilterChain.doFilter(FilterChainProxy.java:374)
	at org.springframework.security.web.context.SecurityContextHolderFilter.doFilter(SecurityContextHolderFilter.java:82)
	at org.springframework.security.web.context.SecurityContextHolderFilter.doFilter(SecurityContextHolderFilter.java:69)
	at org.springframework.security.web.FilterChainProxy$VirtualFilterChain.doFilter(FilterChainProxy.java:374)
	at org.springframework.security.web.context.request.async.WebAsyncManagerIntegrationFilter.doFilterInternal(WebAsyncManagerIntegrationFilter.java:62)
	at org.springframework.web.filter.OncePerRequestFilter.doFilter(OncePerRequestFilter.java:116)
	at org.springframework.security.web.FilterChainProxy$VirtualFilterChain.doFilter(FilterChainProxy.java:374)
	at org.springframework.security.web.session.DisableEncodeUrlFilter.doFilterInternal(DisableEncodeUrlFilter.java:42)
	at org.springframework.web.filter.OncePerRequestFilter.doFilter(OncePerRequestFilter.java:116)
	at org.springframework.security.web.FilterChainProxy$VirtualFilterChain.doFilter(FilterChainProxy.java:374)
	at org.springframework.security.web.FilterChainProxy.doFilterInternal(FilterChainProxy.java:233)
	at org.springframework.security.web.FilterChainProxy.doFilter(FilterChainProxy.java:191)
	at org.springframework.web.filter.CompositeFilter$VirtualFilterChain.doFilter(CompositeFilter.java:113)
	at org.springframework.web.filter.ServletRequestPathFilter.doFilter(ServletRequestPathFilter.java:52)
	at org.springframework.web.filter.CompositeFilter$VirtualFilterChain.doFilter(CompositeFilter.java:113)
	at org.springframework.web.filter.CompositeFilter.doFilter(CompositeFilter.java:74)
	at org.springframework.security.config.annotation.web.configuration.WebSecurityConfiguration$CompositeFilterChainProxy.doFilter(WebSecurityConfiguration.java:319)
	at org.springframework.web.filter.CompositeFilter$VirtualFilterChain.doFilter(CompositeFilter.java:113)
	at org.springframework.web.servlet.handler.HandlerMappingIntrospector.lambda$createCacheFilter$4(HandlerMappingIntrospector.java:267)
	at org.springframework.web.filter.CompositeFilter$VirtualFilterChain.doFilter(CompositeFilter.java:113)
	at org.springframework.web.filter.CompositeFilter.doFilter(CompositeFilter.java:74)
	at org.springframework.security.config.annotation.web.configuration.WebMvcSecurityConfiguration$CompositeFilterChainProxy.doFilter(WebMvcSecurityConfiguration.java:240)
	at org.springframework.web.filter.DelegatingFilterProxy.invokeDelegate(DelegatingFilterProxy.java:362)
	at org.springframework.web.filter.DelegatingFilterProxy.doFilter(DelegatingFilterProxy.java:278)
	at org.apache.catalina.core.ApplicationFilterChain.internalDoFilter(ApplicationFilterChain.java:164)
	at org.apache.catalina.core.ApplicationFilterChain.doFilter(ApplicationFilterChain.java:140)
	at org.springframework.web.filter.RequestContextFilter.doFilterInternal(RequestContextFilter.java:100)
	at org.springframework.web.filter.OncePerRequestFilter.doFilter(OncePerRequestFilter.java:116)
	at org.apache.catalina.core.ApplicationFilterChain.internalDoFilter(ApplicationFilterChain.java:164)
	at org.apache.catalina.core.ApplicationFilterChain.doFilter(ApplicationFilterChain.java:140)
	at org.springframework.web.filter.FormContentFilter.doFilterInternal(FormContentFilter.java:93)
	at org.springframework.web.filter.OncePerRequestFilter.doFilter(OncePerRequestFilter.java:116)
	at org.apache.catalina.core.ApplicationFilterChain.internalDoFilter(ApplicationFilterChain.java:164)
	at org.apache.catalina.core.ApplicationFilterChain.doFilter(ApplicationFilterChain.java:140)
	at org.springframework.web.filter.CharacterEncodingFilter.doFilterInternal(CharacterEncodingFilter.java:201)
	at org.springframework.web.filter.OncePerRequestFilter.doFilter(OncePerRequestFilter.java:116)
	at org.apache.catalina.core.ApplicationFilterChain.internalDoFilter(ApplicationFilterChain.java:164)
	at org.apache.catalina.core.ApplicationFilterChain.doFilter(ApplicationFilterChain.java:140)
	at org.apache.catalina.core.StandardWrapperValve.invoke(StandardWrapperValve.java:167)
	at org.apache.catalina.core.StandardContextValve.invoke(StandardContextValve.java:90)
	at org.apache.catalina.authenticator.AuthenticatorBase.invoke(AuthenticatorBase.java:483)
	at org.apache.catalina.core.StandardHostValve.invoke(StandardHostValve.java:116)
	at org.apache.catalina.valves.ErrorReportValve.invoke(ErrorReportValve.java:93)
	at org.apache.catalina.core.StandardEngineValve.invoke(StandardEngineValve.java:74)
	at org.apache.catalina.connector.CoyoteAdapter.service(CoyoteAdapter.java:344)
	at org.apache.coyote.http11.Http11Processor.service(Http11Processor.java:398)
	at org.apache.coyote.AbstractProcessorLight.process(AbstractProcessorLight.java:63)
	at org.apache.coyote.AbstractProtocol$ConnectionHandler.process(AbstractProtocol.java:903)
	at org.apache.tomcat.util.net.NioEndpoint$SocketProcessor.doRun(NioEndpoint.java:1769)
	at org.apache.tomcat.util.net.SocketProcessorBase.run(SocketProcessorBase.java:52)
	at org.apache.tomcat.util.threads.ThreadPoolExecutor.runWorker(ThreadPoolExecutor.java:1189)
	at org.apache.tomcat.util.threads.ThreadPoolExecutor$Worker.run(ThreadPoolExecutor.java:658)
	at org.apache.tomcat.util.threads.TaskThread$WrappingRunnable.run(TaskThread.java:63)
	at java.base/java.lang.Thread.run(Thread.java:842)
2025-08-03 23:00:36.846 [http-nio-9090-exec-5] DEBUG o.s.s.w.a.AnonymousAuthenticationFilter - Set SecurityContextHolder to anonymous SecurityContext
2025-08-03 23:00:36.846 [http-nio-9090-exec-5] DEBUG o.s.security.web.FilterChainProxy - Secured GET /api/menu/categories?vendorId=2
2025-08-03 23:00:36.847 [http-nio-9090-exec-5] DEBUG o.s.web.servlet.DispatcherServlet - GET "/api/menu/categories?vendorId=2", parameters={masked}
2025-08-03 23:00:36.847 [http-nio-9090-exec-5] TRACE o.s.w.s.m.m.a.RequestMappingHandlerMapping - Mapped to com.example.crave.kitchen.portal.controller.MenuController#getAllCategories(Long, Boolean, Boolean, int, int, String, String)
2025-08-03 23:00:36.847 [http-nio-9090-exec-5] DEBUG o.s.o.j.s.OpenEntityManagerInViewInterceptor - Opening JPA EntityManager in OpenEntityManagerInViewInterceptor
2025-08-03 23:00:36.880 [http-nio-9090-exec-10] DEBUG o.s.security.web.FilterChainProxy - Securing GET /api/analytics/revenue/trends?vendorId=2&period=today
2025-08-03 23:00:36.881 [http-nio-9090-exec-10] DEBUG c.e.c.k.p.c.JwtAuthenticationFilter - Extracted token from Bearer Authorization header
2025-08-03 23:00:36.891 [http-nio-9090-exec-5] INFO  c.e.c.k.p.controller.MenuController - === MENU CATEGORIES - GET ALL ===
2025-08-03 23:00:36.892 [http-nio-9090-exec-5] INFO  c.e.c.k.p.controller.MenuController - Request Parameters - vendorId: 2, isActive: null, isFeatured: null, page: 0, size: 20, sortBy: displayOrder, sortDir: asc
2025-08-03 23:00:36.893 [http-nio-9090-exec-5] INFO  c.e.c.k.p.controller.MenuController - Request URL: GET /api/menu/categories
2025-08-03 23:00:36.897 [http-nio-9090-exec-10] WARN  c.e.c.k.p.service.JwtTokenService - JWT token is expired: JWT expired at 2025-08-03T17:14:14Z. Current time: 2025-08-03T17:30:36Z, a difference of 982897 milliseconds.  Allowed clock skew: 0 milliseconds.
2025-08-03 23:00:36.896 [http-nio-9090-exec-5] DEBUG o.s.orm.jpa.JpaTransactionManager - Found thread-bound EntityManager [SessionImpl(275252300<open>)] for JPA transaction
2025-08-03 23:00:36.898 [http-nio-9090-exec-5] DEBUG o.s.orm.jpa.JpaTransactionManager - Creating new transaction with name [com.example.crave.kitchen.portal.impl.MenuServiceImpl.getAllCategories]: PROPAGATION_REQUIRED,ISOLATION_DEFAULT
2025-08-03 23:00:36.898 [http-nio-9090-exec-10] ERROR c.e.c.k.p.c.JwtAuthenticationFilter - Error processing JWT token
io.jsonwebtoken.ExpiredJwtException: JWT expired at 2025-08-03T17:14:14Z. Current time: 2025-08-03T17:30:36Z, a difference of 982897 milliseconds.  Allowed clock skew: 0 milliseconds.
	at io.jsonwebtoken.impl.DefaultJwtParser.parse(DefaultJwtParser.java:427)
	at io.jsonwebtoken.impl.DefaultJwtParser.parse(DefaultJwtParser.java:529)
	at io.jsonwebtoken.impl.DefaultJwtParser.parseClaimsJws(DefaultJwtParser.java:589)
	at io.jsonwebtoken.impl.ImmutableJwtParser.parseClaimsJws(ImmutableJwtParser.java:173)
	at com.example.crave.kitchen.portal.service.JwtTokenService.extractAllClaims(JwtTokenService.java:140)
	at com.example.crave.kitchen.portal.service.JwtTokenService.extractClaim(JwtTokenService.java:128)
	at com.example.crave.kitchen.portal.service.JwtTokenService.extractEmail(JwtTokenService.java:114)
	at com.example.crave.kitchen.portal.config.JwtAuthenticationFilter.doFilterInternal(JwtAuthenticationFilter.java:63)
	at org.springframework.web.filter.OncePerRequestFilter.doFilter(OncePerRequestFilter.java:116)
	at org.springframework.security.web.FilterChainProxy$VirtualFilterChain.doFilter(FilterChainProxy.java:374)
	at org.springframework.security.web.authentication.logout.LogoutFilter.doFilter(LogoutFilter.java:107)
	at org.springframework.security.web.authentication.logout.LogoutFilter.doFilter(LogoutFilter.java:93)
	at org.springframework.security.web.FilterChainProxy$VirtualFilterChain.doFilter(FilterChainProxy.java:374)
	at org.springframework.security.web.header.HeaderWriterFilter.doHeadersAfter(HeaderWriterFilter.java:90)
	at org.springframework.security.web.header.HeaderWriterFilter.doFilterInternal(HeaderWriterFilter.java:75)
	at org.springframework.web.filter.OncePerRequestFilter.doFilter(OncePerRequestFilter.java:116)
	at org.springframework.security.web.FilterChainProxy$VirtualFilterChain.doFilter(FilterChainProxy.java:374)
	at org.springframework.security.web.context.SecurityContextHolderFilter.doFilter(SecurityContextHolderFilter.java:82)
	at org.springframework.security.web.context.SecurityContextHolderFilter.doFilter(SecurityContextHolderFilter.java:69)
	at org.springframework.security.web.FilterChainProxy$VirtualFilterChain.doFilter(FilterChainProxy.java:374)
	at org.springframework.security.web.context.request.async.WebAsyncManagerIntegrationFilter.doFilterInternal(WebAsyncManagerIntegrationFilter.java:62)
	at org.springframework.web.filter.OncePerRequestFilter.doFilter(OncePerRequestFilter.java:116)
	at org.springframework.security.web.FilterChainProxy$VirtualFilterChain.doFilter(FilterChainProxy.java:374)
	at org.springframework.security.web.session.DisableEncodeUrlFilter.doFilterInternal(DisableEncodeUrlFilter.java:42)
	at org.springframework.web.filter.OncePerRequestFilter.doFilter(OncePerRequestFilter.java:116)
	at org.springframework.security.web.FilterChainProxy$VirtualFilterChain.doFilter(FilterChainProxy.java:374)
	at org.springframework.security.web.FilterChainProxy.doFilterInternal(FilterChainProxy.java:233)
	at org.springframework.security.web.FilterChainProxy.doFilter(FilterChainProxy.java:191)
	at org.springframework.web.filter.CompositeFilter$VirtualFilterChain.doFilter(CompositeFilter.java:113)
	at org.springframework.web.filter.ServletRequestPathFilter.doFilter(ServletRequestPathFilter.java:52)
	at org.springframework.web.filter.CompositeFilter$VirtualFilterChain.doFilter(CompositeFilter.java:113)
	at org.springframework.web.filter.CompositeFilter.doFilter(CompositeFilter.java:74)
	at org.springframework.security.config.annotation.web.configuration.WebSecurityConfiguration$CompositeFilterChainProxy.doFilter(WebSecurityConfiguration.java:319)
	at org.springframework.web.filter.CompositeFilter$VirtualFilterChain.doFilter(CompositeFilter.java:113)
	at org.springframework.web.servlet.handler.HandlerMappingIntrospector.lambda$createCacheFilter$4(HandlerMappingIntrospector.java:267)
	at org.springframework.web.filter.CompositeFilter$VirtualFilterChain.doFilter(CompositeFilter.java:113)
	at org.springframework.web.filter.CompositeFilter.doFilter(CompositeFilter.java:74)
	at org.springframework.security.config.annotation.web.configuration.WebMvcSecurityConfiguration$CompositeFilterChainProxy.doFilter(WebMvcSecurityConfiguration.java:240)
	at org.springframework.web.filter.DelegatingFilterProxy.invokeDelegate(DelegatingFilterProxy.java:362)
	at org.springframework.web.filter.DelegatingFilterProxy.doFilter(DelegatingFilterProxy.java:278)
	at org.apache.catalina.core.ApplicationFilterChain.internalDoFilter(ApplicationFilterChain.java:164)
	at org.apache.catalina.core.ApplicationFilterChain.doFilter(ApplicationFilterChain.java:140)
	at org.springframework.web.filter.RequestContextFilter.doFilterInternal(RequestContextFilter.java:100)
	at org.springframework.web.filter.OncePerRequestFilter.doFilter(OncePerRequestFilter.java:116)
	at org.apache.catalina.core.ApplicationFilterChain.internalDoFilter(ApplicationFilterChain.java:164)
	at org.apache.catalina.core.ApplicationFilterChain.doFilter(ApplicationFilterChain.java:140)
	at org.springframework.web.filter.FormContentFilter.doFilterInternal(FormContentFilter.java:93)
	at org.springframework.web.filter.OncePerRequestFilter.doFilter(OncePerRequestFilter.java:116)
	at org.apache.catalina.core.ApplicationFilterChain.internalDoFilter(ApplicationFilterChain.java:164)
	at org.apache.catalina.core.ApplicationFilterChain.doFilter(ApplicationFilterChain.java:140)
	at org.springframework.web.filter.CharacterEncodingFilter.doFilterInternal(CharacterEncodingFilter.java:201)
	at org.springframework.web.filter.OncePerRequestFilter.doFilter(OncePerRequestFilter.java:116)
	at org.apache.catalina.core.ApplicationFilterChain.internalDoFilter(ApplicationFilterChain.java:164)
	at org.apache.catalina.core.ApplicationFilterChain.doFilter(ApplicationFilterChain.java:140)
	at org.apache.catalina.core.StandardWrapperValve.invoke(StandardWrapperValve.java:167)
	at org.apache.catalina.core.StandardContextValve.invoke(StandardContextValve.java:90)
	at org.apache.catalina.authenticator.AuthenticatorBase.invoke(AuthenticatorBase.java:483)
	at org.apache.catalina.core.StandardHostValve.invoke(StandardHostValve.java:116)
	at org.apache.catalina.valves.ErrorReportValve.invoke(ErrorReportValve.java:93)
	at org.apache.catalina.core.StandardEngineValve.invoke(StandardEngineValve.java:74)
	at org.apache.catalina.connector.CoyoteAdapter.service(CoyoteAdapter.java:344)
	at org.apache.coyote.http11.Http11Processor.service(Http11Processor.java:398)
	at org.apache.coyote.AbstractProcessorLight.process(AbstractProcessorLight.java:63)
	at org.apache.coyote.AbstractProtocol$ConnectionHandler.process(AbstractProtocol.java:903)
	at org.apache.tomcat.util.net.NioEndpoint$SocketProcessor.doRun(NioEndpoint.java:1769)
	at org.apache.tomcat.util.net.SocketProcessorBase.run(SocketProcessorBase.java:52)
	at org.apache.tomcat.util.threads.ThreadPoolExecutor.runWorker(ThreadPoolExecutor.java:1189)
	at org.apache.tomcat.util.threads.ThreadPoolExecutor$Worker.run(ThreadPoolExecutor.java:658)
	at org.apache.tomcat.util.threads.TaskThread$WrappingRunnable.run(TaskThread.java:63)
	at java.base/java.lang.Thread.run(Thread.java:842)
2025-08-03 23:00:36.899 [http-nio-9090-exec-5] DEBUG o.s.orm.jpa.JpaTransactionManager - Exposing JPA transaction as JDBC [org.springframework.orm.jpa.vendor.HibernateJpaDialect$HibernateConnectionHandle@36a8b15a]
2025-08-03 23:00:36.899 [http-nio-9090-exec-10] DEBUG o.s.s.w.a.AnonymousAuthenticationFilter - Set SecurityContextHolder to anonymous SecurityContext
2025-08-03 23:00:36.899 [http-nio-9090-exec-5] INFO  c.e.c.k.portal.impl.MenuServiceImpl - === MENU SERVICE - GET ALL CATEGORIES ===
2025-08-03 23:00:36.900 [http-nio-9090-exec-5] INFO  c.e.c.k.portal.impl.MenuServiceImpl - Parameters - vendorId: 2, isActive: null, isFeatured: null, page: 0, size: 20
2025-08-03 23:00:36.904 [http-nio-9090-exec-5] DEBUG c.e.c.k.portal.impl.MenuServiceImpl - Pagination parameters - minRow: 0, maxRow: 20, pageSize: 20
2025-08-03 23:00:36.910 [http-nio-9090-exec-5] DEBUG org.hibernate.SQL - 
    /* dynamic native SQL query */ SELECT
        * 
    FROM
        (SELECT
            a.*,
            ROWNUM rnum 
        FROM
            (SELECT
                * 
            FROM
                ck_menu_categories 
            WHERE
                vendor_id = ? 
            ORDER BY
                display_order ASC) a 
        WHERE
            ROWNUM <= ?) 
    WHERE
        rnum > ?
2025-08-03 23:00:36.910 [http-nio-9090-exec-10] DEBUG o.s.security.web.FilterChainProxy - Secured GET /api/analytics/revenue/trends?vendorId=2&period=today
2025-08-03 23:00:36.911 [http-nio-9090-exec-10] DEBUG o.s.web.servlet.DispatcherServlet - GET "/api/analytics/revenue/trends?vendorId=2&period=today", parameters={masked}
2025-08-03 23:00:36.912 [http-nio-9090-exec-10] DEBUG o.s.w.s.h.SimpleUrlHandlerMapping - Mapped to ResourceHttpRequestHandler [classpath [META-INF/resources/], classpath [resources/], classpath [static/], classpath [public/], ServletContext [/]]
2025-08-03 23:00:36.913 [http-nio-9090-exec-10] DEBUG o.s.o.j.s.OpenEntityManagerInViewInterceptor - Opening JPA EntityManager in OpenEntityManagerInViewInterceptor
2025-08-03 23:00:36.920 [http-nio-9090-exec-10] DEBUG o.s.w.s.r.ResourceHttpRequestHandler - Resource not found
2025-08-03 23:00:36.922 [http-nio-9090-exec-10] DEBUG o.s.w.s.m.m.a.ExceptionHandlerExceptionResolver - Using @ExceptionHandler com.example.crave.kitchen.portal.exception.GlobalExceptionHandler#handleGlobalException(Exception, WebRequest)
2025-08-03 23:00:36.925 [http-nio-9090-exec-10] DEBUG o.s.w.s.m.m.a.HttpEntityMethodProcessor - Using 'application/json', given [application/json] and supported [application/json, application/*+json]
2025-08-03 23:00:36.925 [http-nio-9090-exec-10] DEBUG o.s.w.s.m.m.a.HttpEntityMethodProcessor - Writing [ApiResponseDto(success=false, message=An unexpected error occurred, error=INTERNAL_SERVER_ERROR, tim (truncated)...]
2025-08-03 23:00:36.927 [http-nio-9090-exec-10] DEBUG o.s.w.s.m.m.a.ExceptionHandlerExceptionResolver - Resolved [org.springframework.web.servlet.resource.NoResourceFoundException: No static resource api/analytics/revenue/trends.]
2025-08-03 23:00:36.928 [http-nio-9090-exec-10] DEBUG o.s.o.j.s.OpenEntityManagerInViewInterceptor - Closing JPA EntityManager in OpenEntityManagerInViewInterceptor
2025-08-03 23:00:36.929 [http-nio-9090-exec-10] DEBUG o.s.web.servlet.DispatcherServlet - Completed 500 INTERNAL_SERVER_ERROR
2025-08-03 23:00:36.930 [http-nio-9090-exec-5] DEBUG org.hibernate.SQL - 
    /* dynamic native SQL query */ SELECT
        COUNT(*) 
    FROM
        ck_menu_categories 
    WHERE
        vendor_id = ?
2025-08-03 23:00:36.943 [http-nio-9090-exec-5] DEBUG c.e.c.k.portal.impl.MenuServiceImpl - Database query executed with filter type: ALL
2025-08-03 23:00:36.951 [http-nio-9090-exec-5] DEBUG org.hibernate.SQL - 
    /* <criteria> */ select
        count(mie1_0.id) 
    from
        ck_menu_items mie1_0 
    where
        mie1_0.category_id=?
2025-08-03 23:00:36.963 [http-nio-9090-exec-5] DEBUG org.hibernate.SQL - 
    /* <criteria> */ select
        count(mie1_0.id) 
    from
        ck_menu_items mie1_0 
    where
        mie1_0.category_id=?
2025-08-03 23:00:36.970 [http-nio-9090-exec-5] INFO  c.e.c.k.portal.impl.MenuServiceImpl - === SUCCESS ===
2025-08-03 23:00:36.970 [http-nio-9090-exec-5] INFO  c.e.c.k.portal.impl.MenuServiceImpl - Retrieved 2 categories for vendorId: 2 (Page 1 of 1)
2025-08-03 23:00:36.970 [http-nio-9090-exec-5] INFO  c.e.c.k.portal.impl.MenuServiceImpl - Categories in current page: 2
2025-08-03 23:00:36.970 [http-nio-9090-exec-5] DEBUG o.s.orm.jpa.JpaTransactionManager - Initiating transaction commit
2025-08-03 23:00:36.970 [http-nio-9090-exec-5] DEBUG o.s.orm.jpa.JpaTransactionManager - Committing JPA transaction on EntityManager [SessionImpl(275252300<open>)]
2025-08-03 23:00:36.972 [http-nio-9090-exec-5] DEBUG o.s.orm.jpa.JpaTransactionManager - Not closing pre-bound JPA EntityManager after transaction
2025-08-03 23:00:36.972 [http-nio-9090-exec-5] INFO  c.e.c.k.p.controller.MenuController - === SUCCESS ===
2025-08-03 23:00:36.972 [http-nio-9090-exec-5] INFO  c.e.c.k.p.controller.MenuController - Retrieved 2 categories for vendorId: 2 (Page 1 of 1)
2025-08-03 23:00:36.972 [http-nio-9090-exec-5] INFO  c.e.c.k.p.controller.MenuController - Categories in current page: 2
2025-08-03 23:00:36.974 [http-nio-9090-exec-5] DEBUG o.s.w.s.m.m.a.HttpEntityMethodProcessor - Using 'application/json', given [application/json] and supported [application/json, application/*+json]
2025-08-03 23:00:36.974 [http-nio-9090-exec-5] DEBUG o.s.w.s.m.m.a.HttpEntityMethodProcessor - Writing [ApiResponseDto(success=true, message=Categories retrieved successfully, error=null, timestamp=null,  (truncated)...]
2025-08-03 23:00:36.977 [http-nio-9090-exec-5] DEBUG o.s.o.j.s.OpenEntityManagerInViewInterceptor - Closing JPA EntityManager in OpenEntityManagerInViewInterceptor
2025-08-03 23:00:36.978 [http-nio-9090-exec-5] DEBUG o.s.web.servlet.DispatcherServlet - Completed 200 OK
2025-08-03 23:00:36.990 [http-nio-9090-exec-9] DEBUG o.s.security.web.FilterChainProxy - Securing GET /api/analytics/orders/analytics?vendorId=2&period=today
2025-08-03 23:00:36.990 [http-nio-9090-exec-9] DEBUG c.e.c.k.p.c.JwtAuthenticationFilter - Extracted token from Bearer Authorization header
2025-08-03 23:00:36.994 [http-nio-9090-exec-9] WARN  c.e.c.k.p.service.JwtTokenService - JWT token is expired: JWT expired at 2025-08-03T17:14:14Z. Current time: 2025-08-03T17:30:36Z, a difference of 982994 milliseconds.  Allowed clock skew: 0 milliseconds.
2025-08-03 23:00:36.994 [http-nio-9090-exec-9] ERROR c.e.c.k.p.c.JwtAuthenticationFilter - Error processing JWT token
io.jsonwebtoken.ExpiredJwtException: JWT expired at 2025-08-03T17:14:14Z. Current time: 2025-08-03T17:30:36Z, a difference of 982994 milliseconds.  Allowed clock skew: 0 milliseconds.
	at io.jsonwebtoken.impl.DefaultJwtParser.parse(DefaultJwtParser.java:427)
	at io.jsonwebtoken.impl.DefaultJwtParser.parse(DefaultJwtParser.java:529)
	at io.jsonwebtoken.impl.DefaultJwtParser.parseClaimsJws(DefaultJwtParser.java:589)
	at io.jsonwebtoken.impl.ImmutableJwtParser.parseClaimsJws(ImmutableJwtParser.java:173)
	at com.example.crave.kitchen.portal.service.JwtTokenService.extractAllClaims(JwtTokenService.java:140)
	at com.example.crave.kitchen.portal.service.JwtTokenService.extractClaim(JwtTokenService.java:128)
	at com.example.crave.kitchen.portal.service.JwtTokenService.extractEmail(JwtTokenService.java:114)
	at com.example.crave.kitchen.portal.config.JwtAuthenticationFilter.doFilterInternal(JwtAuthenticationFilter.java:63)
	at org.springframework.web.filter.OncePerRequestFilter.doFilter(OncePerRequestFilter.java:116)
	at org.springframework.security.web.FilterChainProxy$VirtualFilterChain.doFilter(FilterChainProxy.java:374)
	at org.springframework.security.web.authentication.logout.LogoutFilter.doFilter(LogoutFilter.java:107)
	at org.springframework.security.web.authentication.logout.LogoutFilter.doFilter(LogoutFilter.java:93)
	at org.springframework.security.web.FilterChainProxy$VirtualFilterChain.doFilter(FilterChainProxy.java:374)
	at org.springframework.security.web.header.HeaderWriterFilter.doHeadersAfter(HeaderWriterFilter.java:90)
	at org.springframework.security.web.header.HeaderWriterFilter.doFilterInternal(HeaderWriterFilter.java:75)
	at org.springframework.web.filter.OncePerRequestFilter.doFilter(OncePerRequestFilter.java:116)
	at org.springframework.security.web.FilterChainProxy$VirtualFilterChain.doFilter(FilterChainProxy.java:374)
	at org.springframework.security.web.context.SecurityContextHolderFilter.doFilter(SecurityContextHolderFilter.java:82)
	at org.springframework.security.web.context.SecurityContextHolderFilter.doFilter(SecurityContextHolderFilter.java:69)
	at org.springframework.security.web.FilterChainProxy$VirtualFilterChain.doFilter(FilterChainProxy.java:374)
	at org.springframework.security.web.context.request.async.WebAsyncManagerIntegrationFilter.doFilterInternal(WebAsyncManagerIntegrationFilter.java:62)
	at org.springframework.web.filter.OncePerRequestFilter.doFilter(OncePerRequestFilter.java:116)
	at org.springframework.security.web.FilterChainProxy$VirtualFilterChain.doFilter(FilterChainProxy.java:374)
	at org.springframework.security.web.session.DisableEncodeUrlFilter.doFilterInternal(DisableEncodeUrlFilter.java:42)
	at org.springframework.web.filter.OncePerRequestFilter.doFilter(OncePerRequestFilter.java:116)
	at org.springframework.security.web.FilterChainProxy$VirtualFilterChain.doFilter(FilterChainProxy.java:374)
	at org.springframework.security.web.FilterChainProxy.doFilterInternal(FilterChainProxy.java:233)
	at org.springframework.security.web.FilterChainProxy.doFilter(FilterChainProxy.java:191)
	at org.springframework.web.filter.CompositeFilter$VirtualFilterChain.doFilter(CompositeFilter.java:113)
	at org.springframework.web.filter.ServletRequestPathFilter.doFilter(ServletRequestPathFilter.java:52)
	at org.springframework.web.filter.CompositeFilter$VirtualFilterChain.doFilter(CompositeFilter.java:113)
	at org.springframework.web.filter.CompositeFilter.doFilter(CompositeFilter.java:74)
	at org.springframework.security.config.annotation.web.configuration.WebSecurityConfiguration$CompositeFilterChainProxy.doFilter(WebSecurityConfiguration.java:319)
	at org.springframework.web.filter.CompositeFilter$VirtualFilterChain.doFilter(CompositeFilter.java:113)
	at org.springframework.web.servlet.handler.HandlerMappingIntrospector.lambda$createCacheFilter$4(HandlerMappingIntrospector.java:267)
	at org.springframework.web.filter.CompositeFilter$VirtualFilterChain.doFilter(CompositeFilter.java:113)
	at org.springframework.web.filter.CompositeFilter.doFilter(CompositeFilter.java:74)
	at org.springframework.security.config.annotation.web.configuration.WebMvcSecurityConfiguration$CompositeFilterChainProxy.doFilter(WebMvcSecurityConfiguration.java:240)
	at org.springframework.web.filter.DelegatingFilterProxy.invokeDelegate(DelegatingFilterProxy.java:362)
	at org.springframework.web.filter.DelegatingFilterProxy.doFilter(DelegatingFilterProxy.java:278)
	at org.apache.catalina.core.ApplicationFilterChain.internalDoFilter(ApplicationFilterChain.java:164)
	at org.apache.catalina.core.ApplicationFilterChain.doFilter(ApplicationFilterChain.java:140)
	at org.springframework.web.filter.RequestContextFilter.doFilterInternal(RequestContextFilter.java:100)
	at org.springframework.web.filter.OncePerRequestFilter.doFilter(OncePerRequestFilter.java:116)
	at org.apache.catalina.core.ApplicationFilterChain.internalDoFilter(ApplicationFilterChain.java:164)
	at org.apache.catalina.core.ApplicationFilterChain.doFilter(ApplicationFilterChain.java:140)
	at org.springframework.web.filter.FormContentFilter.doFilterInternal(FormContentFilter.java:93)
	at org.springframework.web.filter.OncePerRequestFilter.doFilter(OncePerRequestFilter.java:116)
	at org.apache.catalina.core.ApplicationFilterChain.internalDoFilter(ApplicationFilterChain.java:164)
	at org.apache.catalina.core.ApplicationFilterChain.doFilter(ApplicationFilterChain.java:140)
	at org.springframework.web.filter.CharacterEncodingFilter.doFilterInternal(CharacterEncodingFilter.java:201)
	at org.springframework.web.filter.OncePerRequestFilter.doFilter(OncePerRequestFilter.java:116)
	at org.apache.catalina.core.ApplicationFilterChain.internalDoFilter(ApplicationFilterChain.java:164)
	at org.apache.catalina.core.ApplicationFilterChain.doFilter(ApplicationFilterChain.java:140)
	at org.apache.catalina.core.StandardWrapperValve.invoke(StandardWrapperValve.java:167)
	at org.apache.catalina.core.StandardContextValve.invoke(StandardContextValve.java:90)
	at org.apache.catalina.authenticator.AuthenticatorBase.invoke(AuthenticatorBase.java:483)
	at org.apache.catalina.core.StandardHostValve.invoke(StandardHostValve.java:116)
	at org.apache.catalina.valves.ErrorReportValve.invoke(ErrorReportValve.java:93)
	at org.apache.catalina.core.StandardEngineValve.invoke(StandardEngineValve.java:74)
	at org.apache.catalina.connector.CoyoteAdapter.service(CoyoteAdapter.java:344)
	at org.apache.coyote.http11.Http11Processor.service(Http11Processor.java:398)
	at org.apache.coyote.AbstractProcessorLight.process(AbstractProcessorLight.java:63)
	at org.apache.coyote.AbstractProtocol$ConnectionHandler.process(AbstractProtocol.java:903)
	at org.apache.tomcat.util.net.NioEndpoint$SocketProcessor.doRun(NioEndpoint.java:1769)
	at org.apache.tomcat.util.net.SocketProcessorBase.run(SocketProcessorBase.java:52)
	at org.apache.tomcat.util.threads.ThreadPoolExecutor.runWorker(ThreadPoolExecutor.java:1189)
	at org.apache.tomcat.util.threads.ThreadPoolExecutor$Worker.run(ThreadPoolExecutor.java:658)
	at org.apache.tomcat.util.threads.TaskThread$WrappingRunnable.run(TaskThread.java:63)
	at java.base/java.lang.Thread.run(Thread.java:842)
2025-08-03 23:00:36.995 [http-nio-9090-exec-9] DEBUG o.s.s.w.a.AnonymousAuthenticationFilter - Set SecurityContextHolder to anonymous SecurityContext
2025-08-03 23:00:36.995 [http-nio-9090-exec-9] DEBUG o.s.security.web.FilterChainProxy - Secured GET /api/analytics/orders/analytics?vendorId=2&period=today
2025-08-03 23:00:36.996 [http-nio-9090-exec-9] DEBUG o.s.web.servlet.DispatcherServlet - GET "/api/analytics/orders/analytics?vendorId=2&period=today", parameters={masked}
2025-08-03 23:00:37.000 [http-nio-9090-exec-9] DEBUG o.s.w.s.h.SimpleUrlHandlerMapping - Mapped to ResourceHttpRequestHandler [classpath [META-INF/resources/], classpath [resources/], classpath [static/], classpath [public/], ServletContext [/]]
2025-08-03 23:00:37.001 [http-nio-9090-exec-9] DEBUG o.s.o.j.s.OpenEntityManagerInViewInterceptor - Opening JPA EntityManager in OpenEntityManagerInViewInterceptor
2025-08-03 23:00:37.004 [http-nio-9090-exec-9] DEBUG o.s.w.s.r.ResourceHttpRequestHandler - Resource not found
2025-08-03 23:00:37.004 [http-nio-9090-exec-9] DEBUG o.s.w.s.m.m.a.ExceptionHandlerExceptionResolver - Using @ExceptionHandler com.example.crave.kitchen.portal.exception.GlobalExceptionHandler#handleGlobalException(Exception, WebRequest)
2025-08-03 23:00:37.005 [http-nio-9090-exec-9] DEBUG o.s.w.s.m.m.a.HttpEntityMethodProcessor - Using 'application/json', given [application/json] and supported [application/json, application/*+json]
2025-08-03 23:00:37.006 [http-nio-9090-exec-9] DEBUG o.s.w.s.m.m.a.HttpEntityMethodProcessor - Writing [ApiResponseDto(success=false, message=An unexpected error occurred, error=INTERNAL_SERVER_ERROR, tim (truncated)...]
2025-08-03 23:00:37.007 [http-nio-9090-exec-9] DEBUG o.s.w.s.m.m.a.ExceptionHandlerExceptionResolver - Resolved [org.springframework.web.servlet.resource.NoResourceFoundException: No static resource api/analytics/orders/analytics.]
2025-08-03 23:00:37.007 [http-nio-9090-exec-9] DEBUG o.s.o.j.s.OpenEntityManagerInViewInterceptor - Closing JPA EntityManager in OpenEntityManagerInViewInterceptor
2025-08-03 23:00:37.007 [http-nio-9090-exec-9] DEBUG o.s.web.servlet.DispatcherServlet - Completed 500 INTERNAL_SERVER_ERROR
2025-08-03 23:00:37.118 [http-nio-9090-exec-8] DEBUG o.s.security.web.FilterChainProxy - Securing GET /api/analytics/orders/trends?vendorId=2&period=today
2025-08-03 23:00:37.118 [http-nio-9090-exec-8] DEBUG c.e.c.k.p.c.JwtAuthenticationFilter - Extracted token from Bearer Authorization header
2025-08-03 23:00:37.123 [http-nio-9090-exec-8] WARN  c.e.c.k.p.service.JwtTokenService - JWT token is expired: JWT expired at 2025-08-03T17:14:14Z. Current time: 2025-08-03T17:30:37Z, a difference of 983122 milliseconds.  Allowed clock skew: 0 milliseconds.
2025-08-03 23:00:37.123 [http-nio-9090-exec-8] ERROR c.e.c.k.p.c.JwtAuthenticationFilter - Error processing JWT token
io.jsonwebtoken.ExpiredJwtException: JWT expired at 2025-08-03T17:14:14Z. Current time: 2025-08-03T17:30:37Z, a difference of 983122 milliseconds.  Allowed clock skew: 0 milliseconds.
	at io.jsonwebtoken.impl.DefaultJwtParser.parse(DefaultJwtParser.java:427)
	at io.jsonwebtoken.impl.DefaultJwtParser.parse(DefaultJwtParser.java:529)
	at io.jsonwebtoken.impl.DefaultJwtParser.parseClaimsJws(DefaultJwtParser.java:589)
	at io.jsonwebtoken.impl.ImmutableJwtParser.parseClaimsJws(ImmutableJwtParser.java:173)
	at com.example.crave.kitchen.portal.service.JwtTokenService.extractAllClaims(JwtTokenService.java:140)
	at com.example.crave.kitchen.portal.service.JwtTokenService.extractClaim(JwtTokenService.java:128)
	at com.example.crave.kitchen.portal.service.JwtTokenService.extractEmail(JwtTokenService.java:114)
	at com.example.crave.kitchen.portal.config.JwtAuthenticationFilter.doFilterInternal(JwtAuthenticationFilter.java:63)
	at org.springframework.web.filter.OncePerRequestFilter.doFilter(OncePerRequestFilter.java:116)
	at org.springframework.security.web.FilterChainProxy$VirtualFilterChain.doFilter(FilterChainProxy.java:374)
	at org.springframework.security.web.authentication.logout.LogoutFilter.doFilter(LogoutFilter.java:107)
	at org.springframework.security.web.authentication.logout.LogoutFilter.doFilter(LogoutFilter.java:93)
	at org.springframework.security.web.FilterChainProxy$VirtualFilterChain.doFilter(FilterChainProxy.java:374)
	at org.springframework.security.web.header.HeaderWriterFilter.doHeadersAfter(HeaderWriterFilter.java:90)
	at org.springframework.security.web.header.HeaderWriterFilter.doFilterInternal(HeaderWriterFilter.java:75)
	at org.springframework.web.filter.OncePerRequestFilter.doFilter(OncePerRequestFilter.java:116)
	at org.springframework.security.web.FilterChainProxy$VirtualFilterChain.doFilter(FilterChainProxy.java:374)
	at org.springframework.security.web.context.SecurityContextHolderFilter.doFilter(SecurityContextHolderFilter.java:82)
	at org.springframework.security.web.context.SecurityContextHolderFilter.doFilter(SecurityContextHolderFilter.java:69)
	at org.springframework.security.web.FilterChainProxy$VirtualFilterChain.doFilter(FilterChainProxy.java:374)
	at org.springframework.security.web.context.request.async.WebAsyncManagerIntegrationFilter.doFilterInternal(WebAsyncManagerIntegrationFilter.java:62)
	at org.springframework.web.filter.OncePerRequestFilter.doFilter(OncePerRequestFilter.java:116)
	at org.springframework.security.web.FilterChainProxy$VirtualFilterChain.doFilter(FilterChainProxy.java:374)
	at org.springframework.security.web.session.DisableEncodeUrlFilter.doFilterInternal(DisableEncodeUrlFilter.java:42)
	at org.springframework.web.filter.OncePerRequestFilter.doFilter(OncePerRequestFilter.java:116)
	at org.springframework.security.web.FilterChainProxy$VirtualFilterChain.doFilter(FilterChainProxy.java:374)
	at org.springframework.security.web.FilterChainProxy.doFilterInternal(FilterChainProxy.java:233)
	at org.springframework.security.web.FilterChainProxy.doFilter(FilterChainProxy.java:191)
	at org.springframework.web.filter.CompositeFilter$VirtualFilterChain.doFilter(CompositeFilter.java:113)
	at org.springframework.web.filter.ServletRequestPathFilter.doFilter(ServletRequestPathFilter.java:52)
	at org.springframework.web.filter.CompositeFilter$VirtualFilterChain.doFilter(CompositeFilter.java:113)
	at org.springframework.web.filter.CompositeFilter.doFilter(CompositeFilter.java:74)
	at org.springframework.security.config.annotation.web.configuration.WebSecurityConfiguration$CompositeFilterChainProxy.doFilter(WebSecurityConfiguration.java:319)
	at org.springframework.web.filter.CompositeFilter$VirtualFilterChain.doFilter(CompositeFilter.java:113)
	at org.springframework.web.servlet.handler.HandlerMappingIntrospector.lambda$createCacheFilter$4(HandlerMappingIntrospector.java:267)
	at org.springframework.web.filter.CompositeFilter$VirtualFilterChain.doFilter(CompositeFilter.java:113)
	at org.springframework.web.filter.CompositeFilter.doFilter(CompositeFilter.java:74)
	at org.springframework.security.config.annotation.web.configuration.WebMvcSecurityConfiguration$CompositeFilterChainProxy.doFilter(WebMvcSecurityConfiguration.java:240)
	at org.springframework.web.filter.DelegatingFilterProxy.invokeDelegate(DelegatingFilterProxy.java:362)
	at org.springframework.web.filter.DelegatingFilterProxy.doFilter(DelegatingFilterProxy.java:278)
	at org.apache.catalina.core.ApplicationFilterChain.internalDoFilter(ApplicationFilterChain.java:164)
	at org.apache.catalina.core.ApplicationFilterChain.doFilter(ApplicationFilterChain.java:140)
	at org.springframework.web.filter.RequestContextFilter.doFilterInternal(RequestContextFilter.java:100)
	at org.springframework.web.filter.OncePerRequestFilter.doFilter(OncePerRequestFilter.java:116)
	at org.apache.catalina.core.ApplicationFilterChain.internalDoFilter(ApplicationFilterChain.java:164)
	at org.apache.catalina.core.ApplicationFilterChain.doFilter(ApplicationFilterChain.java:140)
	at org.springframework.web.filter.FormContentFilter.doFilterInternal(FormContentFilter.java:93)
	at org.springframework.web.filter.OncePerRequestFilter.doFilter(OncePerRequestFilter.java:116)
	at org.apache.catalina.core.ApplicationFilterChain.internalDoFilter(ApplicationFilterChain.java:164)
	at org.apache.catalina.core.ApplicationFilterChain.doFilter(ApplicationFilterChain.java:140)
	at org.springframework.web.filter.CharacterEncodingFilter.doFilterInternal(CharacterEncodingFilter.java:201)
	at org.springframework.web.filter.OncePerRequestFilter.doFilter(OncePerRequestFilter.java:116)
	at org.apache.catalina.core.ApplicationFilterChain.internalDoFilter(ApplicationFilterChain.java:164)
	at org.apache.catalina.core.ApplicationFilterChain.doFilter(ApplicationFilterChain.java:140)
	at org.apache.catalina.core.StandardWrapperValve.invoke(StandardWrapperValve.java:167)
	at org.apache.catalina.core.StandardContextValve.invoke(StandardContextValve.java:90)
	at org.apache.catalina.authenticator.AuthenticatorBase.invoke(AuthenticatorBase.java:483)
	at org.apache.catalina.core.StandardHostValve.invoke(StandardHostValve.java:116)
	at org.apache.catalina.valves.ErrorReportValve.invoke(ErrorReportValve.java:93)
	at org.apache.catalina.core.StandardEngineValve.invoke(StandardEngineValve.java:74)
	at org.apache.catalina.connector.CoyoteAdapter.service(CoyoteAdapter.java:344)
	at org.apache.coyote.http11.Http11Processor.service(Http11Processor.java:398)
	at org.apache.coyote.AbstractProcessorLight.process(AbstractProcessorLight.java:63)
	at org.apache.coyote.AbstractProtocol$ConnectionHandler.process(AbstractProtocol.java:903)
	at org.apache.tomcat.util.net.NioEndpoint$SocketProcessor.doRun(NioEndpoint.java:1769)
	at org.apache.tomcat.util.net.SocketProcessorBase.run(SocketProcessorBase.java:52)
	at org.apache.tomcat.util.threads.ThreadPoolExecutor.runWorker(ThreadPoolExecutor.java:1189)
	at org.apache.tomcat.util.threads.ThreadPoolExecutor$Worker.run(ThreadPoolExecutor.java:658)
	at org.apache.tomcat.util.threads.TaskThread$WrappingRunnable.run(TaskThread.java:63)
	at java.base/java.lang.Thread.run(Thread.java:842)
2025-08-03 23:00:37.124 [http-nio-9090-exec-8] DEBUG o.s.s.w.a.AnonymousAuthenticationFilter - Set SecurityContextHolder to anonymous SecurityContext
2025-08-03 23:00:37.124 [http-nio-9090-exec-8] DEBUG o.s.security.web.FilterChainProxy - Secured GET /api/analytics/orders/trends?vendorId=2&period=today
2025-08-03 23:00:37.125 [http-nio-9090-exec-8] DEBUG o.s.web.servlet.DispatcherServlet - GET "/api/analytics/orders/trends?vendorId=2&period=today", parameters={masked}
2025-08-03 23:00:37.130 [http-nio-9090-exec-8] DEBUG o.s.w.s.h.SimpleUrlHandlerMapping - Mapped to ResourceHttpRequestHandler [classpath [META-INF/resources/], classpath [resources/], classpath [static/], classpath [public/], ServletContext [/]]
2025-08-03 23:00:37.131 [http-nio-9090-exec-8] DEBUG o.s.o.j.s.OpenEntityManagerInViewInterceptor - Opening JPA EntityManager in OpenEntityManagerInViewInterceptor
2025-08-03 23:00:37.141 [http-nio-9090-exec-8] DEBUG o.s.w.s.r.ResourceHttpRequestHandler - Resource not found
2025-08-03 23:00:37.143 [http-nio-9090-exec-8] DEBUG o.s.w.s.m.m.a.ExceptionHandlerExceptionResolver - Using @ExceptionHandler com.example.crave.kitchen.portal.exception.GlobalExceptionHandler#handleGlobalException(Exception, WebRequest)
2025-08-03 23:00:37.144 [http-nio-9090-exec-8] DEBUG o.s.w.s.m.m.a.HttpEntityMethodProcessor - Using 'application/json', given [application/json] and supported [application/json, application/*+json]
2025-08-03 23:00:37.145 [http-nio-9090-exec-8] DEBUG o.s.w.s.m.m.a.HttpEntityMethodProcessor - Writing [ApiResponseDto(success=false, message=An unexpected error occurred, error=INTERNAL_SERVER_ERROR, tim (truncated)...]
2025-08-03 23:00:37.147 [http-nio-9090-exec-8] DEBUG o.s.w.s.m.m.a.ExceptionHandlerExceptionResolver - Resolved [org.springframework.web.servlet.resource.NoResourceFoundException: No static resource api/analytics/orders/trends.]
2025-08-03 23:00:37.148 [http-nio-9090-exec-8] DEBUG o.s.o.j.s.OpenEntityManagerInViewInterceptor - Closing JPA EntityManager in OpenEntityManagerInViewInterceptor
2025-08-03 23:00:37.148 [http-nio-9090-exec-8] DEBUG o.s.web.servlet.DispatcherServlet - Completed 500 INTERNAL_SERVER_ERROR
2025-08-03 23:00:57.818 [HikariPool-1:housekeeper] DEBUG com.zaxxer.hikari.pool.HikariPool - HikariPool-1 - Before cleanup stats (total=5/10, idle=5/5, active=0, waiting=0)
2025-08-03 23:00:57.820 [HikariPool-1:housekeeper] DEBUG com.zaxxer.hikari.pool.HikariPool - HikariPool-1 - After  cleanup stats (total=5/10, idle=5/5, active=0, waiting=0)
2025-08-03 23:00:57.820 [HikariPool-1:housekeeper] DEBUG com.zaxxer.hikari.pool.HikariPool - HikariPool-1 - Fill pool skipped, pool has sufficient level or currently being filled.
2025-08-03 23:01:17.276 [HikariPool-1:housekeeper] DEBUG com.zaxxer.hikari.pool.HikariPool - HikariPool-1 - keepalive: connection oracle.jdbc.driver.T4CConnection@3cbdf926 is alive
2025-08-03 23:01:27.823 [HikariPool-1:housekeeper] DEBUG com.zaxxer.hikari.pool.HikariPool - HikariPool-1 - Before cleanup stats (total=5/10, idle=5/5, active=0, waiting=0)
2025-08-03 23:01:27.824 [HikariPool-1:housekeeper] DEBUG com.zaxxer.hikari.pool.HikariPool - HikariPool-1 - After  cleanup stats (total=5/10, idle=5/5, active=0, waiting=0)
2025-08-03 23:01:27.824 [HikariPool-1:housekeeper] DEBUG com.zaxxer.hikari.pool.HikariPool - HikariPool-1 - Fill pool skipped, pool has sufficient level or currently being filled.
2025-08-03 23:01:44.557 [HikariPool-1:housekeeper] DEBUG com.zaxxer.hikari.pool.HikariPool - HikariPool-1 - keepalive: connection oracle.jdbc.driver.T4CConnection@3509f81c is alive
2025-08-03 23:01:51.733 [HikariPool-1:housekeeper] DEBUG com.zaxxer.hikari.pool.HikariPool - HikariPool-1 - keepalive: connection oracle.jdbc.driver.T4CConnection@4d896397 is alive
2025-08-03 23:01:57.825 [HikariPool-1:housekeeper] DEBUG com.zaxxer.hikari.pool.HikariPool - HikariPool-1 - Before cleanup stats (total=5/10, idle=5/5, active=0, waiting=0)
2025-08-03 23:01:57.825 [HikariPool-1:housekeeper] DEBUG com.zaxxer.hikari.pool.HikariPool - HikariPool-1 - After  cleanup stats (total=5/10, idle=5/5, active=0, waiting=0)
2025-08-03 23:01:57.826 [HikariPool-1:housekeeper] DEBUG com.zaxxer.hikari.pool.HikariPool - HikariPool-1 - Fill pool skipped, pool has sufficient level or currently being filled.
2025-08-03 23:02:13.037 [HikariPool-1:housekeeper] DEBUG com.zaxxer.hikari.pool.HikariPool - HikariPool-1 - keepalive: connection oracle.jdbc.driver.T4CConnection@61a7b052 is alive
2025-08-03 23:02:20.511 [HikariPool-1:housekeeper] DEBUG com.zaxxer.hikari.pool.HikariPool - HikariPool-1 - keepalive: connection oracle.jdbc.driver.T4CConnection@51813065 is alive
2025-08-03 23:02:27.828 [HikariPool-1:housekeeper] DEBUG com.zaxxer.hikari.pool.HikariPool - HikariPool-1 - Before cleanup stats (total=5/10, idle=5/5, active=0, waiting=0)
2025-08-03 23:02:27.829 [HikariPool-1:housekeeper] DEBUG com.zaxxer.hikari.pool.HikariPool - HikariPool-1 - After  cleanup stats (total=5/10, idle=5/5, active=0, waiting=0)
2025-08-03 23:02:27.829 [HikariPool-1:housekeeper] DEBUG com.zaxxer.hikari.pool.HikariPool - HikariPool-1 - Fill pool skipped, pool has sufficient level or currently being filled.
2025-08-03 23:02:57.836 [HikariPool-1:housekeeper] DEBUG com.zaxxer.hikari.pool.HikariPool - HikariPool-1 - Before cleanup stats (total=5/10, idle=5/5, active=0, waiting=0)
2025-08-03 23:02:57.837 [HikariPool-1:housekeeper] DEBUG com.zaxxer.hikari.pool.HikariPool - HikariPool-1 - After  cleanup stats (total=5/10, idle=5/5, active=0, waiting=0)
2025-08-03 23:02:57.837 [HikariPool-1:housekeeper] DEBUG com.zaxxer.hikari.pool.HikariPool - HikariPool-1 - Fill pool skipped, pool has sufficient level or currently being filled.
2025-08-03 23:03:02.097 [HikariPool-1:housekeeper] DEBUG com.zaxxer.hikari.pool.HikariPool - HikariPool-1 - keepalive: connection oracle.jdbc.driver.T4CConnection@3cbdf926 is alive
2025-08-03 23:03:26.429 [HikariPool-1:housekeeper] DEBUG com.zaxxer.hikari.pool.HikariPool - HikariPool-1 - keepalive: connection oracle.jdbc.driver.T4CConnection@3509f81c is alive
2025-08-03 23:03:27.853 [HikariPool-1:housekeeper] DEBUG com.zaxxer.hikari.pool.HikariPool - HikariPool-1 - Before cleanup stats (total=5/10, idle=5/5, active=0, waiting=0)
2025-08-03 23:03:27.854 [HikariPool-1:housekeeper] DEBUG com.zaxxer.hikari.pool.HikariPool - HikariPool-1 - After  cleanup stats (total=5/10, idle=5/5, active=0, waiting=0)
2025-08-03 23:03:27.854 [HikariPool-1:housekeeper] DEBUG com.zaxxer.hikari.pool.HikariPool - HikariPool-1 - Fill pool skipped, pool has sufficient level or currently being filled.
2025-08-03 23:03:34.414 [HikariPool-1:housekeeper] DEBUG com.zaxxer.hikari.pool.HikariPool - HikariPool-1 - keepalive: connection oracle.jdbc.driver.T4CConnection@4d896397 is alive
2025-08-03 23:03:57.861 [HikariPool-1:housekeeper] DEBUG com.zaxxer.hikari.pool.HikariPool - HikariPool-1 - Before cleanup stats (total=5/10, idle=5/5, active=0, waiting=0)
2025-08-03 23:03:57.861 [HikariPool-1:housekeeper] DEBUG com.zaxxer.hikari.pool.HikariPool - HikariPool-1 - After  cleanup stats (total=5/10, idle=5/5, active=0, waiting=0)
2025-08-03 23:03:57.862 [HikariPool-1:housekeeper] DEBUG com.zaxxer.hikari.pool.HikariPool - HikariPool-1 - Fill pool skipped, pool has sufficient level or currently being filled.
2025-08-03 23:04:06.417 [HikariPool-1:housekeeper] DEBUG com.zaxxer.hikari.pool.HikariPool - HikariPool-1 - keepalive: connection oracle.jdbc.driver.T4CConnection@51813065 is alive
2025-08-03 23:04:11.232 [HikariPool-1:housekeeper] DEBUG com.zaxxer.hikari.pool.HikariPool - HikariPool-1 - keepalive: connection oracle.jdbc.driver.T4CConnection@61a7b052 is alive
2025-08-03 23:04:27.874 [HikariPool-1:housekeeper] DEBUG com.zaxxer.hikari.pool.HikariPool - HikariPool-1 - Before cleanup stats (total=5/10, idle=5/5, active=0, waiting=0)
2025-08-03 23:04:27.876 [HikariPool-1:housekeeper] DEBUG com.zaxxer.hikari.pool.HikariPool - HikariPool-1 - After  cleanup stats (total=5/10, idle=5/5, active=0, waiting=0)
2025-08-03 23:04:27.876 [HikariPool-1:housekeeper] DEBUG com.zaxxer.hikari.pool.HikariPool - HikariPool-1 - Fill pool skipped, pool has sufficient level or currently being filled.
2025-08-03 23:04:46.910 [HikariPool-1:housekeeper] DEBUG com.zaxxer.hikari.pool.HikariPool - HikariPool-1 - keepalive: connection oracle.jdbc.driver.T4CConnection@3cbdf926 is alive
2025-08-03 23:04:57.880 [HikariPool-1:housekeeper] DEBUG com.zaxxer.hikari.pool.HikariPool - HikariPool-1 - Before cleanup stats (total=5/10, idle=5/5, active=0, waiting=0)
2025-08-03 23:04:57.881 [HikariPool-1:housekeeper] DEBUG com.zaxxer.hikari.pool.HikariPool - HikariPool-1 - After  cleanup stats (total=5/10, idle=5/5, active=0, waiting=0)
2025-08-03 23:04:57.881 [HikariPool-1:housekeeper] DEBUG com.zaxxer.hikari.pool.HikariPool - HikariPool-1 - Fill pool skipped, pool has sufficient level or currently being filled.
2025-08-03 23:05:08.301 [HikariPool-1:housekeeper] DEBUG com.zaxxer.hikari.pool.HikariPool - HikariPool-1 - keepalive: connection oracle.jdbc.driver.T4CConnection@3509f81c is alive
2025-08-03 23:05:17.106 [HikariPool-1:housekeeper] DEBUG com.zaxxer.hikari.pool.HikariPool - HikariPool-1 - keepalive: connection oracle.jdbc.driver.T4CConnection@4d896397 is alive
2025-08-03 23:05:27.892 [HikariPool-1:housekeeper] DEBUG com.zaxxer.hikari.pool.HikariPool - HikariPool-1 - Before cleanup stats (total=5/10, idle=5/5, active=0, waiting=0)
2025-08-03 23:05:27.892 [HikariPool-1:housekeeper] DEBUG com.zaxxer.hikari.pool.HikariPool - HikariPool-1 - After  cleanup stats (total=5/10, idle=5/5, active=0, waiting=0)
2025-08-03 23:05:27.892 [HikariPool-1:housekeeper] DEBUG com.zaxxer.hikari.pool.HikariPool - HikariPool-1 - Fill pool skipped, pool has sufficient level or currently being filled.
2025-08-03 23:05:52.312 [HikariPool-1:housekeeper] DEBUG com.zaxxer.hikari.pool.HikariPool - HikariPool-1 - keepalive: connection oracle.jdbc.driver.T4CConnection@51813065 is alive
2025-08-03 23:05:57.903 [HikariPool-1:housekeeper] DEBUG com.zaxxer.hikari.pool.HikariPool - HikariPool-1 - Before cleanup stats (total=5/10, idle=5/5, active=0, waiting=0)
2025-08-03 23:05:57.906 [HikariPool-1:housekeeper] DEBUG com.zaxxer.hikari.pool.HikariPool - HikariPool-1 - After  cleanup stats (total=5/10, idle=5/5, active=0, waiting=0)
2025-08-03 23:05:57.908 [HikariPool-1:housekeeper] DEBUG com.zaxxer.hikari.pool.HikariPool - HikariPool-1 - Fill pool skipped, pool has sufficient level or currently being filled.
2025-08-03 23:06:09.417 [HikariPool-1:housekeeper] DEBUG com.zaxxer.hikari.pool.HikariPool - HikariPool-1 - keepalive: connection oracle.jdbc.driver.T4CConnection@61a7b052 is alive
2025-08-03 23:06:27.919 [HikariPool-1:housekeeper] DEBUG com.zaxxer.hikari.pool.HikariPool - HikariPool-1 - Before cleanup stats (total=5/10, idle=5/5, active=0, waiting=0)
2025-08-03 23:06:27.919 [HikariPool-1:housekeeper] DEBUG com.zaxxer.hikari.pool.HikariPool - HikariPool-1 - After  cleanup stats (total=5/10, idle=5/5, active=0, waiting=0)
2025-08-03 23:06:27.919 [HikariPool-1:housekeeper] DEBUG com.zaxxer.hikari.pool.HikariPool - HikariPool-1 - Fill pool skipped, pool has sufficient level or currently being filled.
2025-08-03 23:06:31.730 [HikariPool-1:housekeeper] DEBUG com.zaxxer.hikari.pool.HikariPool - HikariPool-1 - keepalive: connection oracle.jdbc.driver.T4CConnection@3cbdf926 is alive
2025-08-03 23:06:50.189 [HikariPool-1:housekeeper] DEBUG com.zaxxer.hikari.pool.HikariPool - HikariPool-1 - keepalive: connection oracle.jdbc.driver.T4CConnection@3509f81c is alive
2025-08-03 23:06:57.923 [HikariPool-1:housekeeper] DEBUG com.zaxxer.hikari.pool.HikariPool - HikariPool-1 - Before cleanup stats (total=5/10, idle=5/5, active=0, waiting=0)
2025-08-03 23:06:57.924 [HikariPool-1:housekeeper] DEBUG com.zaxxer.hikari.pool.HikariPool - HikariPool-1 - After  cleanup stats (total=5/10, idle=5/5, active=0, waiting=0)
2025-08-03 23:06:57.924 [HikariPool-1:housekeeper] DEBUG com.zaxxer.hikari.pool.HikariPool - HikariPool-1 - Fill pool skipped, pool has sufficient level or currently being filled.
2025-08-03 23:06:59.802 [HikariPool-1:housekeeper] DEBUG com.zaxxer.hikari.pool.HikariPool - HikariPool-1 - keepalive: connection oracle.jdbc.driver.T4CConnection@4d896397 is alive
2025-08-03 23:07:27.939 [HikariPool-1:housekeeper] DEBUG com.zaxxer.hikari.pool.HikariPool - HikariPool-1 - Before cleanup stats (total=5/10, idle=5/5, active=0, waiting=0)
2025-08-03 23:07:27.940 [HikariPool-1:housekeeper] DEBUG com.zaxxer.hikari.pool.HikariPool - HikariPool-1 - After  cleanup stats (total=5/10, idle=5/5, active=0, waiting=0)
2025-08-03 23:07:27.940 [HikariPool-1:housekeeper] DEBUG com.zaxxer.hikari.pool.HikariPool - HikariPool-1 - Fill pool skipped, pool has sufficient level or currently being filled.
2025-08-03 23:07:38.214 [HikariPool-1:housekeeper] DEBUG com.zaxxer.hikari.pool.HikariPool - HikariPool-1 - keepalive: connection oracle.jdbc.driver.T4CConnection@51813065 is alive
2025-08-03 23:07:53.540 [SpringApplicationShutdownHook] INFO  o.s.b.w.e.tomcat.GracefulShutdown - Commencing graceful shutdown. Waiting for active requests to complete
2025-08-03 23:07:53.958 [tomcat-shutdown] INFO  o.s.b.w.e.tomcat.GracefulShutdown - Graceful shutdown complete
2025-08-03 23:07:53.969 [SpringApplicationShutdownHook] INFO  o.s.o.j.LocalContainerEntityManagerFactoryBean - Closing JPA EntityManagerFactory for persistence unit 'default'
2025-08-03 23:07:53.974 [SpringApplicationShutdownHook] INFO  com.zaxxer.hikari.HikariDataSource - HikariPool-1 - Shutdown initiated...
2025-08-03 23:07:53.974 [SpringApplicationShutdownHook] DEBUG com.zaxxer.hikari.pool.HikariPool - HikariPool-1 - Before shutdown stats (total=5/10, idle=5/5, active=0, waiting=0)
2025-08-03 23:07:53.976 [HikariPool-1:connection-closer] DEBUG com.zaxxer.hikari.pool.PoolBase - HikariPool-1 - Closing connection oracle.jdbc.driver.T4CConnection@51813065: (connection evicted)
2025-08-03 23:07:53.979 [HikariPool-1:connection-closer] DEBUG com.zaxxer.hikari.pool.PoolBase - HikariPool-1 - Closing connection oracle.jdbc.driver.T4CConnection@61a7b052: (connection evicted)
2025-08-03 23:07:53.980 [HikariPool-1:connection-closer] DEBUG com.zaxxer.hikari.pool.PoolBase - HikariPool-1 - Closing connection oracle.jdbc.driver.T4CConnection@4d896397: (connection evicted)
2025-08-03 23:07:53.981 [HikariPool-1:connection-closer] DEBUG com.zaxxer.hikari.pool.PoolBase - HikariPool-1 - Closing connection oracle.jdbc.driver.T4CConnection@3509f81c: (connection evicted)
2025-08-03 23:07:53.983 [HikariPool-1:connection-closer] DEBUG com.zaxxer.hikari.pool.PoolBase - HikariPool-1 - Closing connection oracle.jdbc.driver.T4CConnection@3cbdf926: (connection evicted)
2025-08-03 23:07:53.985 [SpringApplicationShutdownHook] DEBUG com.zaxxer.hikari.pool.HikariPool - HikariPool-1 - After  shutdown stats (total=0/10, idle=0/5, active=0, waiting=0)
2025-08-03 23:07:53.986 [SpringApplicationShutdownHook] INFO  com.zaxxer.hikari.HikariDataSource - HikariPool-1 - Shutdown completed.
2025-08-03 23:30:19.229 [background-preinit] INFO  o.h.validator.internal.util.Version - HV000001: Hibernate Validator 8.0.2.Final
2025-08-03 23:30:19.340 [main] INFO  c.e.c.k.p.CraveKitchenPortalApplication - Starting CraveKitchenPortalApplication using Java 17.0.10 with PID 18216 (C:\Projects\Crave_Kitchen_Portal\target\classes started by shiv in C:\Projects\Crave_Kitchen_Portal)
2025-08-03 23:30:19.342 [main] DEBUG c.e.c.k.p.CraveKitchenPortalApplication - Running with Spring Boot v3.5.4, Spring v6.2.9
2025-08-03 23:30:19.342 [main] INFO  c.e.c.k.p.CraveKitchenPortalApplication - The following 1 profile is active: "dev"
2025-08-03 23:30:20.614 [main] INFO  o.s.d.r.c.RepositoryConfigurationDelegate - Bootstrapping Spring Data JPA repositories in DEFAULT mode.
2025-08-03 23:30:20.738 [main] INFO  o.s.d.r.c.RepositoryConfigurationDelegate - Finished Spring Data repository scanning in 95 ms. Found 9 JPA repository interfaces.
2025-08-03 23:30:22.152 [main] INFO  o.s.b.w.e.tomcat.TomcatWebServer - Tomcat initialized with port 9090 (http)
2025-08-03 23:30:22.170 [main] INFO  o.a.coyote.http11.Http11NioProtocol - Initializing ProtocolHandler ["http-nio-9090"]
2025-08-03 23:30:22.173 [main] INFO  o.a.catalina.core.StandardService - Starting service [Tomcat]
2025-08-03 23:30:22.174 [main] INFO  o.a.catalina.core.StandardEngine - Starting Servlet engine: [Apache Tomcat/10.1.43]
2025-08-03 23:30:22.302 [main] INFO  o.a.c.c.C.[Tomcat].[localhost].[/] - Initializing Spring embedded WebApplicationContext
2025-08-03 23:30:22.305 [main] INFO  o.s.b.w.s.c.ServletWebServerApplicationContext - Root WebApplicationContext: initialization completed in 2848 ms
2025-08-03 23:30:22.389 [main] DEBUG com.zaxxer.hikari.HikariConfig - Class oracle.jdbc.OracleDriver found in Thread context class loader TomcatEmbeddedWebappClassLoader
  context: ROOT
  delegate: true
----------> Parent Classloader:
jdk.internal.loader.ClassLoaders$AppClassLoader@1d44bcfa

2025-08-03 23:30:22.688 [main] DEBUG o.s.o.j.LocalContainerEntityManagerFactoryBean - Building JPA container EntityManagerFactory for persistence unit 'default'
2025-08-03 23:30:22.734 [main] INFO  o.h.jpa.internal.util.LogHelper - HHH000204: Processing PersistenceUnitInfo [name: default]
2025-08-03 23:30:22.859 [main] INFO  org.hibernate.Version - HHH000412: Hibernate ORM core version 6.6.22.Final
2025-08-03 23:30:22.937 [main] INFO  o.h.c.i.RegionFactoryInitiator - HHH000026: Second-level cache disabled
2025-08-03 23:30:23.430 [main] INFO  o.s.o.j.p.SpringPersistenceUnitInfo - No LoadTimeWeaver setup: ignoring JPA class transformer
2025-08-03 23:30:23.482 [main] DEBUG com.zaxxer.hikari.HikariConfig - HikariPool-1 - configuration:
2025-08-03 23:30:23.486 [main] DEBUG com.zaxxer.hikari.HikariConfig - allowPoolSuspension.............false
2025-08-03 23:30:23.486 [main] DEBUG com.zaxxer.hikari.HikariConfig - autoCommit......................true
2025-08-03 23:30:23.486 [main] DEBUG com.zaxxer.hikari.HikariConfig - catalog.........................none
2025-08-03 23:30:23.486 [main] DEBUG com.zaxxer.hikari.HikariConfig - connectionInitSql...............none
2025-08-03 23:30:23.486 [main] DEBUG com.zaxxer.hikari.HikariConfig - connectionTestQuery.............none
2025-08-03 23:30:23.486 [main] DEBUG com.zaxxer.hikari.HikariConfig - connectionTimeout...............30000
2025-08-03 23:30:23.487 [main] DEBUG com.zaxxer.hikari.HikariConfig - credentials.....................com.zaxxer.hikari.util.Credentials@3e04abc5
2025-08-03 23:30:23.487 [main] DEBUG com.zaxxer.hikari.HikariConfig - dataSource......................none
2025-08-03 23:30:23.487 [main] DEBUG com.zaxxer.hikari.HikariConfig - dataSourceClassName.............none
2025-08-03 23:30:23.487 [main] DEBUG com.zaxxer.hikari.HikariConfig - dataSourceJNDI..................none
2025-08-03 23:30:23.488 [main] DEBUG com.zaxxer.hikari.HikariConfig - dataSourceProperties............{password=<masked>}
2025-08-03 23:30:23.488 [main] DEBUG com.zaxxer.hikari.HikariConfig - driverClassName................."oracle.jdbc.OracleDriver"
2025-08-03 23:30:23.488 [main] DEBUG com.zaxxer.hikari.HikariConfig - exceptionOverride...............none
2025-08-03 23:30:23.488 [main] DEBUG com.zaxxer.hikari.HikariConfig - exceptionOverrideClassName......none
2025-08-03 23:30:23.488 [main] DEBUG com.zaxxer.hikari.HikariConfig - healthCheckProperties...........{}
2025-08-03 23:30:23.488 [main] DEBUG com.zaxxer.hikari.HikariConfig - healthCheckRegistry.............none
2025-08-03 23:30:23.488 [main] DEBUG com.zaxxer.hikari.HikariConfig - idleTimeout.....................600000
2025-08-03 23:30:23.488 [main] DEBUG com.zaxxer.hikari.HikariConfig - initializationFailTimeout.......1
2025-08-03 23:30:23.489 [main] DEBUG com.zaxxer.hikari.HikariConfig - isolateInternalQueries..........false
2025-08-03 23:30:23.489 [main] DEBUG com.zaxxer.hikari.HikariConfig - jdbcUrl.........................jdbc:oracle:thin:@//localhost:1521
2025-08-03 23:30:23.489 [main] DEBUG com.zaxxer.hikari.HikariConfig - keepaliveTime...................120000
2025-08-03 23:30:23.489 [main] DEBUG com.zaxxer.hikari.HikariConfig - leakDetectionThreshold..........0
2025-08-03 23:30:23.489 [main] DEBUG com.zaxxer.hikari.HikariConfig - maxLifetime.....................1800000
2025-08-03 23:30:23.489 [main] DEBUG com.zaxxer.hikari.HikariConfig - maximumPoolSize.................10
2025-08-03 23:30:23.489 [main] DEBUG com.zaxxer.hikari.HikariConfig - metricRegistry..................none
2025-08-03 23:30:23.490 [main] DEBUG com.zaxxer.hikari.HikariConfig - metricsTrackerFactory...........none
2025-08-03 23:30:23.490 [main] DEBUG com.zaxxer.hikari.HikariConfig - minimumIdle.....................5
2025-08-03 23:30:23.490 [main] DEBUG com.zaxxer.hikari.HikariConfig - password........................<masked>
2025-08-03 23:30:23.490 [main] DEBUG com.zaxxer.hikari.HikariConfig - poolName........................"HikariPool-1"
2025-08-03 23:30:23.490 [main] DEBUG com.zaxxer.hikari.HikariConfig - readOnly........................false
2025-08-03 23:30:23.490 [main] DEBUG com.zaxxer.hikari.HikariConfig - registerMbeans..................false
2025-08-03 23:30:23.490 [main] DEBUG com.zaxxer.hikari.HikariConfig - scheduledExecutor...............none
2025-08-03 23:30:23.490 [main] DEBUG com.zaxxer.hikari.HikariConfig - schema..........................none
2025-08-03 23:30:23.490 [main] DEBUG com.zaxxer.hikari.HikariConfig - threadFactory...................internal
2025-08-03 23:30:23.490 [main] DEBUG com.zaxxer.hikari.HikariConfig - transactionIsolation............default
2025-08-03 23:30:23.491 [main] DEBUG com.zaxxer.hikari.HikariConfig - username........................"my_user"
2025-08-03 23:30:23.491 [main] DEBUG com.zaxxer.hikari.HikariConfig - validationTimeout...............5000
2025-08-03 23:30:23.491 [main] INFO  com.zaxxer.hikari.HikariDataSource - HikariPool-1 - Starting...
2025-08-03 23:30:23.506 [main] DEBUG com.zaxxer.hikari.pool.PoolBase - HikariPool-1 - Attempting to create/setup new connection (c62ddcfc-01bb-4e98-8269-e0283515b1ab)
2025-08-03 23:30:23.830 [main] DEBUG com.zaxxer.hikari.pool.PoolBase - HikariPool-1 - Established new connection (c62ddcfc-01bb-4e98-8269-e0283515b1ab)
2025-08-03 23:30:23.831 [main] INFO  com.zaxxer.hikari.pool.HikariPool - HikariPool-1 - Added connection oracle.jdbc.driver.T4CConnection@6533629
2025-08-03 23:30:23.833 [main] INFO  com.zaxxer.hikari.HikariDataSource - HikariPool-1 - Start completed.
2025-08-03 23:30:23.944 [HikariPool-1:housekeeper] DEBUG com.zaxxer.hikari.pool.HikariPool - HikariPool-1 - Before cleanup stats (total=1/10, idle=0/5, active=1, waiting=0)
2025-08-03 23:30:23.944 [main] WARN  org.hibernate.dialect.Dialect - HHH000511: The 10.2.0 version for [org.hibernate.dialect.OracleDialect] is no longer supported, hence certain features may not work properly. The minimum supported version is 19.0.0. Check the community dialects project for available legacy versions.
2025-08-03 23:30:23.946 [HikariPool-1:housekeeper] DEBUG com.zaxxer.hikari.pool.HikariPool - HikariPool-1 - After  cleanup stats (total=1/10, idle=0/5, active=1, waiting=0)
2025-08-03 23:30:23.947 [HikariPool-1:connection-adder] DEBUG com.zaxxer.hikari.pool.PoolBase - HikariPool-1 - Attempting to create/setup new connection (30ab511b-aecf-4c65-aea8-8fa6eaab699f)
2025-08-03 23:30:23.956 [main] WARN  org.hibernate.orm.deprecation - HHH90000025: OracleDialect does not need to be specified explicitly using 'hibernate.dialect' (remove the property setting and it will be selected by default)
2025-08-03 23:30:23.963 [HikariPool-1:connection-adder] DEBUG com.zaxxer.hikari.pool.PoolBase - HikariPool-1 - Established new connection (30ab511b-aecf-4c65-aea8-8fa6eaab699f)
2025-08-03 23:30:23.963 [HikariPool-1:connection-adder] DEBUG com.zaxxer.hikari.pool.HikariPool - HikariPool-1 - Added connection oracle.jdbc.driver.T4CConnection@b5009fc
2025-08-03 23:30:24.006 [HikariPool-1:connection-adder] DEBUG com.zaxxer.hikari.pool.HikariPool - HikariPool-1 - After adding stats (total=2/10, idle=1/5, active=1, waiting=0)
2025-08-03 23:30:24.006 [HikariPool-1:connection-adder] DEBUG com.zaxxer.hikari.pool.PoolBase - HikariPool-1 - Attempting to create/setup new connection (d3c4a004-844f-4a3a-aa59-d4e7b537e4cf)
2025-08-03 23:30:24.022 [HikariPool-1:connection-adder] DEBUG com.zaxxer.hikari.pool.PoolBase - HikariPool-1 - Established new connection (d3c4a004-844f-4a3a-aa59-d4e7b537e4cf)
2025-08-03 23:30:24.023 [HikariPool-1:connection-adder] DEBUG com.zaxxer.hikari.pool.HikariPool - HikariPool-1 - Added connection oracle.jdbc.driver.T4CConnection@70f933b3
2025-08-03 23:30:24.054 [HikariPool-1:connection-adder] DEBUG com.zaxxer.hikari.pool.HikariPool - HikariPool-1 - After adding stats (total=3/10, idle=2/5, active=1, waiting=0)
2025-08-03 23:30:24.055 [HikariPool-1:connection-adder] DEBUG com.zaxxer.hikari.pool.PoolBase - HikariPool-1 - Attempting to create/setup new connection (2c665f02-889c-4271-93f4-3896615215a5)
2025-08-03 23:30:24.067 [main] INFO  o.hibernate.orm.connections.pooling - HHH10001005: Database info:
	Database JDBC URL [Connecting through datasource 'HikariDataSource (HikariPool-1)']
	Database driver: undefined/unknown
	Database version: 10.2
	Autocommit mode: undefined/unknown
	Isolation level: undefined/unknown
	Minimum pool size: undefined/unknown
	Maximum pool size: undefined/unknown
2025-08-03 23:30:24.075 [HikariPool-1:connection-adder] DEBUG com.zaxxer.hikari.pool.PoolBase - HikariPool-1 - Established new connection (2c665f02-889c-4271-93f4-3896615215a5)
2025-08-03 23:30:24.076 [HikariPool-1:connection-adder] DEBUG com.zaxxer.hikari.pool.HikariPool - HikariPool-1 - Added connection oracle.jdbc.driver.T4CConnection@893a566
2025-08-03 23:30:24.118 [HikariPool-1:connection-adder] DEBUG com.zaxxer.hikari.pool.HikariPool - HikariPool-1 - After adding stats (total=4/10, idle=4/5, active=0, waiting=0)
2025-08-03 23:30:24.118 [HikariPool-1:connection-adder] DEBUG com.zaxxer.hikari.pool.PoolBase - HikariPool-1 - Attempting to create/setup new connection (6b98e673-9aa5-4809-9fb6-d1887c64a3f2)
2025-08-03 23:30:24.140 [HikariPool-1:connection-adder] DEBUG com.zaxxer.hikari.pool.PoolBase - HikariPool-1 - Established new connection (6b98e673-9aa5-4809-9fb6-d1887c64a3f2)
2025-08-03 23:30:24.140 [HikariPool-1:connection-adder] DEBUG com.zaxxer.hikari.pool.HikariPool - HikariPool-1 - Added connection oracle.jdbc.driver.T4CConnection@1397aa25
2025-08-03 23:30:24.181 [HikariPool-1:connection-adder] DEBUG com.zaxxer.hikari.pool.HikariPool - HikariPool-1 - After adding stats (total=5/10, idle=5/5, active=0, waiting=0)
2025-08-03 23:30:24.181 [HikariPool-1:connection-adder] DEBUG com.zaxxer.hikari.pool.HikariPool - HikariPool-1 - Connection not added, stats (total=5/10, idle=5/5, active=0, waiting=0)
2025-08-03 23:30:25.798 [main] INFO  o.h.e.t.j.p.i.JtaPlatformInitiator - HHH000489: No JTA platform available (set 'hibernate.transaction.jta.platform' to enable JTA platform integration)
2025-08-03 23:30:25.920 [main] DEBUG org.hibernate.SQL - 
    create table ck_audit_logs (
        id number(19,0) generated by default as identity,
        action varchar2(50 char) not null check (action in ('CREATE','READ','UPDATE','DELETE','LOGIN','LOGOUT','PASSWORD_CHANGE','PASSWORD_RESET','EMAIL_VERIFICATION','ACCOUNT_LOCKED','ACCOUNT_UNLOCKED','SUSPICIOUS_ACTIVITY','APPROVAL_REQUEST','APPROVAL_GRANTED','APPROVAL_REJECTED','FEATURE_ENABLED','FEATURE_DISABLED','EXPORT_DATA','IMPORT_DATA','SYSTEM_BACKUP','SYSTEM_RESTORE')),
        created_at timestamp(6) not null,
        description varchar2(4000 char),
        details varchar2(4000 char),
        entity_id number(19,0),
        entity_type varchar2(100 char),
        error_message varchar2(4000 char),
        execution_time_ms number(19,0),
        ip_address varchar2(45 char),
        status varchar2(20 char) not null check (status in ('SUCCESS','FAILED','PENDING','CANCELLED')),
        user_agent varchar2(500 char),
        user_id number(19,0),
        primary key (id)
    )
2025-08-03 23:30:25.924 [main] WARN  o.h.t.s.i.ExceptionHandlerLoggedImpl - GenerationTarget encountered exception accepting command : Error executing DDL "
    create table ck_audit_logs (
        id number(19,0) generated by default as identity,
        action varchar2(50 char) not null check (action in ('CREATE','READ','UPDATE','DELETE','LOGIN','LOGOUT','PASSWORD_CHANGE','PASSWORD_RESET','EMAIL_VERIFICATION','ACCOUNT_LOCKED','ACCOUNT_UNLOCKED','SUSPICIOUS_ACTIVITY','APPROVAL_REQUEST','APPROVAL_GRANTED','APPROVAL_REJECTED','FEATURE_ENABLED','FEATURE_DISABLED','EXPORT_DATA','IMPORT_DATA','SYSTEM_BACKUP','SYSTEM_RESTORE')),
        created_at timestamp(6) not null,
        description varchar2(4000 char),
        details varchar2(4000 char),
        entity_id number(19,0),
        entity_type varchar2(100 char),
        error_message varchar2(4000 char),
        execution_time_ms number(19,0),
        ip_address varchar2(45 char),
        status varchar2(20 char) not null check (status in ('SUCCESS','FAILED','PENDING','CANCELLED')),
        user_agent varchar2(500 char),
        user_id number(19,0),
        primary key (id)
    )" via JDBC [ORA-00907: missing right parenthesis
]
org.hibernate.tool.schema.spi.CommandAcceptanceException: Error executing DDL "
    create table ck_audit_logs (
        id number(19,0) generated by default as identity,
        action varchar2(50 char) not null check (action in ('CREATE','READ','UPDATE','DELETE','LOGIN','LOGOUT','PASSWORD_CHANGE','PASSWORD_RESET','EMAIL_VERIFICATION','ACCOUNT_LOCKED','ACCOUNT_UNLOCKED','SUSPICIOUS_ACTIVITY','APPROVAL_REQUEST','APPROVAL_GRANTED','APPROVAL_REJECTED','FEATURE_ENABLED','FEATURE_DISABLED','EXPORT_DATA','IMPORT_DATA','SYSTEM_BACKUP','SYSTEM_RESTORE')),
        created_at timestamp(6) not null,
        description varchar2(4000 char),
        details varchar2(4000 char),
        entity_id number(19,0),
        entity_type varchar2(100 char),
        error_message varchar2(4000 char),
        execution_time_ms number(19,0),
        ip_address varchar2(45 char),
        status varchar2(20 char) not null check (status in ('SUCCESS','FAILED','PENDING','CANCELLED')),
        user_agent varchar2(500 char),
        user_id number(19,0),
        primary key (id)
    )" via JDBC [ORA-00907: missing right parenthesis
]
	at org.hibernate.tool.schema.internal.exec.GenerationTargetToDatabase.accept(GenerationTargetToDatabase.java:94)
	at org.hibernate.tool.schema.internal.AbstractSchemaMigrator.applySqlString(AbstractSchemaMigrator.java:576)
	at org.hibernate.tool.schema.internal.AbstractSchemaMigrator.applySqlStrings(AbstractSchemaMigrator.java:516)
	at org.hibernate.tool.schema.internal.AbstractSchemaMigrator.createTable(AbstractSchemaMigrator.java:316)
	at org.hibernate.tool.schema.internal.GroupedSchemaMigratorImpl.performTablesMigration(GroupedSchemaMigratorImpl.java:80)
	at org.hibernate.tool.schema.internal.AbstractSchemaMigrator.performMigration(AbstractSchemaMigrator.java:233)
	at org.hibernate.tool.schema.internal.AbstractSchemaMigrator.doMigration(AbstractSchemaMigrator.java:112)
	at org.hibernate.tool.schema.spi.SchemaManagementToolCoordinator.performDatabaseAction(SchemaManagementToolCoordinator.java:280)
	at org.hibernate.tool.schema.spi.SchemaManagementToolCoordinator.lambda$process$5(SchemaManagementToolCoordinator.java:144)
	at java.base/java.util.HashMap.forEach(HashMap.java:1421)
	at org.hibernate.tool.schema.spi.SchemaManagementToolCoordinator.process(SchemaManagementToolCoordinator.java:141)
	at org.hibernate.boot.internal.SessionFactoryObserverForSchemaExport.sessionFactoryCreated(SessionFactoryObserverForSchemaExport.java:37)
	at org.hibernate.internal.SessionFactoryObserverChain.sessionFactoryCreated(SessionFactoryObserverChain.java:35)
	at org.hibernate.internal.SessionFactoryImpl.<init>(SessionFactoryImpl.java:324)
	at org.hibernate.boot.internal.SessionFactoryBuilderImpl.build(SessionFactoryBuilderImpl.java:463)
	at org.hibernate.jpa.boot.internal.EntityManagerFactoryBuilderImpl.build(EntityManagerFactoryBuilderImpl.java:1517)
	at org.springframework.orm.jpa.vendor.SpringHibernateJpaPersistenceProvider.createContainerEntityManagerFactory(SpringHibernateJpaPersistenceProvider.java:66)
	at org.springframework.orm.jpa.LocalContainerEntityManagerFactoryBean.createNativeEntityManagerFactory(LocalContainerEntityManagerFactoryBean.java:390)
	at org.springframework.orm.jpa.AbstractEntityManagerFactoryBean.buildNativeEntityManagerFactory(AbstractEntityManagerFactoryBean.java:419)
	at org.springframework.orm.jpa.AbstractEntityManagerFactoryBean.afterPropertiesSet(AbstractEntityManagerFactoryBean.java:400)
	at org.springframework.orm.jpa.LocalContainerEntityManagerFactoryBean.afterPropertiesSet(LocalContainerEntityManagerFactoryBean.java:366)
	at org.springframework.beans.factory.support.AbstractAutowireCapableBeanFactory.invokeInitMethods(AbstractAutowireCapableBeanFactory.java:1873)
	at org.springframework.beans.factory.support.AbstractAutowireCapableBeanFactory.initializeBean(AbstractAutowireCapableBeanFactory.java:1822)
	at org.springframework.beans.factory.support.AbstractAutowireCapableBeanFactory.doCreateBean(AbstractAutowireCapableBeanFactory.java:607)
	at org.springframework.beans.factory.support.AbstractAutowireCapableBeanFactory.createBean(AbstractAutowireCapableBeanFactory.java:529)
	at org.springframework.beans.factory.support.AbstractBeanFactory.lambda$doGetBean$0(AbstractBeanFactory.java:339)
	at org.springframework.beans.factory.support.DefaultSingletonBeanRegistry.getSingleton(DefaultSingletonBeanRegistry.java:373)
	at org.springframework.beans.factory.support.AbstractBeanFactory.doGetBean(AbstractBeanFactory.java:337)
	at org.springframework.beans.factory.support.AbstractBeanFactory.getBean(AbstractBeanFactory.java:202)
	at org.springframework.beans.factory.support.BeanDefinitionValueResolver.resolveReference(BeanDefinitionValueResolver.java:365)
	at org.springframework.beans.factory.support.BeanDefinitionValueResolver.resolveValueIfNecessary(BeanDefinitionValueResolver.java:135)
	at org.springframework.beans.factory.support.ConstructorResolver.resolveConstructorArguments(ConstructorResolver.java:691)
	at org.springframework.beans.factory.support.ConstructorResolver.instantiateUsingFactoryMethod(ConstructorResolver.java:513)
	at org.springframework.beans.factory.support.AbstractAutowireCapableBeanFactory.instantiateUsingFactoryMethod(AbstractAutowireCapableBeanFactory.java:1375)
	at org.springframework.beans.factory.support.AbstractAutowireCapableBeanFactory.createBeanInstance(AbstractAutowireCapableBeanFactory.java:1205)
	at org.springframework.beans.factory.support.AbstractAutowireCapableBeanFactory.doCreateBean(AbstractAutowireCapableBeanFactory.java:569)
	at org.springframework.beans.factory.support.AbstractAutowireCapableBeanFactory.createBean(AbstractAutowireCapableBeanFactory.java:529)
	at org.springframework.beans.factory.support.AbstractBeanFactory.lambda$doGetBean$0(AbstractBeanFactory.java:339)
	at org.springframework.beans.factory.support.DefaultSingletonBeanRegistry.getSingleton(DefaultSingletonBeanRegistry.java:373)
	at org.springframework.beans.factory.support.AbstractBeanFactory.doGetBean(AbstractBeanFactory.java:337)
	at org.springframework.beans.factory.support.AbstractBeanFactory.getBean(AbstractBeanFactory.java:202)
	at org.springframework.beans.factory.support.BeanDefinitionValueResolver.resolveReference(BeanDefinitionValueResolver.java:365)
	at org.springframework.beans.factory.support.BeanDefinitionValueResolver.resolveValueIfNecessary(BeanDefinitionValueResolver.java:135)
	at org.springframework.beans.factory.support.AbstractAutowireCapableBeanFactory.applyPropertyValues(AbstractAutowireCapableBeanFactory.java:1725)
	at org.springframework.beans.factory.support.AbstractAutowireCapableBeanFactory.populateBean(AbstractAutowireCapableBeanFactory.java:1474)
	at org.springframework.beans.factory.support.AbstractAutowireCapableBeanFactory.doCreateBean(AbstractAutowireCapableBeanFactory.java:606)
	at org.springframework.beans.factory.support.AbstractAutowireCapableBeanFactory.createBean(AbstractAutowireCapableBeanFactory.java:529)
	at org.springframework.beans.factory.support.AbstractBeanFactory.lambda$doGetBean$0(AbstractBeanFactory.java:339)
	at org.springframework.beans.factory.support.DefaultSingletonBeanRegistry.getSingleton(DefaultSingletonBeanRegistry.java:373)
	at org.springframework.beans.factory.support.AbstractBeanFactory.doGetBean(AbstractBeanFactory.java:337)
	at org.springframework.beans.factory.support.AbstractBeanFactory.getBean(AbstractBeanFactory.java:202)
	at org.springframework.beans.factory.support.DefaultListableBeanFactory.doResolveDependency(DefaultListableBeanFactory.java:1683)
	at org.springframework.beans.factory.support.DefaultListableBeanFactory.resolveDependency(DefaultListableBeanFactory.java:1628)
	at org.springframework.beans.factory.annotation.AutowiredAnnotationBeanPostProcessor$AutowiredFieldElement.resolveFieldValue(AutowiredAnnotationBeanPostProcessor.java:785)
	at org.springframework.beans.factory.annotation.AutowiredAnnotationBeanPostProcessor$AutowiredFieldElement.inject(AutowiredAnnotationBeanPostProcessor.java:768)
	at org.springframework.beans.factory.annotation.InjectionMetadata.inject(InjectionMetadata.java:146)
	at org.springframework.beans.factory.annotation.AutowiredAnnotationBeanPostProcessor.postProcessProperties(AutowiredAnnotationBeanPostProcessor.java:509)
	at org.springframework.beans.factory.support.AbstractAutowireCapableBeanFactory.populateBean(AbstractAutowireCapableBeanFactory.java:1459)
	at org.springframework.beans.factory.support.AbstractAutowireCapableBeanFactory.doCreateBean(AbstractAutowireCapableBeanFactory.java:606)
	at org.springframework.beans.factory.support.AbstractAutowireCapableBeanFactory.createBean(AbstractAutowireCapableBeanFactory.java:529)
	at org.springframework.beans.factory.support.AbstractBeanFactory.lambda$doGetBean$0(AbstractBeanFactory.java:339)
	at org.springframework.beans.factory.support.DefaultSingletonBeanRegistry.getSingleton(DefaultSingletonBeanRegistry.java:373)
	at org.springframework.beans.factory.support.AbstractBeanFactory.doGetBean(AbstractBeanFactory.java:337)
	at org.springframework.beans.factory.support.AbstractBeanFactory.getBean(AbstractBeanFactory.java:202)
	at org.springframework.beans.factory.config.DependencyDescriptor.resolveCandidate(DependencyDescriptor.java:254)
	at org.springframework.beans.factory.support.DefaultListableBeanFactory.doResolveDependency(DefaultListableBeanFactory.java:1745)
	at org.springframework.beans.factory.support.DefaultListableBeanFactory.resolveDependency(DefaultListableBeanFactory.java:1628)
	at org.springframework.beans.factory.support.ConstructorResolver.resolveAutowiredArgument(ConstructorResolver.java:913)
	at org.springframework.beans.factory.support.ConstructorResolver.createArgumentArray(ConstructorResolver.java:791)
	at org.springframework.beans.factory.support.ConstructorResolver.autowireConstructor(ConstructorResolver.java:240)
	at org.springframework.beans.factory.support.AbstractAutowireCapableBeanFactory.autowireConstructor(AbstractAutowireCapableBeanFactory.java:1395)
	at org.springframework.beans.factory.support.AbstractAutowireCapableBeanFactory.createBeanInstance(AbstractAutowireCapableBeanFactory.java:1232)
	at org.springframework.beans.factory.support.AbstractAutowireCapableBeanFactory.doCreateBean(AbstractAutowireCapableBeanFactory.java:569)
	at org.springframework.beans.factory.support.AbstractAutowireCapableBeanFactory.createBean(AbstractAutowireCapableBeanFactory.java:529)
	at org.springframework.beans.factory.support.AbstractBeanFactory.lambda$doGetBean$0(AbstractBeanFactory.java:339)
	at org.springframework.beans.factory.support.DefaultSingletonBeanRegistry.getSingleton(DefaultSingletonBeanRegistry.java:373)
	at org.springframework.beans.factory.support.AbstractBeanFactory.doGetBean(AbstractBeanFactory.java:337)
	at org.springframework.beans.factory.support.AbstractBeanFactory.getBean(AbstractBeanFactory.java:207)
	at org.springframework.boot.web.servlet.ServletContextInitializerBeans.getOrderedBeansOfType(ServletContextInitializerBeans.java:230)
	at org.springframework.boot.web.servlet.ServletContextInitializerBeans.addAsRegistrationBean(ServletContextInitializerBeans.java:184)
	at org.springframework.boot.web.servlet.ServletContextInitializerBeans.addAsRegistrationBean(ServletContextInitializerBeans.java:179)
	at org.springframework.boot.web.servlet.ServletContextInitializerBeans.addAdaptableBeans(ServletContextInitializerBeans.java:164)
	at org.springframework.boot.web.servlet.ServletContextInitializerBeans.<init>(ServletContextInitializerBeans.java:96)
	at org.springframework.boot.web.servlet.context.ServletWebServerApplicationContext.getServletContextInitializerBeans(ServletWebServerApplicationContext.java:271)
	at org.springframework.boot.web.servlet.context.ServletWebServerApplicationContext.selfInitialize(ServletWebServerApplicationContext.java:245)
	at org.springframework.boot.web.embedded.tomcat.TomcatStarter.onStartup(TomcatStarter.java:52)
	at org.apache.catalina.core.StandardContext.startInternal(StandardContext.java:4464)
	at org.apache.catalina.util.LifecycleBase.start(LifecycleBase.java:164)
	at org.apache.catalina.core.ContainerBase$StartChild.call(ContainerBase.java:1203)
	at org.apache.catalina.core.ContainerBase$StartChild.call(ContainerBase.java:1193)
	at java.base/java.util.concurrent.FutureTask.run(FutureTask.java:264)
	at org.apache.tomcat.util.threads.InlineExecutorService.execute(InlineExecutorService.java:75)
	at java.base/java.util.concurrent.AbstractExecutorService.submit(AbstractExecutorService.java:145)
	at org.apache.catalina.core.ContainerBase.startInternal(ContainerBase.java:749)
	at org.apache.catalina.core.StandardHost.startInternal(StandardHost.java:772)
	at org.apache.catalina.util.LifecycleBase.start(LifecycleBase.java:164)
	at org.apache.catalina.core.ContainerBase$StartChild.call(ContainerBase.java:1203)
	at org.apache.catalina.core.ContainerBase$StartChild.call(ContainerBase.java:1193)
	at java.base/java.util.concurrent.FutureTask.run(FutureTask.java:264)
	at org.apache.tomcat.util.threads.InlineExecutorService.execute(InlineExecutorService.java:75)
	at java.base/java.util.concurrent.AbstractExecutorService.submit(AbstractExecutorService.java:145)
	at org.apache.catalina.core.ContainerBase.startInternal(ContainerBase.java:749)
	at org.apache.catalina.core.StandardEngine.startInternal(StandardEngine.java:203)
	at org.apache.catalina.util.LifecycleBase.start(LifecycleBase.java:164)
	at org.apache.catalina.core.StandardService.startInternal(StandardService.java:412)
	at org.apache.catalina.util.LifecycleBase.start(LifecycleBase.java:164)
	at org.apache.catalina.core.StandardServer.startInternal(StandardServer.java:870)
	at org.apache.catalina.util.LifecycleBase.start(LifecycleBase.java:164)
	at org.apache.catalina.startup.Tomcat.start(Tomcat.java:438)
	at org.springframework.boot.web.embedded.tomcat.TomcatWebServer.initialize(TomcatWebServer.java:128)
	at org.springframework.boot.web.embedded.tomcat.TomcatWebServer.<init>(TomcatWebServer.java:107)
	at org.springframework.boot.web.embedded.tomcat.TomcatServletWebServerFactory.getTomcatWebServer(TomcatServletWebServerFactory.java:517)
	at org.springframework.boot.web.embedded.tomcat.TomcatServletWebServerFactory.getWebServer(TomcatServletWebServerFactory.java:219)
	at org.springframework.boot.web.servlet.context.ServletWebServerApplicationContext.createWebServer(ServletWebServerApplicationContext.java:193)
	at org.springframework.boot.web.servlet.context.ServletWebServerApplicationContext.onRefresh(ServletWebServerApplicationContext.java:167)
	at org.springframework.context.support.AbstractApplicationContext.refresh(AbstractApplicationContext.java:621)
	at org.springframework.boot.web.servlet.context.ServletWebServerApplicationContext.refresh(ServletWebServerApplicationContext.java:146)
	at org.springframework.boot.SpringApplication.refresh(SpringApplication.java:752)
	at org.springframework.boot.SpringApplication.refreshContext(SpringApplication.java:439)
	at org.springframework.boot.SpringApplication.run(SpringApplication.java:318)
	at org.springframework.boot.SpringApplication.run(SpringApplication.java:1361)
	at org.springframework.boot.SpringApplication.run(SpringApplication.java:1350)
	at com.example.crave.kitchen.portal.CraveKitchenPortalApplication.main(CraveKitchenPortalApplication.java:14)
Caused by: java.sql.SQLSyntaxErrorException: ORA-00907: missing right parenthesis

	at oracle.jdbc.driver.T4CTTIoer11.processError(T4CTTIoer11.java:629)
	at oracle.jdbc.driver.T4CTTIoer11.processError(T4CTTIoer11.java:563)
	at oracle.jdbc.driver.T4C8Oall.processError(T4C8Oall.java:1150)
	at oracle.jdbc.driver.T4CTTIfun.receive(T4CTTIfun.java:770)
	at oracle.jdbc.driver.T4CTTIfun.doRPC(T4CTTIfun.java:298)
	at oracle.jdbc.driver.T4C8Oall.doOALL(T4C8Oall.java:497)
	at oracle.jdbc.driver.T4CStatement.doOall8(T4CStatement.java:111)
	at oracle.jdbc.driver.T4CStatement.executeForRows(T4CStatement.java:1010)
	at oracle.jdbc.driver.OracleStatement.executeSQLStatement(OracleStatement.java:1530)
	at oracle.jdbc.driver.OracleStatement.doExecuteWithTimeout(OracleStatement.java:1310)
	at oracle.jdbc.driver.OracleStatement.executeInternal(OracleStatement.java:2162)
	at oracle.jdbc.driver.OracleStatement.execute(OracleStatement.java:2117)
	at oracle.jdbc.driver.OracleStatementWrapper.execute(OracleStatementWrapper.java:327)
	at com.zaxxer.hikari.pool.ProxyStatement.execute(ProxyStatement.java:95)
	at com.zaxxer.hikari.pool.HikariProxyStatement.execute(HikariProxyStatement.java)
	at org.hibernate.tool.schema.internal.exec.GenerationTargetToDatabase.accept(GenerationTargetToDatabase.java:80)
	... 122 common frames omitted
Caused by: oracle.jdbc.OracleDatabaseException: ORA-00907: missing right parenthesis

	at oracle.jdbc.driver.T4CTTIoer11.processError(T4CTTIoer11.java:636)
	... 137 common frames omitted
2025-08-03 23:30:25.931 [main] DEBUG org.hibernate.SQL - 
    alter table ck_business_hours 
       modify id number(19,0)
2025-08-03 23:30:25.935 [main] WARN  o.h.t.s.i.ExceptionHandlerLoggedImpl - GenerationTarget encountered exception accepting command : Error executing DDL "
    alter table ck_business_hours 
       modify id number(19,0)" via JDBC [ORA-01440: column to be modified must be empty to decrease precision or scale
]
org.hibernate.tool.schema.spi.CommandAcceptanceException: Error executing DDL "
    alter table ck_business_hours 
       modify id number(19,0)" via JDBC [ORA-01440: column to be modified must be empty to decrease precision or scale
]
	at org.hibernate.tool.schema.internal.exec.GenerationTargetToDatabase.accept(GenerationTargetToDatabase.java:94)
	at org.hibernate.tool.schema.internal.AbstractSchemaMigrator.applySqlString(AbstractSchemaMigrator.java:576)
	at org.hibernate.tool.schema.internal.AbstractSchemaMigrator.applySqlStrings(AbstractSchemaMigrator.java:516)
	at org.hibernate.tool.schema.internal.AbstractSchemaMigrator.migrateTable(AbstractSchemaMigrator.java:334)
	at org.hibernate.tool.schema.internal.GroupedSchemaMigratorImpl.performTablesMigration(GroupedSchemaMigratorImpl.java:84)
	at org.hibernate.tool.schema.internal.AbstractSchemaMigrator.performMigration(AbstractSchemaMigrator.java:233)
	at org.hibernate.tool.schema.internal.AbstractSchemaMigrator.doMigration(AbstractSchemaMigrator.java:112)
	at org.hibernate.tool.schema.spi.SchemaManagementToolCoordinator.performDatabaseAction(SchemaManagementToolCoordinator.java:280)
	at org.hibernate.tool.schema.spi.SchemaManagementToolCoordinator.lambda$process$5(SchemaManagementToolCoordinator.java:144)
	at java.base/java.util.HashMap.forEach(HashMap.java:1421)
	at org.hibernate.tool.schema.spi.SchemaManagementToolCoordinator.process(SchemaManagementToolCoordinator.java:141)
	at org.hibernate.boot.internal.SessionFactoryObserverForSchemaExport.sessionFactoryCreated(SessionFactoryObserverForSchemaExport.java:37)
	at org.hibernate.internal.SessionFactoryObserverChain.sessionFactoryCreated(SessionFactoryObserverChain.java:35)
	at org.hibernate.internal.SessionFactoryImpl.<init>(SessionFactoryImpl.java:324)
	at org.hibernate.boot.internal.SessionFactoryBuilderImpl.build(SessionFactoryBuilderImpl.java:463)
	at org.hibernate.jpa.boot.internal.EntityManagerFactoryBuilderImpl.build(EntityManagerFactoryBuilderImpl.java:1517)
	at org.springframework.orm.jpa.vendor.SpringHibernateJpaPersistenceProvider.createContainerEntityManagerFactory(SpringHibernateJpaPersistenceProvider.java:66)
	at org.springframework.orm.jpa.LocalContainerEntityManagerFactoryBean.createNativeEntityManagerFactory(LocalContainerEntityManagerFactoryBean.java:390)
	at org.springframework.orm.jpa.AbstractEntityManagerFactoryBean.buildNativeEntityManagerFactory(AbstractEntityManagerFactoryBean.java:419)
	at org.springframework.orm.jpa.AbstractEntityManagerFactoryBean.afterPropertiesSet(AbstractEntityManagerFactoryBean.java:400)
	at org.springframework.orm.jpa.LocalContainerEntityManagerFactoryBean.afterPropertiesSet(LocalContainerEntityManagerFactoryBean.java:366)
	at org.springframework.beans.factory.support.AbstractAutowireCapableBeanFactory.invokeInitMethods(AbstractAutowireCapableBeanFactory.java:1873)
	at org.springframework.beans.factory.support.AbstractAutowireCapableBeanFactory.initializeBean(AbstractAutowireCapableBeanFactory.java:1822)
	at org.springframework.beans.factory.support.AbstractAutowireCapableBeanFactory.doCreateBean(AbstractAutowireCapableBeanFactory.java:607)
	at org.springframework.beans.factory.support.AbstractAutowireCapableBeanFactory.createBean(AbstractAutowireCapableBeanFactory.java:529)
	at org.springframework.beans.factory.support.AbstractBeanFactory.lambda$doGetBean$0(AbstractBeanFactory.java:339)
	at org.springframework.beans.factory.support.DefaultSingletonBeanRegistry.getSingleton(DefaultSingletonBeanRegistry.java:373)
	at org.springframework.beans.factory.support.AbstractBeanFactory.doGetBean(AbstractBeanFactory.java:337)
	at org.springframework.beans.factory.support.AbstractBeanFactory.getBean(AbstractBeanFactory.java:202)
	at org.springframework.beans.factory.support.BeanDefinitionValueResolver.resolveReference(BeanDefinitionValueResolver.java:365)
	at org.springframework.beans.factory.support.BeanDefinitionValueResolver.resolveValueIfNecessary(BeanDefinitionValueResolver.java:135)
	at org.springframework.beans.factory.support.ConstructorResolver.resolveConstructorArguments(ConstructorResolver.java:691)
	at org.springframework.beans.factory.support.ConstructorResolver.instantiateUsingFactoryMethod(ConstructorResolver.java:513)
	at org.springframework.beans.factory.support.AbstractAutowireCapableBeanFactory.instantiateUsingFactoryMethod(AbstractAutowireCapableBeanFactory.java:1375)
	at org.springframework.beans.factory.support.AbstractAutowireCapableBeanFactory.createBeanInstance(AbstractAutowireCapableBeanFactory.java:1205)
	at org.springframework.beans.factory.support.AbstractAutowireCapableBeanFactory.doCreateBean(AbstractAutowireCapableBeanFactory.java:569)
	at org.springframework.beans.factory.support.AbstractAutowireCapableBeanFactory.createBean(AbstractAutowireCapableBeanFactory.java:529)
	at org.springframework.beans.factory.support.AbstractBeanFactory.lambda$doGetBean$0(AbstractBeanFactory.java:339)
	at org.springframework.beans.factory.support.DefaultSingletonBeanRegistry.getSingleton(DefaultSingletonBeanRegistry.java:373)
	at org.springframework.beans.factory.support.AbstractBeanFactory.doGetBean(AbstractBeanFactory.java:337)
	at org.springframework.beans.factory.support.AbstractBeanFactory.getBean(AbstractBeanFactory.java:202)
	at org.springframework.beans.factory.support.BeanDefinitionValueResolver.resolveReference(BeanDefinitionValueResolver.java:365)
	at org.springframework.beans.factory.support.BeanDefinitionValueResolver.resolveValueIfNecessary(BeanDefinitionValueResolver.java:135)
	at org.springframework.beans.factory.support.AbstractAutowireCapableBeanFactory.applyPropertyValues(AbstractAutowireCapableBeanFactory.java:1725)
	at org.springframework.beans.factory.support.AbstractAutowireCapableBeanFactory.populateBean(AbstractAutowireCapableBeanFactory.java:1474)
	at org.springframework.beans.factory.support.AbstractAutowireCapableBeanFactory.doCreateBean(AbstractAutowireCapableBeanFactory.java:606)
	at org.springframework.beans.factory.support.AbstractAutowireCapableBeanFactory.createBean(AbstractAutowireCapableBeanFactory.java:529)
	at org.springframework.beans.factory.support.AbstractBeanFactory.lambda$doGetBean$0(AbstractBeanFactory.java:339)
	at org.springframework.beans.factory.support.DefaultSingletonBeanRegistry.getSingleton(DefaultSingletonBeanRegistry.java:373)
	at org.springframework.beans.factory.support.AbstractBeanFactory.doGetBean(AbstractBeanFactory.java:337)
	at org.springframework.beans.factory.support.AbstractBeanFactory.getBean(AbstractBeanFactory.java:202)
	at org.springframework.beans.factory.support.DefaultListableBeanFactory.doResolveDependency(DefaultListableBeanFactory.java:1683)
	at org.springframework.beans.factory.support.DefaultListableBeanFactory.resolveDependency(DefaultListableBeanFactory.java:1628)
	at org.springframework.beans.factory.annotation.AutowiredAnnotationBeanPostProcessor$AutowiredFieldElement.resolveFieldValue(AutowiredAnnotationBeanPostProcessor.java:785)
	at org.springframework.beans.factory.annotation.AutowiredAnnotationBeanPostProcessor$AutowiredFieldElement.inject(AutowiredAnnotationBeanPostProcessor.java:768)
	at org.springframework.beans.factory.annotation.InjectionMetadata.inject(InjectionMetadata.java:146)
	at org.springframework.beans.factory.annotation.AutowiredAnnotationBeanPostProcessor.postProcessProperties(AutowiredAnnotationBeanPostProcessor.java:509)
	at org.springframework.beans.factory.support.AbstractAutowireCapableBeanFactory.populateBean(AbstractAutowireCapableBeanFactory.java:1459)
	at org.springframework.beans.factory.support.AbstractAutowireCapableBeanFactory.doCreateBean(AbstractAutowireCapableBeanFactory.java:606)
	at org.springframework.beans.factory.support.AbstractAutowireCapableBeanFactory.createBean(AbstractAutowireCapableBeanFactory.java:529)
	at org.springframework.beans.factory.support.AbstractBeanFactory.lambda$doGetBean$0(AbstractBeanFactory.java:339)
	at org.springframework.beans.factory.support.DefaultSingletonBeanRegistry.getSingleton(DefaultSingletonBeanRegistry.java:373)
	at org.springframework.beans.factory.support.AbstractBeanFactory.doGetBean(AbstractBeanFactory.java:337)
	at org.springframework.beans.factory.support.AbstractBeanFactory.getBean(AbstractBeanFactory.java:202)
	at org.springframework.beans.factory.config.DependencyDescriptor.resolveCandidate(DependencyDescriptor.java:254)
	at org.springframework.beans.factory.support.DefaultListableBeanFactory.doResolveDependency(DefaultListableBeanFactory.java:1745)
	at org.springframework.beans.factory.support.DefaultListableBeanFactory.resolveDependency(DefaultListableBeanFactory.java:1628)
	at org.springframework.beans.factory.support.ConstructorResolver.resolveAutowiredArgument(ConstructorResolver.java:913)
	at org.springframework.beans.factory.support.ConstructorResolver.createArgumentArray(ConstructorResolver.java:791)
	at org.springframework.beans.factory.support.ConstructorResolver.autowireConstructor(ConstructorResolver.java:240)
	at org.springframework.beans.factory.support.AbstractAutowireCapableBeanFactory.autowireConstructor(AbstractAutowireCapableBeanFactory.java:1395)
	at org.springframework.beans.factory.support.AbstractAutowireCapableBeanFactory.createBeanInstance(AbstractAutowireCapableBeanFactory.java:1232)
	at org.springframework.beans.factory.support.AbstractAutowireCapableBeanFactory.doCreateBean(AbstractAutowireCapableBeanFactory.java:569)
	at org.springframework.beans.factory.support.AbstractAutowireCapableBeanFactory.createBean(AbstractAutowireCapableBeanFactory.java:529)
	at org.springframework.beans.factory.support.AbstractBeanFactory.lambda$doGetBean$0(AbstractBeanFactory.java:339)
	at org.springframework.beans.factory.support.DefaultSingletonBeanRegistry.getSingleton(DefaultSingletonBeanRegistry.java:373)
	at org.springframework.beans.factory.support.AbstractBeanFactory.doGetBean(AbstractBeanFactory.java:337)
	at org.springframework.beans.factory.support.AbstractBeanFactory.getBean(AbstractBeanFactory.java:207)
	at org.springframework.boot.web.servlet.ServletContextInitializerBeans.getOrderedBeansOfType(ServletContextInitializerBeans.java:230)
	at org.springframework.boot.web.servlet.ServletContextInitializerBeans.addAsRegistrationBean(ServletContextInitializerBeans.java:184)
	at org.springframework.boot.web.servlet.ServletContextInitializerBeans.addAsRegistrationBean(ServletContextInitializerBeans.java:179)
	at org.springframework.boot.web.servlet.ServletContextInitializerBeans.addAdaptableBeans(ServletContextInitializerBeans.java:164)
	at org.springframework.boot.web.servlet.ServletContextInitializerBeans.<init>(ServletContextInitializerBeans.java:96)
	at org.springframework.boot.web.servlet.context.ServletWebServerApplicationContext.getServletContextInitializerBeans(ServletWebServerApplicationContext.java:271)
	at org.springframework.boot.web.servlet.context.ServletWebServerApplicationContext.selfInitialize(ServletWebServerApplicationContext.java:245)
	at org.springframework.boot.web.embedded.tomcat.TomcatStarter.onStartup(TomcatStarter.java:52)
	at org.apache.catalina.core.StandardContext.startInternal(StandardContext.java:4464)
	at org.apache.catalina.util.LifecycleBase.start(LifecycleBase.java:164)
	at org.apache.catalina.core.ContainerBase$StartChild.call(ContainerBase.java:1203)
	at org.apache.catalina.core.ContainerBase$StartChild.call(ContainerBase.java:1193)
	at java.base/java.util.concurrent.FutureTask.run(FutureTask.java:264)
	at org.apache.tomcat.util.threads.InlineExecutorService.execute(InlineExecutorService.java:75)
	at java.base/java.util.concurrent.AbstractExecutorService.submit(AbstractExecutorService.java:145)
	at org.apache.catalina.core.ContainerBase.startInternal(ContainerBase.java:749)
	at org.apache.catalina.core.StandardHost.startInternal(StandardHost.java:772)
	at org.apache.catalina.util.LifecycleBase.start(LifecycleBase.java:164)
	at org.apache.catalina.core.ContainerBase$StartChild.call(ContainerBase.java:1203)
	at org.apache.catalina.core.ContainerBase$StartChild.call(ContainerBase.java:1193)
	at java.base/java.util.concurrent.FutureTask.run(FutureTask.java:264)
	at org.apache.tomcat.util.threads.InlineExecutorService.execute(InlineExecutorService.java:75)
	at java.base/java.util.concurrent.AbstractExecutorService.submit(AbstractExecutorService.java:145)
	at org.apache.catalina.core.ContainerBase.startInternal(ContainerBase.java:749)
	at org.apache.catalina.core.StandardEngine.startInternal(StandardEngine.java:203)
	at org.apache.catalina.util.LifecycleBase.start(LifecycleBase.java:164)
	at org.apache.catalina.core.StandardService.startInternal(StandardService.java:412)
	at org.apache.catalina.util.LifecycleBase.start(LifecycleBase.java:164)
	at org.apache.catalina.core.StandardServer.startInternal(StandardServer.java:870)
	at org.apache.catalina.util.LifecycleBase.start(LifecycleBase.java:164)
	at org.apache.catalina.startup.Tomcat.start(Tomcat.java:438)
	at org.springframework.boot.web.embedded.tomcat.TomcatWebServer.initialize(TomcatWebServer.java:128)
	at org.springframework.boot.web.embedded.tomcat.TomcatWebServer.<init>(TomcatWebServer.java:107)
	at org.springframework.boot.web.embedded.tomcat.TomcatServletWebServerFactory.getTomcatWebServer(TomcatServletWebServerFactory.java:517)
	at org.springframework.boot.web.embedded.tomcat.TomcatServletWebServerFactory.getWebServer(TomcatServletWebServerFactory.java:219)
	at org.springframework.boot.web.servlet.context.ServletWebServerApplicationContext.createWebServer(ServletWebServerApplicationContext.java:193)
	at org.springframework.boot.web.servlet.context.ServletWebServerApplicationContext.onRefresh(ServletWebServerApplicationContext.java:167)
	at org.springframework.context.support.AbstractApplicationContext.refresh(AbstractApplicationContext.java:621)
	at org.springframework.boot.web.servlet.context.ServletWebServerApplicationContext.refresh(ServletWebServerApplicationContext.java:146)
	at org.springframework.boot.SpringApplication.refresh(SpringApplication.java:752)
	at org.springframework.boot.SpringApplication.refreshContext(SpringApplication.java:439)
	at org.springframework.boot.SpringApplication.run(SpringApplication.java:318)
	at org.springframework.boot.SpringApplication.run(SpringApplication.java:1361)
	at org.springframework.boot.SpringApplication.run(SpringApplication.java:1350)
	at com.example.crave.kitchen.portal.CraveKitchenPortalApplication.main(CraveKitchenPortalApplication.java:14)
Caused by: java.sql.SQLException: ORA-01440: column to be modified must be empty to decrease precision or scale

	at oracle.jdbc.driver.T4CTTIoer11.processError(T4CTTIoer11.java:629)
	at oracle.jdbc.driver.T4CTTIoer11.processError(T4CTTIoer11.java:563)
	at oracle.jdbc.driver.T4C8Oall.processError(T4C8Oall.java:1150)
	at oracle.jdbc.driver.T4CTTIfun.receive(T4CTTIfun.java:770)
	at oracle.jdbc.driver.T4CTTIfun.doRPC(T4CTTIfun.java:298)
	at oracle.jdbc.driver.T4C8Oall.doOALL(T4C8Oall.java:497)
	at oracle.jdbc.driver.T4CStatement.doOall8(T4CStatement.java:111)
	at oracle.jdbc.driver.T4CStatement.executeForRows(T4CStatement.java:1010)
	at oracle.jdbc.driver.OracleStatement.executeSQLStatement(OracleStatement.java:1530)
	at oracle.jdbc.driver.OracleStatement.doExecuteWithTimeout(OracleStatement.java:1310)
	at oracle.jdbc.driver.OracleStatement.executeInternal(OracleStatement.java:2162)
	at oracle.jdbc.driver.OracleStatement.execute(OracleStatement.java:2117)
	at oracle.jdbc.driver.OracleStatementWrapper.execute(OracleStatementWrapper.java:327)
	at com.zaxxer.hikari.pool.ProxyStatement.execute(ProxyStatement.java:95)
	at com.zaxxer.hikari.pool.HikariProxyStatement.execute(HikariProxyStatement.java)
	at org.hibernate.tool.schema.internal.exec.GenerationTargetToDatabase.accept(GenerationTargetToDatabase.java:80)
	... 122 common frames omitted
Caused by: oracle.jdbc.OracleDatabaseException: ORA-01440: column to be modified must be empty to decrease precision or scale

	at oracle.jdbc.driver.T4CTTIoer11.processError(T4CTTIoer11.java:636)
	... 137 common frames omitted
2025-08-03 23:30:25.936 [main] DEBUG org.hibernate.SQL - 
    alter table ck_menu_categories 
       modify description varchar2(1000 char)
2025-08-03 23:30:25.938 [main] WARN  o.h.t.s.i.ExceptionHandlerLoggedImpl - GenerationTarget encountered exception accepting command : Error executing DDL "
    alter table ck_menu_categories 
       modify description varchar2(1000 char)" via JDBC [ORA-22859: invalid modification of columns
]
org.hibernate.tool.schema.spi.CommandAcceptanceException: Error executing DDL "
    alter table ck_menu_categories 
       modify description varchar2(1000 char)" via JDBC [ORA-22859: invalid modification of columns
]
	at org.hibernate.tool.schema.internal.exec.GenerationTargetToDatabase.accept(GenerationTargetToDatabase.java:94)
	at org.hibernate.tool.schema.internal.AbstractSchemaMigrator.applySqlString(AbstractSchemaMigrator.java:576)
	at org.hibernate.tool.schema.internal.AbstractSchemaMigrator.applySqlStrings(AbstractSchemaMigrator.java:516)
	at org.hibernate.tool.schema.internal.AbstractSchemaMigrator.migrateTable(AbstractSchemaMigrator.java:334)
	at org.hibernate.tool.schema.internal.GroupedSchemaMigratorImpl.performTablesMigration(GroupedSchemaMigratorImpl.java:84)
	at org.hibernate.tool.schema.internal.AbstractSchemaMigrator.performMigration(AbstractSchemaMigrator.java:233)
	at org.hibernate.tool.schema.internal.AbstractSchemaMigrator.doMigration(AbstractSchemaMigrator.java:112)
	at org.hibernate.tool.schema.spi.SchemaManagementToolCoordinator.performDatabaseAction(SchemaManagementToolCoordinator.java:280)
	at org.hibernate.tool.schema.spi.SchemaManagementToolCoordinator.lambda$process$5(SchemaManagementToolCoordinator.java:144)
	at java.base/java.util.HashMap.forEach(HashMap.java:1421)
	at org.hibernate.tool.schema.spi.SchemaManagementToolCoordinator.process(SchemaManagementToolCoordinator.java:141)
	at org.hibernate.boot.internal.SessionFactoryObserverForSchemaExport.sessionFactoryCreated(SessionFactoryObserverForSchemaExport.java:37)
	at org.hibernate.internal.SessionFactoryObserverChain.sessionFactoryCreated(SessionFactoryObserverChain.java:35)
	at org.hibernate.internal.SessionFactoryImpl.<init>(SessionFactoryImpl.java:324)
	at org.hibernate.boot.internal.SessionFactoryBuilderImpl.build(SessionFactoryBuilderImpl.java:463)
	at org.hibernate.jpa.boot.internal.EntityManagerFactoryBuilderImpl.build(EntityManagerFactoryBuilderImpl.java:1517)
	at org.springframework.orm.jpa.vendor.SpringHibernateJpaPersistenceProvider.createContainerEntityManagerFactory(SpringHibernateJpaPersistenceProvider.java:66)
	at org.springframework.orm.jpa.LocalContainerEntityManagerFactoryBean.createNativeEntityManagerFactory(LocalContainerEntityManagerFactoryBean.java:390)
	at org.springframework.orm.jpa.AbstractEntityManagerFactoryBean.buildNativeEntityManagerFactory(AbstractEntityManagerFactoryBean.java:419)
	at org.springframework.orm.jpa.AbstractEntityManagerFactoryBean.afterPropertiesSet(AbstractEntityManagerFactoryBean.java:400)
	at org.springframework.orm.jpa.LocalContainerEntityManagerFactoryBean.afterPropertiesSet(LocalContainerEntityManagerFactoryBean.java:366)
	at org.springframework.beans.factory.support.AbstractAutowireCapableBeanFactory.invokeInitMethods(AbstractAutowireCapableBeanFactory.java:1873)
	at org.springframework.beans.factory.support.AbstractAutowireCapableBeanFactory.initializeBean(AbstractAutowireCapableBeanFactory.java:1822)
	at org.springframework.beans.factory.support.AbstractAutowireCapableBeanFactory.doCreateBean(AbstractAutowireCapableBeanFactory.java:607)
	at org.springframework.beans.factory.support.AbstractAutowireCapableBeanFactory.createBean(AbstractAutowireCapableBeanFactory.java:529)
	at org.springframework.beans.factory.support.AbstractBeanFactory.lambda$doGetBean$0(AbstractBeanFactory.java:339)
	at org.springframework.beans.factory.support.DefaultSingletonBeanRegistry.getSingleton(DefaultSingletonBeanRegistry.java:373)
	at org.springframework.beans.factory.support.AbstractBeanFactory.doGetBean(AbstractBeanFactory.java:337)
	at org.springframework.beans.factory.support.AbstractBeanFactory.getBean(AbstractBeanFactory.java:202)
	at org.springframework.beans.factory.support.BeanDefinitionValueResolver.resolveReference(BeanDefinitionValueResolver.java:365)
	at org.springframework.beans.factory.support.BeanDefinitionValueResolver.resolveValueIfNecessary(BeanDefinitionValueResolver.java:135)
	at org.springframework.beans.factory.support.ConstructorResolver.resolveConstructorArguments(ConstructorResolver.java:691)
	at org.springframework.beans.factory.support.ConstructorResolver.instantiateUsingFactoryMethod(ConstructorResolver.java:513)
	at org.springframework.beans.factory.support.AbstractAutowireCapableBeanFactory.instantiateUsingFactoryMethod(AbstractAutowireCapableBeanFactory.java:1375)
	at org.springframework.beans.factory.support.AbstractAutowireCapableBeanFactory.createBeanInstance(AbstractAutowireCapableBeanFactory.java:1205)
	at org.springframework.beans.factory.support.AbstractAutowireCapableBeanFactory.doCreateBean(AbstractAutowireCapableBeanFactory.java:569)
	at org.springframework.beans.factory.support.AbstractAutowireCapableBeanFactory.createBean(AbstractAutowireCapableBeanFactory.java:529)
	at org.springframework.beans.factory.support.AbstractBeanFactory.lambda$doGetBean$0(AbstractBeanFactory.java:339)
	at org.springframework.beans.factory.support.DefaultSingletonBeanRegistry.getSingleton(DefaultSingletonBeanRegistry.java:373)
	at org.springframework.beans.factory.support.AbstractBeanFactory.doGetBean(AbstractBeanFactory.java:337)
	at org.springframework.beans.factory.support.AbstractBeanFactory.getBean(AbstractBeanFactory.java:202)
	at org.springframework.beans.factory.support.BeanDefinitionValueResolver.resolveReference(BeanDefinitionValueResolver.java:365)
	at org.springframework.beans.factory.support.BeanDefinitionValueResolver.resolveValueIfNecessary(BeanDefinitionValueResolver.java:135)
	at org.springframework.beans.factory.support.AbstractAutowireCapableBeanFactory.applyPropertyValues(AbstractAutowireCapableBeanFactory.java:1725)
	at org.springframework.beans.factory.support.AbstractAutowireCapableBeanFactory.populateBean(AbstractAutowireCapableBeanFactory.java:1474)
	at org.springframework.beans.factory.support.AbstractAutowireCapableBeanFactory.doCreateBean(AbstractAutowireCapableBeanFactory.java:606)
	at org.springframework.beans.factory.support.AbstractAutowireCapableBeanFactory.createBean(AbstractAutowireCapableBeanFactory.java:529)
	at org.springframework.beans.factory.support.AbstractBeanFactory.lambda$doGetBean$0(AbstractBeanFactory.java:339)
	at org.springframework.beans.factory.support.DefaultSingletonBeanRegistry.getSingleton(DefaultSingletonBeanRegistry.java:373)
	at org.springframework.beans.factory.support.AbstractBeanFactory.doGetBean(AbstractBeanFactory.java:337)
	at org.springframework.beans.factory.support.AbstractBeanFactory.getBean(AbstractBeanFactory.java:202)
	at org.springframework.beans.factory.support.DefaultListableBeanFactory.doResolveDependency(DefaultListableBeanFactory.java:1683)
	at org.springframework.beans.factory.support.DefaultListableBeanFactory.resolveDependency(DefaultListableBeanFactory.java:1628)
	at org.springframework.beans.factory.annotation.AutowiredAnnotationBeanPostProcessor$AutowiredFieldElement.resolveFieldValue(AutowiredAnnotationBeanPostProcessor.java:785)
	at org.springframework.beans.factory.annotation.AutowiredAnnotationBeanPostProcessor$AutowiredFieldElement.inject(AutowiredAnnotationBeanPostProcessor.java:768)
	at org.springframework.beans.factory.annotation.InjectionMetadata.inject(InjectionMetadata.java:146)
	at org.springframework.beans.factory.annotation.AutowiredAnnotationBeanPostProcessor.postProcessProperties(AutowiredAnnotationBeanPostProcessor.java:509)
	at org.springframework.beans.factory.support.AbstractAutowireCapableBeanFactory.populateBean(AbstractAutowireCapableBeanFactory.java:1459)
	at org.springframework.beans.factory.support.AbstractAutowireCapableBeanFactory.doCreateBean(AbstractAutowireCapableBeanFactory.java:606)
	at org.springframework.beans.factory.support.AbstractAutowireCapableBeanFactory.createBean(AbstractAutowireCapableBeanFactory.java:529)
	at org.springframework.beans.factory.support.AbstractBeanFactory.lambda$doGetBean$0(AbstractBeanFactory.java:339)
	at org.springframework.beans.factory.support.DefaultSingletonBeanRegistry.getSingleton(DefaultSingletonBeanRegistry.java:373)
	at org.springframework.beans.factory.support.AbstractBeanFactory.doGetBean(AbstractBeanFactory.java:337)
	at org.springframework.beans.factory.support.AbstractBeanFactory.getBean(AbstractBeanFactory.java:202)
	at org.springframework.beans.factory.config.DependencyDescriptor.resolveCandidate(DependencyDescriptor.java:254)
	at org.springframework.beans.factory.support.DefaultListableBeanFactory.doResolveDependency(DefaultListableBeanFactory.java:1745)
	at org.springframework.beans.factory.support.DefaultListableBeanFactory.resolveDependency(DefaultListableBeanFactory.java:1628)
	at org.springframework.beans.factory.support.ConstructorResolver.resolveAutowiredArgument(ConstructorResolver.java:913)
	at org.springframework.beans.factory.support.ConstructorResolver.createArgumentArray(ConstructorResolver.java:791)
	at org.springframework.beans.factory.support.ConstructorResolver.autowireConstructor(ConstructorResolver.java:240)
	at org.springframework.beans.factory.support.AbstractAutowireCapableBeanFactory.autowireConstructor(AbstractAutowireCapableBeanFactory.java:1395)
	at org.springframework.beans.factory.support.AbstractAutowireCapableBeanFactory.createBeanInstance(AbstractAutowireCapableBeanFactory.java:1232)
	at org.springframework.beans.factory.support.AbstractAutowireCapableBeanFactory.doCreateBean(AbstractAutowireCapableBeanFactory.java:569)
	at org.springframework.beans.factory.support.AbstractAutowireCapableBeanFactory.createBean(AbstractAutowireCapableBeanFactory.java:529)
	at org.springframework.beans.factory.support.AbstractBeanFactory.lambda$doGetBean$0(AbstractBeanFactory.java:339)
	at org.springframework.beans.factory.support.DefaultSingletonBeanRegistry.getSingleton(DefaultSingletonBeanRegistry.java:373)
	at org.springframework.beans.factory.support.AbstractBeanFactory.doGetBean(AbstractBeanFactory.java:337)
	at org.springframework.beans.factory.support.AbstractBeanFactory.getBean(AbstractBeanFactory.java:207)
	at org.springframework.boot.web.servlet.ServletContextInitializerBeans.getOrderedBeansOfType(ServletContextInitializerBeans.java:230)
	at org.springframework.boot.web.servlet.ServletContextInitializerBeans.addAsRegistrationBean(ServletContextInitializerBeans.java:184)
	at org.springframework.boot.web.servlet.ServletContextInitializerBeans.addAsRegistrationBean(ServletContextInitializerBeans.java:179)
	at org.springframework.boot.web.servlet.ServletContextInitializerBeans.addAdaptableBeans(ServletContextInitializerBeans.java:164)
	at org.springframework.boot.web.servlet.ServletContextInitializerBeans.<init>(ServletContextInitializerBeans.java:96)
	at org.springframework.boot.web.servlet.context.ServletWebServerApplicationContext.getServletContextInitializerBeans(ServletWebServerApplicationContext.java:271)
	at org.springframework.boot.web.servlet.context.ServletWebServerApplicationContext.selfInitialize(ServletWebServerApplicationContext.java:245)
	at org.springframework.boot.web.embedded.tomcat.TomcatStarter.onStartup(TomcatStarter.java:52)
	at org.apache.catalina.core.StandardContext.startInternal(StandardContext.java:4464)
	at org.apache.catalina.util.LifecycleBase.start(LifecycleBase.java:164)
	at org.apache.catalina.core.ContainerBase$StartChild.call(ContainerBase.java:1203)
	at org.apache.catalina.core.ContainerBase$StartChild.call(ContainerBase.java:1193)
	at java.base/java.util.concurrent.FutureTask.run(FutureTask.java:264)
	at org.apache.tomcat.util.threads.InlineExecutorService.execute(InlineExecutorService.java:75)
	at java.base/java.util.concurrent.AbstractExecutorService.submit(AbstractExecutorService.java:145)
	at org.apache.catalina.core.ContainerBase.startInternal(ContainerBase.java:749)
	at org.apache.catalina.core.StandardHost.startInternal(StandardHost.java:772)
	at org.apache.catalina.util.LifecycleBase.start(LifecycleBase.java:164)
	at org.apache.catalina.core.ContainerBase$StartChild.call(ContainerBase.java:1203)
	at org.apache.catalina.core.ContainerBase$StartChild.call(ContainerBase.java:1193)
	at java.base/java.util.concurrent.FutureTask.run(FutureTask.java:264)
	at org.apache.tomcat.util.threads.InlineExecutorService.execute(InlineExecutorService.java:75)
	at java.base/java.util.concurrent.AbstractExecutorService.submit(AbstractExecutorService.java:145)
	at org.apache.catalina.core.ContainerBase.startInternal(ContainerBase.java:749)
	at org.apache.catalina.core.StandardEngine.startInternal(StandardEngine.java:203)
	at org.apache.catalina.util.LifecycleBase.start(LifecycleBase.java:164)
	at org.apache.catalina.core.StandardService.startInternal(StandardService.java:412)
	at org.apache.catalina.util.LifecycleBase.start(LifecycleBase.java:164)
	at org.apache.catalina.core.StandardServer.startInternal(StandardServer.java:870)
	at org.apache.catalina.util.LifecycleBase.start(LifecycleBase.java:164)
	at org.apache.catalina.startup.Tomcat.start(Tomcat.java:438)
	at org.springframework.boot.web.embedded.tomcat.TomcatWebServer.initialize(TomcatWebServer.java:128)
	at org.springframework.boot.web.embedded.tomcat.TomcatWebServer.<init>(TomcatWebServer.java:107)
	at org.springframework.boot.web.embedded.tomcat.TomcatServletWebServerFactory.getTomcatWebServer(TomcatServletWebServerFactory.java:517)
	at org.springframework.boot.web.embedded.tomcat.TomcatServletWebServerFactory.getWebServer(TomcatServletWebServerFactory.java:219)
	at org.springframework.boot.web.servlet.context.ServletWebServerApplicationContext.createWebServer(ServletWebServerApplicationContext.java:193)
	at org.springframework.boot.web.servlet.context.ServletWebServerApplicationContext.onRefresh(ServletWebServerApplicationContext.java:167)
	at org.springframework.context.support.AbstractApplicationContext.refresh(AbstractApplicationContext.java:621)
	at org.springframework.boot.web.servlet.context.ServletWebServerApplicationContext.refresh(ServletWebServerApplicationContext.java:146)
	at org.springframework.boot.SpringApplication.refresh(SpringApplication.java:752)
	at org.springframework.boot.SpringApplication.refreshContext(SpringApplication.java:439)
	at org.springframework.boot.SpringApplication.run(SpringApplication.java:318)
	at org.springframework.boot.SpringApplication.run(SpringApplication.java:1361)
	at org.springframework.boot.SpringApplication.run(SpringApplication.java:1350)
	at com.example.crave.kitchen.portal.CraveKitchenPortalApplication.main(CraveKitchenPortalApplication.java:14)
Caused by: java.sql.SQLException: ORA-22859: invalid modification of columns

	at oracle.jdbc.driver.T4CTTIoer11.processError(T4CTTIoer11.java:629)
	at oracle.jdbc.driver.T4CTTIoer11.processError(T4CTTIoer11.java:563)
	at oracle.jdbc.driver.T4C8Oall.processError(T4C8Oall.java:1150)
	at oracle.jdbc.driver.T4CTTIfun.receive(T4CTTIfun.java:770)
	at oracle.jdbc.driver.T4CTTIfun.doRPC(T4CTTIfun.java:298)
	at oracle.jdbc.driver.T4C8Oall.doOALL(T4C8Oall.java:497)
	at oracle.jdbc.driver.T4CStatement.doOall8(T4CStatement.java:111)
	at oracle.jdbc.driver.T4CStatement.executeForRows(T4CStatement.java:1010)
	at oracle.jdbc.driver.OracleStatement.executeSQLStatement(OracleStatement.java:1530)
	at oracle.jdbc.driver.OracleStatement.doExecuteWithTimeout(OracleStatement.java:1310)
	at oracle.jdbc.driver.OracleStatement.executeInternal(OracleStatement.java:2162)
	at oracle.jdbc.driver.OracleStatement.execute(OracleStatement.java:2117)
	at oracle.jdbc.driver.OracleStatementWrapper.execute(OracleStatementWrapper.java:327)
	at com.zaxxer.hikari.pool.ProxyStatement.execute(ProxyStatement.java:95)
	at com.zaxxer.hikari.pool.HikariProxyStatement.execute(HikariProxyStatement.java)
	at org.hibernate.tool.schema.internal.exec.GenerationTargetToDatabase.accept(GenerationTargetToDatabase.java:80)
	... 122 common frames omitted
Caused by: oracle.jdbc.OracleDatabaseException: ORA-22859: invalid modification of columns

	at oracle.jdbc.driver.T4CTTIoer11.processError(T4CTTIoer11.java:636)
	... 137 common frames omitted
2025-08-03 23:30:25.940 [main] DEBUG org.hibernate.SQL - 
    alter table ck_menu_items 
       modify allergens varchar2(500 char)
2025-08-03 23:30:25.943 [main] WARN  o.h.t.s.i.ExceptionHandlerLoggedImpl - GenerationTarget encountered exception accepting command : Error executing DDL "
    alter table ck_menu_items 
       modify allergens varchar2(500 char)" via JDBC [ORA-22859: invalid modification of columns
]
org.hibernate.tool.schema.spi.CommandAcceptanceException: Error executing DDL "
    alter table ck_menu_items 
       modify allergens varchar2(500 char)" via JDBC [ORA-22859: invalid modification of columns
]
	at org.hibernate.tool.schema.internal.exec.GenerationTargetToDatabase.accept(GenerationTargetToDatabase.java:94)
	at org.hibernate.tool.schema.internal.AbstractSchemaMigrator.applySqlString(AbstractSchemaMigrator.java:576)
	at org.hibernate.tool.schema.internal.AbstractSchemaMigrator.applySqlStrings(AbstractSchemaMigrator.java:516)
	at org.hibernate.tool.schema.internal.AbstractSchemaMigrator.migrateTable(AbstractSchemaMigrator.java:334)
	at org.hibernate.tool.schema.internal.GroupedSchemaMigratorImpl.performTablesMigration(GroupedSchemaMigratorImpl.java:84)
	at org.hibernate.tool.schema.internal.AbstractSchemaMigrator.performMigration(AbstractSchemaMigrator.java:233)
	at org.hibernate.tool.schema.internal.AbstractSchemaMigrator.doMigration(AbstractSchemaMigrator.java:112)
	at org.hibernate.tool.schema.spi.SchemaManagementToolCoordinator.performDatabaseAction(SchemaManagementToolCoordinator.java:280)
	at org.hibernate.tool.schema.spi.SchemaManagementToolCoordinator.lambda$process$5(SchemaManagementToolCoordinator.java:144)
	at java.base/java.util.HashMap.forEach(HashMap.java:1421)
	at org.hibernate.tool.schema.spi.SchemaManagementToolCoordinator.process(SchemaManagementToolCoordinator.java:141)
	at org.hibernate.boot.internal.SessionFactoryObserverForSchemaExport.sessionFactoryCreated(SessionFactoryObserverForSchemaExport.java:37)
	at org.hibernate.internal.SessionFactoryObserverChain.sessionFactoryCreated(SessionFactoryObserverChain.java:35)
	at org.hibernate.internal.SessionFactoryImpl.<init>(SessionFactoryImpl.java:324)
	at org.hibernate.boot.internal.SessionFactoryBuilderImpl.build(SessionFactoryBuilderImpl.java:463)
	at org.hibernate.jpa.boot.internal.EntityManagerFactoryBuilderImpl.build(EntityManagerFactoryBuilderImpl.java:1517)
	at org.springframework.orm.jpa.vendor.SpringHibernateJpaPersistenceProvider.createContainerEntityManagerFactory(SpringHibernateJpaPersistenceProvider.java:66)
	at org.springframework.orm.jpa.LocalContainerEntityManagerFactoryBean.createNativeEntityManagerFactory(LocalContainerEntityManagerFactoryBean.java:390)
	at org.springframework.orm.jpa.AbstractEntityManagerFactoryBean.buildNativeEntityManagerFactory(AbstractEntityManagerFactoryBean.java:419)
	at org.springframework.orm.jpa.AbstractEntityManagerFactoryBean.afterPropertiesSet(AbstractEntityManagerFactoryBean.java:400)
	at org.springframework.orm.jpa.LocalContainerEntityManagerFactoryBean.afterPropertiesSet(LocalContainerEntityManagerFactoryBean.java:366)
	at org.springframework.beans.factory.support.AbstractAutowireCapableBeanFactory.invokeInitMethods(AbstractAutowireCapableBeanFactory.java:1873)
	at org.springframework.beans.factory.support.AbstractAutowireCapableBeanFactory.initializeBean(AbstractAutowireCapableBeanFactory.java:1822)
	at org.springframework.beans.factory.support.AbstractAutowireCapableBeanFactory.doCreateBean(AbstractAutowireCapableBeanFactory.java:607)
	at org.springframework.beans.factory.support.AbstractAutowireCapableBeanFactory.createBean(AbstractAutowireCapableBeanFactory.java:529)
	at org.springframework.beans.factory.support.AbstractBeanFactory.lambda$doGetBean$0(AbstractBeanFactory.java:339)
	at org.springframework.beans.factory.support.DefaultSingletonBeanRegistry.getSingleton(DefaultSingletonBeanRegistry.java:373)
	at org.springframework.beans.factory.support.AbstractBeanFactory.doGetBean(AbstractBeanFactory.java:337)
	at org.springframework.beans.factory.support.AbstractBeanFactory.getBean(AbstractBeanFactory.java:202)
	at org.springframework.beans.factory.support.BeanDefinitionValueResolver.resolveReference(BeanDefinitionValueResolver.java:365)
	at org.springframework.beans.factory.support.BeanDefinitionValueResolver.resolveValueIfNecessary(BeanDefinitionValueResolver.java:135)
	at org.springframework.beans.factory.support.ConstructorResolver.resolveConstructorArguments(ConstructorResolver.java:691)
	at org.springframework.beans.factory.support.ConstructorResolver.instantiateUsingFactoryMethod(ConstructorResolver.java:513)
	at org.springframework.beans.factory.support.AbstractAutowireCapableBeanFactory.instantiateUsingFactoryMethod(AbstractAutowireCapableBeanFactory.java:1375)
	at org.springframework.beans.factory.support.AbstractAutowireCapableBeanFactory.createBeanInstance(AbstractAutowireCapableBeanFactory.java:1205)
	at org.springframework.beans.factory.support.AbstractAutowireCapableBeanFactory.doCreateBean(AbstractAutowireCapableBeanFactory.java:569)
	at org.springframework.beans.factory.support.AbstractAutowireCapableBeanFactory.createBean(AbstractAutowireCapableBeanFactory.java:529)
	at org.springframework.beans.factory.support.AbstractBeanFactory.lambda$doGetBean$0(AbstractBeanFactory.java:339)
	at org.springframework.beans.factory.support.DefaultSingletonBeanRegistry.getSingleton(DefaultSingletonBeanRegistry.java:373)
	at org.springframework.beans.factory.support.AbstractBeanFactory.doGetBean(AbstractBeanFactory.java:337)
	at org.springframework.beans.factory.support.AbstractBeanFactory.getBean(AbstractBeanFactory.java:202)
	at org.springframework.beans.factory.support.BeanDefinitionValueResolver.resolveReference(BeanDefinitionValueResolver.java:365)
	at org.springframework.beans.factory.support.BeanDefinitionValueResolver.resolveValueIfNecessary(BeanDefinitionValueResolver.java:135)
	at org.springframework.beans.factory.support.AbstractAutowireCapableBeanFactory.applyPropertyValues(AbstractAutowireCapableBeanFactory.java:1725)
	at org.springframework.beans.factory.support.AbstractAutowireCapableBeanFactory.populateBean(AbstractAutowireCapableBeanFactory.java:1474)
	at org.springframework.beans.factory.support.AbstractAutowireCapableBeanFactory.doCreateBean(AbstractAutowireCapableBeanFactory.java:606)
	at org.springframework.beans.factory.support.AbstractAutowireCapableBeanFactory.createBean(AbstractAutowireCapableBeanFactory.java:529)
	at org.springframework.beans.factory.support.AbstractBeanFactory.lambda$doGetBean$0(AbstractBeanFactory.java:339)
	at org.springframework.beans.factory.support.DefaultSingletonBeanRegistry.getSingleton(DefaultSingletonBeanRegistry.java:373)
	at org.springframework.beans.factory.support.AbstractBeanFactory.doGetBean(AbstractBeanFactory.java:337)
	at org.springframework.beans.factory.support.AbstractBeanFactory.getBean(AbstractBeanFactory.java:202)
	at org.springframework.beans.factory.support.DefaultListableBeanFactory.doResolveDependency(DefaultListableBeanFactory.java:1683)
	at org.springframework.beans.factory.support.DefaultListableBeanFactory.resolveDependency(DefaultListableBeanFactory.java:1628)
	at org.springframework.beans.factory.annotation.AutowiredAnnotationBeanPostProcessor$AutowiredFieldElement.resolveFieldValue(AutowiredAnnotationBeanPostProcessor.java:785)
	at org.springframework.beans.factory.annotation.AutowiredAnnotationBeanPostProcessor$AutowiredFieldElement.inject(AutowiredAnnotationBeanPostProcessor.java:768)
	at org.springframework.beans.factory.annotation.InjectionMetadata.inject(InjectionMetadata.java:146)
	at org.springframework.beans.factory.annotation.AutowiredAnnotationBeanPostProcessor.postProcessProperties(AutowiredAnnotationBeanPostProcessor.java:509)
	at org.springframework.beans.factory.support.AbstractAutowireCapableBeanFactory.populateBean(AbstractAutowireCapableBeanFactory.java:1459)
	at org.springframework.beans.factory.support.AbstractAutowireCapableBeanFactory.doCreateBean(AbstractAutowireCapableBeanFactory.java:606)
	at org.springframework.beans.factory.support.AbstractAutowireCapableBeanFactory.createBean(AbstractAutowireCapableBeanFactory.java:529)
	at org.springframework.beans.factory.support.AbstractBeanFactory.lambda$doGetBean$0(AbstractBeanFactory.java:339)
	at org.springframework.beans.factory.support.DefaultSingletonBeanRegistry.getSingleton(DefaultSingletonBeanRegistry.java:373)
	at org.springframework.beans.factory.support.AbstractBeanFactory.doGetBean(AbstractBeanFactory.java:337)
	at org.springframework.beans.factory.support.AbstractBeanFactory.getBean(AbstractBeanFactory.java:202)
	at org.springframework.beans.factory.config.DependencyDescriptor.resolveCandidate(DependencyDescriptor.java:254)
	at org.springframework.beans.factory.support.DefaultListableBeanFactory.doResolveDependency(DefaultListableBeanFactory.java:1745)
	at org.springframework.beans.factory.support.DefaultListableBeanFactory.resolveDependency(DefaultListableBeanFactory.java:1628)
	at org.springframework.beans.factory.support.ConstructorResolver.resolveAutowiredArgument(ConstructorResolver.java:913)
	at org.springframework.beans.factory.support.ConstructorResolver.createArgumentArray(ConstructorResolver.java:791)
	at org.springframework.beans.factory.support.ConstructorResolver.autowireConstructor(ConstructorResolver.java:240)
	at org.springframework.beans.factory.support.AbstractAutowireCapableBeanFactory.autowireConstructor(AbstractAutowireCapableBeanFactory.java:1395)
	at org.springframework.beans.factory.support.AbstractAutowireCapableBeanFactory.createBeanInstance(AbstractAutowireCapableBeanFactory.java:1232)
	at org.springframework.beans.factory.support.AbstractAutowireCapableBeanFactory.doCreateBean(AbstractAutowireCapableBeanFactory.java:569)
	at org.springframework.beans.factory.support.AbstractAutowireCapableBeanFactory.createBean(AbstractAutowireCapableBeanFactory.java:529)
	at org.springframework.beans.factory.support.AbstractBeanFactory.lambda$doGetBean$0(AbstractBeanFactory.java:339)
	at org.springframework.beans.factory.support.DefaultSingletonBeanRegistry.getSingleton(DefaultSingletonBeanRegistry.java:373)
	at org.springframework.beans.factory.support.AbstractBeanFactory.doGetBean(AbstractBeanFactory.java:337)
	at org.springframework.beans.factory.support.AbstractBeanFactory.getBean(AbstractBeanFactory.java:207)
	at org.springframework.boot.web.servlet.ServletContextInitializerBeans.getOrderedBeansOfType(ServletContextInitializerBeans.java:230)
	at org.springframework.boot.web.servlet.ServletContextInitializerBeans.addAsRegistrationBean(ServletContextInitializerBeans.java:184)
	at org.springframework.boot.web.servlet.ServletContextInitializerBeans.addAsRegistrationBean(ServletContextInitializerBeans.java:179)
	at org.springframework.boot.web.servlet.ServletContextInitializerBeans.addAdaptableBeans(ServletContextInitializerBeans.java:164)
	at org.springframework.boot.web.servlet.ServletContextInitializerBeans.<init>(ServletContextInitializerBeans.java:96)
	at org.springframework.boot.web.servlet.context.ServletWebServerApplicationContext.getServletContextInitializerBeans(ServletWebServerApplicationContext.java:271)
	at org.springframework.boot.web.servlet.context.ServletWebServerApplicationContext.selfInitialize(ServletWebServerApplicationContext.java:245)
	at org.springframework.boot.web.embedded.tomcat.TomcatStarter.onStartup(TomcatStarter.java:52)
	at org.apache.catalina.core.StandardContext.startInternal(StandardContext.java:4464)
	at org.apache.catalina.util.LifecycleBase.start(LifecycleBase.java:164)
	at org.apache.catalina.core.ContainerBase$StartChild.call(ContainerBase.java:1203)
	at org.apache.catalina.core.ContainerBase$StartChild.call(ContainerBase.java:1193)
	at java.base/java.util.concurrent.FutureTask.run(FutureTask.java:264)
	at org.apache.tomcat.util.threads.InlineExecutorService.execute(InlineExecutorService.java:75)
	at java.base/java.util.concurrent.AbstractExecutorService.submit(AbstractExecutorService.java:145)
	at org.apache.catalina.core.ContainerBase.startInternal(ContainerBase.java:749)
	at org.apache.catalina.core.StandardHost.startInternal(StandardHost.java:772)
	at org.apache.catalina.util.LifecycleBase.start(LifecycleBase.java:164)
	at org.apache.catalina.core.ContainerBase$StartChild.call(ContainerBase.java:1203)
	at org.apache.catalina.core.ContainerBase$StartChild.call(ContainerBase.java:1193)
	at java.base/java.util.concurrent.FutureTask.run(FutureTask.java:264)
	at org.apache.tomcat.util.threads.InlineExecutorService.execute(InlineExecutorService.java:75)
	at java.base/java.util.concurrent.AbstractExecutorService.submit(AbstractExecutorService.java:145)
	at org.apache.catalina.core.ContainerBase.startInternal(ContainerBase.java:749)
	at org.apache.catalina.core.StandardEngine.startInternal(StandardEngine.java:203)
	at org.apache.catalina.util.LifecycleBase.start(LifecycleBase.java:164)
	at org.apache.catalina.core.StandardService.startInternal(StandardService.java:412)
	at org.apache.catalina.util.LifecycleBase.start(LifecycleBase.java:164)
	at org.apache.catalina.core.StandardServer.startInternal(StandardServer.java:870)
	at org.apache.catalina.util.LifecycleBase.start(LifecycleBase.java:164)
	at org.apache.catalina.startup.Tomcat.start(Tomcat.java:438)
	at org.springframework.boot.web.embedded.tomcat.TomcatWebServer.initialize(TomcatWebServer.java:128)
	at org.springframework.boot.web.embedded.tomcat.TomcatWebServer.<init>(TomcatWebServer.java:107)
	at org.springframework.boot.web.embedded.tomcat.TomcatServletWebServerFactory.getTomcatWebServer(TomcatServletWebServerFactory.java:517)
	at org.springframework.boot.web.embedded.tomcat.TomcatServletWebServerFactory.getWebServer(TomcatServletWebServerFactory.java:219)
	at org.springframework.boot.web.servlet.context.ServletWebServerApplicationContext.createWebServer(ServletWebServerApplicationContext.java:193)
	at org.springframework.boot.web.servlet.context.ServletWebServerApplicationContext.onRefresh(ServletWebServerApplicationContext.java:167)
	at org.springframework.context.support.AbstractApplicationContext.refresh(AbstractApplicationContext.java:621)
	at org.springframework.boot.web.servlet.context.ServletWebServerApplicationContext.refresh(ServletWebServerApplicationContext.java:146)
	at org.springframework.boot.SpringApplication.refresh(SpringApplication.java:752)
	at org.springframework.boot.SpringApplication.refreshContext(SpringApplication.java:439)
	at org.springframework.boot.SpringApplication.run(SpringApplication.java:318)
	at org.springframework.boot.SpringApplication.run(SpringApplication.java:1361)
	at org.springframework.boot.SpringApplication.run(SpringApplication.java:1350)
	at com.example.crave.kitchen.portal.CraveKitchenPortalApplication.main(CraveKitchenPortalApplication.java:14)
Caused by: java.sql.SQLException: ORA-22859: invalid modification of columns

	at oracle.jdbc.driver.T4CTTIoer11.processError(T4CTTIoer11.java:629)
	at oracle.jdbc.driver.T4CTTIoer11.processError(T4CTTIoer11.java:563)
	at oracle.jdbc.driver.T4C8Oall.processError(T4C8Oall.java:1150)
	at oracle.jdbc.driver.T4CTTIfun.receive(T4CTTIfun.java:770)
	at oracle.jdbc.driver.T4CTTIfun.doRPC(T4CTTIfun.java:298)
	at oracle.jdbc.driver.T4C8Oall.doOALL(T4C8Oall.java:497)
	at oracle.jdbc.driver.T4CStatement.doOall8(T4CStatement.java:111)
	at oracle.jdbc.driver.T4CStatement.executeForRows(T4CStatement.java:1010)
	at oracle.jdbc.driver.OracleStatement.executeSQLStatement(OracleStatement.java:1530)
	at oracle.jdbc.driver.OracleStatement.doExecuteWithTimeout(OracleStatement.java:1310)
	at oracle.jdbc.driver.OracleStatement.executeInternal(OracleStatement.java:2162)
	at oracle.jdbc.driver.OracleStatement.execute(OracleStatement.java:2117)
	at oracle.jdbc.driver.OracleStatementWrapper.execute(OracleStatementWrapper.java:327)
	at com.zaxxer.hikari.pool.ProxyStatement.execute(ProxyStatement.java:95)
	at com.zaxxer.hikari.pool.HikariProxyStatement.execute(HikariProxyStatement.java)
	at org.hibernate.tool.schema.internal.exec.GenerationTargetToDatabase.accept(GenerationTargetToDatabase.java:80)
	... 122 common frames omitted
Caused by: oracle.jdbc.OracleDatabaseException: ORA-22859: invalid modification of columns

	at oracle.jdbc.driver.T4CTTIoer11.processError(T4CTTIoer11.java:636)
	... 137 common frames omitted
2025-08-03 23:30:25.944 [main] DEBUG org.hibernate.SQL - 
    alter table ck_menu_items 
       modify cooking_instructions varchar2(2000 char)
2025-08-03 23:30:25.948 [main] WARN  o.h.t.s.i.ExceptionHandlerLoggedImpl - GenerationTarget encountered exception accepting command : Error executing DDL "
    alter table ck_menu_items 
       modify cooking_instructions varchar2(2000 char)" via JDBC [ORA-22859: invalid modification of columns
]
org.hibernate.tool.schema.spi.CommandAcceptanceException: Error executing DDL "
    alter table ck_menu_items 
       modify cooking_instructions varchar2(2000 char)" via JDBC [ORA-22859: invalid modification of columns
]
	at org.hibernate.tool.schema.internal.exec.GenerationTargetToDatabase.accept(GenerationTargetToDatabase.java:94)
	at org.hibernate.tool.schema.internal.AbstractSchemaMigrator.applySqlString(AbstractSchemaMigrator.java:576)
	at org.hibernate.tool.schema.internal.AbstractSchemaMigrator.applySqlStrings(AbstractSchemaMigrator.java:516)
	at org.hibernate.tool.schema.internal.AbstractSchemaMigrator.migrateTable(AbstractSchemaMigrator.java:334)
	at org.hibernate.tool.schema.internal.GroupedSchemaMigratorImpl.performTablesMigration(GroupedSchemaMigratorImpl.java:84)
	at org.hibernate.tool.schema.internal.AbstractSchemaMigrator.performMigration(AbstractSchemaMigrator.java:233)
	at org.hibernate.tool.schema.internal.AbstractSchemaMigrator.doMigration(AbstractSchemaMigrator.java:112)
	at org.hibernate.tool.schema.spi.SchemaManagementToolCoordinator.performDatabaseAction(SchemaManagementToolCoordinator.java:280)
	at org.hibernate.tool.schema.spi.SchemaManagementToolCoordinator.lambda$process$5(SchemaManagementToolCoordinator.java:144)
	at java.base/java.util.HashMap.forEach(HashMap.java:1421)
	at org.hibernate.tool.schema.spi.SchemaManagementToolCoordinator.process(SchemaManagementToolCoordinator.java:141)
	at org.hibernate.boot.internal.SessionFactoryObserverForSchemaExport.sessionFactoryCreated(SessionFactoryObserverForSchemaExport.java:37)
	at org.hibernate.internal.SessionFactoryObserverChain.sessionFactoryCreated(SessionFactoryObserverChain.java:35)
	at org.hibernate.internal.SessionFactoryImpl.<init>(SessionFactoryImpl.java:324)
	at org.hibernate.boot.internal.SessionFactoryBuilderImpl.build(SessionFactoryBuilderImpl.java:463)
	at org.hibernate.jpa.boot.internal.EntityManagerFactoryBuilderImpl.build(EntityManagerFactoryBuilderImpl.java:1517)
	at org.springframework.orm.jpa.vendor.SpringHibernateJpaPersistenceProvider.createContainerEntityManagerFactory(SpringHibernateJpaPersistenceProvider.java:66)
	at org.springframework.orm.jpa.LocalContainerEntityManagerFactoryBean.createNativeEntityManagerFactory(LocalContainerEntityManagerFactoryBean.java:390)
	at org.springframework.orm.jpa.AbstractEntityManagerFactoryBean.buildNativeEntityManagerFactory(AbstractEntityManagerFactoryBean.java:419)
	at org.springframework.orm.jpa.AbstractEntityManagerFactoryBean.afterPropertiesSet(AbstractEntityManagerFactoryBean.java:400)
	at org.springframework.orm.jpa.LocalContainerEntityManagerFactoryBean.afterPropertiesSet(LocalContainerEntityManagerFactoryBean.java:366)
	at org.springframework.beans.factory.support.AbstractAutowireCapableBeanFactory.invokeInitMethods(AbstractAutowireCapableBeanFactory.java:1873)
	at org.springframework.beans.factory.support.AbstractAutowireCapableBeanFactory.initializeBean(AbstractAutowireCapableBeanFactory.java:1822)
	at org.springframework.beans.factory.support.AbstractAutowireCapableBeanFactory.doCreateBean(AbstractAutowireCapableBeanFactory.java:607)
	at org.springframework.beans.factory.support.AbstractAutowireCapableBeanFactory.createBean(AbstractAutowireCapableBeanFactory.java:529)
	at org.springframework.beans.factory.support.AbstractBeanFactory.lambda$doGetBean$0(AbstractBeanFactory.java:339)
	at org.springframework.beans.factory.support.DefaultSingletonBeanRegistry.getSingleton(DefaultSingletonBeanRegistry.java:373)
	at org.springframework.beans.factory.support.AbstractBeanFactory.doGetBean(AbstractBeanFactory.java:337)
	at org.springframework.beans.factory.support.AbstractBeanFactory.getBean(AbstractBeanFactory.java:202)
	at org.springframework.beans.factory.support.BeanDefinitionValueResolver.resolveReference(BeanDefinitionValueResolver.java:365)
	at org.springframework.beans.factory.support.BeanDefinitionValueResolver.resolveValueIfNecessary(BeanDefinitionValueResolver.java:135)
	at org.springframework.beans.factory.support.ConstructorResolver.resolveConstructorArguments(ConstructorResolver.java:691)
	at org.springframework.beans.factory.support.ConstructorResolver.instantiateUsingFactoryMethod(ConstructorResolver.java:513)
	at org.springframework.beans.factory.support.AbstractAutowireCapableBeanFactory.instantiateUsingFactoryMethod(AbstractAutowireCapableBeanFactory.java:1375)
	at org.springframework.beans.factory.support.AbstractAutowireCapableBeanFactory.createBeanInstance(AbstractAutowireCapableBeanFactory.java:1205)
	at org.springframework.beans.factory.support.AbstractAutowireCapableBeanFactory.doCreateBean(AbstractAutowireCapableBeanFactory.java:569)
	at org.springframework.beans.factory.support.AbstractAutowireCapableBeanFactory.createBean(AbstractAutowireCapableBeanFactory.java:529)
	at org.springframework.beans.factory.support.AbstractBeanFactory.lambda$doGetBean$0(AbstractBeanFactory.java:339)
	at org.springframework.beans.factory.support.DefaultSingletonBeanRegistry.getSingleton(DefaultSingletonBeanRegistry.java:373)
	at org.springframework.beans.factory.support.AbstractBeanFactory.doGetBean(AbstractBeanFactory.java:337)
	at org.springframework.beans.factory.support.AbstractBeanFactory.getBean(AbstractBeanFactory.java:202)
	at org.springframework.beans.factory.support.BeanDefinitionValueResolver.resolveReference(BeanDefinitionValueResolver.java:365)
	at org.springframework.beans.factory.support.BeanDefinitionValueResolver.resolveValueIfNecessary(BeanDefinitionValueResolver.java:135)
	at org.springframework.beans.factory.support.AbstractAutowireCapableBeanFactory.applyPropertyValues(AbstractAutowireCapableBeanFactory.java:1725)
	at org.springframework.beans.factory.support.AbstractAutowireCapableBeanFactory.populateBean(AbstractAutowireCapableBeanFactory.java:1474)
	at org.springframework.beans.factory.support.AbstractAutowireCapableBeanFactory.doCreateBean(AbstractAutowireCapableBeanFactory.java:606)
	at org.springframework.beans.factory.support.AbstractAutowireCapableBeanFactory.createBean(AbstractAutowireCapableBeanFactory.java:529)
	at org.springframework.beans.factory.support.AbstractBeanFactory.lambda$doGetBean$0(AbstractBeanFactory.java:339)
	at org.springframework.beans.factory.support.DefaultSingletonBeanRegistry.getSingleton(DefaultSingletonBeanRegistry.java:373)
	at org.springframework.beans.factory.support.AbstractBeanFactory.doGetBean(AbstractBeanFactory.java:337)
	at org.springframework.beans.factory.support.AbstractBeanFactory.getBean(AbstractBeanFactory.java:202)
	at org.springframework.beans.factory.support.DefaultListableBeanFactory.doResolveDependency(DefaultListableBeanFactory.java:1683)
	at org.springframework.beans.factory.support.DefaultListableBeanFactory.resolveDependency(DefaultListableBeanFactory.java:1628)
	at org.springframework.beans.factory.annotation.AutowiredAnnotationBeanPostProcessor$AutowiredFieldElement.resolveFieldValue(AutowiredAnnotationBeanPostProcessor.java:785)
	at org.springframework.beans.factory.annotation.AutowiredAnnotationBeanPostProcessor$AutowiredFieldElement.inject(AutowiredAnnotationBeanPostProcessor.java:768)
	at org.springframework.beans.factory.annotation.InjectionMetadata.inject(InjectionMetadata.java:146)
	at org.springframework.beans.factory.annotation.AutowiredAnnotationBeanPostProcessor.postProcessProperties(AutowiredAnnotationBeanPostProcessor.java:509)
	at org.springframework.beans.factory.support.AbstractAutowireCapableBeanFactory.populateBean(AbstractAutowireCapableBeanFactory.java:1459)
	at org.springframework.beans.factory.support.AbstractAutowireCapableBeanFactory.doCreateBean(AbstractAutowireCapableBeanFactory.java:606)
	at org.springframework.beans.factory.support.AbstractAutowireCapableBeanFactory.createBean(AbstractAutowireCapableBeanFactory.java:529)
	at org.springframework.beans.factory.support.AbstractBeanFactory.lambda$doGetBean$0(AbstractBeanFactory.java:339)
	at org.springframework.beans.factory.support.DefaultSingletonBeanRegistry.getSingleton(DefaultSingletonBeanRegistry.java:373)
	at org.springframework.beans.factory.support.AbstractBeanFactory.doGetBean(AbstractBeanFactory.java:337)
	at org.springframework.beans.factory.support.AbstractBeanFactory.getBean(AbstractBeanFactory.java:202)
	at org.springframework.beans.factory.config.DependencyDescriptor.resolveCandidate(DependencyDescriptor.java:254)
	at org.springframework.beans.factory.support.DefaultListableBeanFactory.doResolveDependency(DefaultListableBeanFactory.java:1745)
	at org.springframework.beans.factory.support.DefaultListableBeanFactory.resolveDependency(DefaultListableBeanFactory.java:1628)
	at org.springframework.beans.factory.support.ConstructorResolver.resolveAutowiredArgument(ConstructorResolver.java:913)
	at org.springframework.beans.factory.support.ConstructorResolver.createArgumentArray(ConstructorResolver.java:791)
	at org.springframework.beans.factory.support.ConstructorResolver.autowireConstructor(ConstructorResolver.java:240)
	at org.springframework.beans.factory.support.AbstractAutowireCapableBeanFactory.autowireConstructor(AbstractAutowireCapableBeanFactory.java:1395)
	at org.springframework.beans.factory.support.AbstractAutowireCapableBeanFactory.createBeanInstance(AbstractAutowireCapableBeanFactory.java:1232)
	at org.springframework.beans.factory.support.AbstractAutowireCapableBeanFactory.doCreateBean(AbstractAutowireCapableBeanFactory.java:569)
	at org.springframework.beans.factory.support.AbstractAutowireCapableBeanFactory.createBean(AbstractAutowireCapableBeanFactory.java:529)
	at org.springframework.beans.factory.support.AbstractBeanFactory.lambda$doGetBean$0(AbstractBeanFactory.java:339)
	at org.springframework.beans.factory.support.DefaultSingletonBeanRegistry.getSingleton(DefaultSingletonBeanRegistry.java:373)
	at org.springframework.beans.factory.support.AbstractBeanFactory.doGetBean(AbstractBeanFactory.java:337)
	at org.springframework.beans.factory.support.AbstractBeanFactory.getBean(AbstractBeanFactory.java:207)
	at org.springframework.boot.web.servlet.ServletContextInitializerBeans.getOrderedBeansOfType(ServletContextInitializerBeans.java:230)
	at org.springframework.boot.web.servlet.ServletContextInitializerBeans.addAsRegistrationBean(ServletContextInitializerBeans.java:184)
	at org.springframework.boot.web.servlet.ServletContextInitializerBeans.addAsRegistrationBean(ServletContextInitializerBeans.java:179)
	at org.springframework.boot.web.servlet.ServletContextInitializerBeans.addAdaptableBeans(ServletContextInitializerBeans.java:164)
	at org.springframework.boot.web.servlet.ServletContextInitializerBeans.<init>(ServletContextInitializerBeans.java:96)
	at org.springframework.boot.web.servlet.context.ServletWebServerApplicationContext.getServletContextInitializerBeans(ServletWebServerApplicationContext.java:271)
	at org.springframework.boot.web.servlet.context.ServletWebServerApplicationContext.selfInitialize(ServletWebServerApplicationContext.java:245)
	at org.springframework.boot.web.embedded.tomcat.TomcatStarter.onStartup(TomcatStarter.java:52)
	at org.apache.catalina.core.StandardContext.startInternal(StandardContext.java:4464)
	at org.apache.catalina.util.LifecycleBase.start(LifecycleBase.java:164)
	at org.apache.catalina.core.ContainerBase$StartChild.call(ContainerBase.java:1203)
	at org.apache.catalina.core.ContainerBase$StartChild.call(ContainerBase.java:1193)
	at java.base/java.util.concurrent.FutureTask.run(FutureTask.java:264)
	at org.apache.tomcat.util.threads.InlineExecutorService.execute(InlineExecutorService.java:75)
	at java.base/java.util.concurrent.AbstractExecutorService.submit(AbstractExecutorService.java:145)
	at org.apache.catalina.core.ContainerBase.startInternal(ContainerBase.java:749)
	at org.apache.catalina.core.StandardHost.startInternal(StandardHost.java:772)
	at org.apache.catalina.util.LifecycleBase.start(LifecycleBase.java:164)
	at org.apache.catalina.core.ContainerBase$StartChild.call(ContainerBase.java:1203)
	at org.apache.catalina.core.ContainerBase$StartChild.call(ContainerBase.java:1193)
	at java.base/java.util.concurrent.FutureTask.run(FutureTask.java:264)
	at org.apache.tomcat.util.threads.InlineExecutorService.execute(InlineExecutorService.java:75)
	at java.base/java.util.concurrent.AbstractExecutorService.submit(AbstractExecutorService.java:145)
	at org.apache.catalina.core.ContainerBase.startInternal(ContainerBase.java:749)
	at org.apache.catalina.core.StandardEngine.startInternal(StandardEngine.java:203)
	at org.apache.catalina.util.LifecycleBase.start(LifecycleBase.java:164)
	at org.apache.catalina.core.StandardService.startInternal(StandardService.java:412)
	at org.apache.catalina.util.LifecycleBase.start(LifecycleBase.java:164)
	at org.apache.catalina.core.StandardServer.startInternal(StandardServer.java:870)
	at org.apache.catalina.util.LifecycleBase.start(LifecycleBase.java:164)
	at org.apache.catalina.startup.Tomcat.start(Tomcat.java:438)
	at org.springframework.boot.web.embedded.tomcat.TomcatWebServer.initialize(TomcatWebServer.java:128)
	at org.springframework.boot.web.embedded.tomcat.TomcatWebServer.<init>(TomcatWebServer.java:107)
	at org.springframework.boot.web.embedded.tomcat.TomcatServletWebServerFactory.getTomcatWebServer(TomcatServletWebServerFactory.java:517)
	at org.springframework.boot.web.embedded.tomcat.TomcatServletWebServerFactory.getWebServer(TomcatServletWebServerFactory.java:219)
	at org.springframework.boot.web.servlet.context.ServletWebServerApplicationContext.createWebServer(ServletWebServerApplicationContext.java:193)
	at org.springframework.boot.web.servlet.context.ServletWebServerApplicationContext.onRefresh(ServletWebServerApplicationContext.java:167)
	at org.springframework.context.support.AbstractApplicationContext.refresh(AbstractApplicationContext.java:621)
	at org.springframework.boot.web.servlet.context.ServletWebServerApplicationContext.refresh(ServletWebServerApplicationContext.java:146)
	at org.springframework.boot.SpringApplication.refresh(SpringApplication.java:752)
	at org.springframework.boot.SpringApplication.refreshContext(SpringApplication.java:439)
	at org.springframework.boot.SpringApplication.run(SpringApplication.java:318)
	at org.springframework.boot.SpringApplication.run(SpringApplication.java:1361)
	at org.springframework.boot.SpringApplication.run(SpringApplication.java:1350)
	at com.example.crave.kitchen.portal.CraveKitchenPortalApplication.main(CraveKitchenPortalApplication.java:14)
Caused by: java.sql.SQLException: ORA-22859: invalid modification of columns

	at oracle.jdbc.driver.T4CTTIoer11.processError(T4CTTIoer11.java:629)
	at oracle.jdbc.driver.T4CTTIoer11.processError(T4CTTIoer11.java:563)
	at oracle.jdbc.driver.T4C8Oall.processError(T4C8Oall.java:1150)
	at oracle.jdbc.driver.T4CTTIfun.receive(T4CTTIfun.java:770)
	at oracle.jdbc.driver.T4CTTIfun.doRPC(T4CTTIfun.java:298)
	at oracle.jdbc.driver.T4C8Oall.doOALL(T4C8Oall.java:497)
	at oracle.jdbc.driver.T4CStatement.doOall8(T4CStatement.java:111)
	at oracle.jdbc.driver.T4CStatement.executeForRows(T4CStatement.java:1010)
	at oracle.jdbc.driver.OracleStatement.executeSQLStatement(OracleStatement.java:1530)
	at oracle.jdbc.driver.OracleStatement.doExecuteWithTimeout(OracleStatement.java:1310)
	at oracle.jdbc.driver.OracleStatement.executeInternal(OracleStatement.java:2162)
	at oracle.jdbc.driver.OracleStatement.execute(OracleStatement.java:2117)
	at oracle.jdbc.driver.OracleStatementWrapper.execute(OracleStatementWrapper.java:327)
	at com.zaxxer.hikari.pool.ProxyStatement.execute(ProxyStatement.java:95)
	at com.zaxxer.hikari.pool.HikariProxyStatement.execute(HikariProxyStatement.java)
	at org.hibernate.tool.schema.internal.exec.GenerationTargetToDatabase.accept(GenerationTargetToDatabase.java:80)
	... 122 common frames omitted
Caused by: oracle.jdbc.OracleDatabaseException: ORA-22859: invalid modification of columns

	at oracle.jdbc.driver.T4CTTIoer11.processError(T4CTTIoer11.java:636)
	... 137 common frames omitted
2025-08-03 23:30:25.949 [main] DEBUG org.hibernate.SQL - 
    alter table ck_menu_items 
       modify description varchar2(2000 char)
2025-08-03 23:30:25.953 [main] WARN  o.h.t.s.i.ExceptionHandlerLoggedImpl - GenerationTarget encountered exception accepting command : Error executing DDL "
    alter table ck_menu_items 
       modify description varchar2(2000 char)" via JDBC [ORA-22859: invalid modification of columns
]
org.hibernate.tool.schema.spi.CommandAcceptanceException: Error executing DDL "
    alter table ck_menu_items 
       modify description varchar2(2000 char)" via JDBC [ORA-22859: invalid modification of columns
]
	at org.hibernate.tool.schema.internal.exec.GenerationTargetToDatabase.accept(GenerationTargetToDatabase.java:94)
	at org.hibernate.tool.schema.internal.AbstractSchemaMigrator.applySqlString(AbstractSchemaMigrator.java:576)
	at org.hibernate.tool.schema.internal.AbstractSchemaMigrator.applySqlStrings(AbstractSchemaMigrator.java:516)
	at org.hibernate.tool.schema.internal.AbstractSchemaMigrator.migrateTable(AbstractSchemaMigrator.java:334)
	at org.hibernate.tool.schema.internal.GroupedSchemaMigratorImpl.performTablesMigration(GroupedSchemaMigratorImpl.java:84)
	at org.hibernate.tool.schema.internal.AbstractSchemaMigrator.performMigration(AbstractSchemaMigrator.java:233)
	at org.hibernate.tool.schema.internal.AbstractSchemaMigrator.doMigration(AbstractSchemaMigrator.java:112)
	at org.hibernate.tool.schema.spi.SchemaManagementToolCoordinator.performDatabaseAction(SchemaManagementToolCoordinator.java:280)
	at org.hibernate.tool.schema.spi.SchemaManagementToolCoordinator.lambda$process$5(SchemaManagementToolCoordinator.java:144)
	at java.base/java.util.HashMap.forEach(HashMap.java:1421)
	at org.hibernate.tool.schema.spi.SchemaManagementToolCoordinator.process(SchemaManagementToolCoordinator.java:141)
	at org.hibernate.boot.internal.SessionFactoryObserverForSchemaExport.sessionFactoryCreated(SessionFactoryObserverForSchemaExport.java:37)
	at org.hibernate.internal.SessionFactoryObserverChain.sessionFactoryCreated(SessionFactoryObserverChain.java:35)
	at org.hibernate.internal.SessionFactoryImpl.<init>(SessionFactoryImpl.java:324)
	at org.hibernate.boot.internal.SessionFactoryBuilderImpl.build(SessionFactoryBuilderImpl.java:463)
	at org.hibernate.jpa.boot.internal.EntityManagerFactoryBuilderImpl.build(EntityManagerFactoryBuilderImpl.java:1517)
	at org.springframework.orm.jpa.vendor.SpringHibernateJpaPersistenceProvider.createContainerEntityManagerFactory(SpringHibernateJpaPersistenceProvider.java:66)
	at org.springframework.orm.jpa.LocalContainerEntityManagerFactoryBean.createNativeEntityManagerFactory(LocalContainerEntityManagerFactoryBean.java:390)
	at org.springframework.orm.jpa.AbstractEntityManagerFactoryBean.buildNativeEntityManagerFactory(AbstractEntityManagerFactoryBean.java:419)
	at org.springframework.orm.jpa.AbstractEntityManagerFactoryBean.afterPropertiesSet(AbstractEntityManagerFactoryBean.java:400)
	at org.springframework.orm.jpa.LocalContainerEntityManagerFactoryBean.afterPropertiesSet(LocalContainerEntityManagerFactoryBean.java:366)
	at org.springframework.beans.factory.support.AbstractAutowireCapableBeanFactory.invokeInitMethods(AbstractAutowireCapableBeanFactory.java:1873)
	at org.springframework.beans.factory.support.AbstractAutowireCapableBeanFactory.initializeBean(AbstractAutowireCapableBeanFactory.java:1822)
	at org.springframework.beans.factory.support.AbstractAutowireCapableBeanFactory.doCreateBean(AbstractAutowireCapableBeanFactory.java:607)
	at org.springframework.beans.factory.support.AbstractAutowireCapableBeanFactory.createBean(AbstractAutowireCapableBeanFactory.java:529)
	at org.springframework.beans.factory.support.AbstractBeanFactory.lambda$doGetBean$0(AbstractBeanFactory.java:339)
	at org.springframework.beans.factory.support.DefaultSingletonBeanRegistry.getSingleton(DefaultSingletonBeanRegistry.java:373)
	at org.springframework.beans.factory.support.AbstractBeanFactory.doGetBean(AbstractBeanFactory.java:337)
	at org.springframework.beans.factory.support.AbstractBeanFactory.getBean(AbstractBeanFactory.java:202)
	at org.springframework.beans.factory.support.BeanDefinitionValueResolver.resolveReference(BeanDefinitionValueResolver.java:365)
	at org.springframework.beans.factory.support.BeanDefinitionValueResolver.resolveValueIfNecessary(BeanDefinitionValueResolver.java:135)
	at org.springframework.beans.factory.support.ConstructorResolver.resolveConstructorArguments(ConstructorResolver.java:691)
	at org.springframework.beans.factory.support.ConstructorResolver.instantiateUsingFactoryMethod(ConstructorResolver.java:513)
	at org.springframework.beans.factory.support.AbstractAutowireCapableBeanFactory.instantiateUsingFactoryMethod(AbstractAutowireCapableBeanFactory.java:1375)
	at org.springframework.beans.factory.support.AbstractAutowireCapableBeanFactory.createBeanInstance(AbstractAutowireCapableBeanFactory.java:1205)
	at org.springframework.beans.factory.support.AbstractAutowireCapableBeanFactory.doCreateBean(AbstractAutowireCapableBeanFactory.java:569)
	at org.springframework.beans.factory.support.AbstractAutowireCapableBeanFactory.createBean(AbstractAutowireCapableBeanFactory.java:529)
	at org.springframework.beans.factory.support.AbstractBeanFactory.lambda$doGetBean$0(AbstractBeanFactory.java:339)
	at org.springframework.beans.factory.support.DefaultSingletonBeanRegistry.getSingleton(DefaultSingletonBeanRegistry.java:373)
	at org.springframework.beans.factory.support.AbstractBeanFactory.doGetBean(AbstractBeanFactory.java:337)
	at org.springframework.beans.factory.support.AbstractBeanFactory.getBean(AbstractBeanFactory.java:202)
	at org.springframework.beans.factory.support.BeanDefinitionValueResolver.resolveReference(BeanDefinitionValueResolver.java:365)
	at org.springframework.beans.factory.support.BeanDefinitionValueResolver.resolveValueIfNecessary(BeanDefinitionValueResolver.java:135)
	at org.springframework.beans.factory.support.AbstractAutowireCapableBeanFactory.applyPropertyValues(AbstractAutowireCapableBeanFactory.java:1725)
	at org.springframework.beans.factory.support.AbstractAutowireCapableBeanFactory.populateBean(AbstractAutowireCapableBeanFactory.java:1474)
	at org.springframework.beans.factory.support.AbstractAutowireCapableBeanFactory.doCreateBean(AbstractAutowireCapableBeanFactory.java:606)
	at org.springframework.beans.factory.support.AbstractAutowireCapableBeanFactory.createBean(AbstractAutowireCapableBeanFactory.java:529)
	at org.springframework.beans.factory.support.AbstractBeanFactory.lambda$doGetBean$0(AbstractBeanFactory.java:339)
	at org.springframework.beans.factory.support.DefaultSingletonBeanRegistry.getSingleton(DefaultSingletonBeanRegistry.java:373)
	at org.springframework.beans.factory.support.AbstractBeanFactory.doGetBean(AbstractBeanFactory.java:337)
	at org.springframework.beans.factory.support.AbstractBeanFactory.getBean(AbstractBeanFactory.java:202)
	at org.springframework.beans.factory.support.DefaultListableBeanFactory.doResolveDependency(DefaultListableBeanFactory.java:1683)
	at org.springframework.beans.factory.support.DefaultListableBeanFactory.resolveDependency(DefaultListableBeanFactory.java:1628)
	at org.springframework.beans.factory.annotation.AutowiredAnnotationBeanPostProcessor$AutowiredFieldElement.resolveFieldValue(AutowiredAnnotationBeanPostProcessor.java:785)
	at org.springframework.beans.factory.annotation.AutowiredAnnotationBeanPostProcessor$AutowiredFieldElement.inject(AutowiredAnnotationBeanPostProcessor.java:768)
	at org.springframework.beans.factory.annotation.InjectionMetadata.inject(InjectionMetadata.java:146)
	at org.springframework.beans.factory.annotation.AutowiredAnnotationBeanPostProcessor.postProcessProperties(AutowiredAnnotationBeanPostProcessor.java:509)
	at org.springframework.beans.factory.support.AbstractAutowireCapableBeanFactory.populateBean(AbstractAutowireCapableBeanFactory.java:1459)
	at org.springframework.beans.factory.support.AbstractAutowireCapableBeanFactory.doCreateBean(AbstractAutowireCapableBeanFactory.java:606)
	at org.springframework.beans.factory.support.AbstractAutowireCapableBeanFactory.createBean(AbstractAutowireCapableBeanFactory.java:529)
	at org.springframework.beans.factory.support.AbstractBeanFactory.lambda$doGetBean$0(AbstractBeanFactory.java:339)
	at org.springframework.beans.factory.support.DefaultSingletonBeanRegistry.getSingleton(DefaultSingletonBeanRegistry.java:373)
	at org.springframework.beans.factory.support.AbstractBeanFactory.doGetBean(AbstractBeanFactory.java:337)
	at org.springframework.beans.factory.support.AbstractBeanFactory.getBean(AbstractBeanFactory.java:202)
	at org.springframework.beans.factory.config.DependencyDescriptor.resolveCandidate(DependencyDescriptor.java:254)
	at org.springframework.beans.factory.support.DefaultListableBeanFactory.doResolveDependency(DefaultListableBeanFactory.java:1745)
	at org.springframework.beans.factory.support.DefaultListableBeanFactory.resolveDependency(DefaultListableBeanFactory.java:1628)
	at org.springframework.beans.factory.support.ConstructorResolver.resolveAutowiredArgument(ConstructorResolver.java:913)
	at org.springframework.beans.factory.support.ConstructorResolver.createArgumentArray(ConstructorResolver.java:791)
	at org.springframework.beans.factory.support.ConstructorResolver.autowireConstructor(ConstructorResolver.java:240)
	at org.springframework.beans.factory.support.AbstractAutowireCapableBeanFactory.autowireConstructor(AbstractAutowireCapableBeanFactory.java:1395)
	at org.springframework.beans.factory.support.AbstractAutowireCapableBeanFactory.createBeanInstance(AbstractAutowireCapableBeanFactory.java:1232)
	at org.springframework.beans.factory.support.AbstractAutowireCapableBeanFactory.doCreateBean(AbstractAutowireCapableBeanFactory.java:569)
	at org.springframework.beans.factory.support.AbstractAutowireCapableBeanFactory.createBean(AbstractAutowireCapableBeanFactory.java:529)
	at org.springframework.beans.factory.support.AbstractBeanFactory.lambda$doGetBean$0(AbstractBeanFactory.java:339)
	at org.springframework.beans.factory.support.DefaultSingletonBeanRegistry.getSingleton(DefaultSingletonBeanRegistry.java:373)
	at org.springframework.beans.factory.support.AbstractBeanFactory.doGetBean(AbstractBeanFactory.java:337)
	at org.springframework.beans.factory.support.AbstractBeanFactory.getBean(AbstractBeanFactory.java:207)
	at org.springframework.boot.web.servlet.ServletContextInitializerBeans.getOrderedBeansOfType(ServletContextInitializerBeans.java:230)
	at org.springframework.boot.web.servlet.ServletContextInitializerBeans.addAsRegistrationBean(ServletContextInitializerBeans.java:184)
	at org.springframework.boot.web.servlet.ServletContextInitializerBeans.addAsRegistrationBean(ServletContextInitializerBeans.java:179)
	at org.springframework.boot.web.servlet.ServletContextInitializerBeans.addAdaptableBeans(ServletContextInitializerBeans.java:164)
	at org.springframework.boot.web.servlet.ServletContextInitializerBeans.<init>(ServletContextInitializerBeans.java:96)
	at org.springframework.boot.web.servlet.context.ServletWebServerApplicationContext.getServletContextInitializerBeans(ServletWebServerApplicationContext.java:271)
	at org.springframework.boot.web.servlet.context.ServletWebServerApplicationContext.selfInitialize(ServletWebServerApplicationContext.java:245)
	at org.springframework.boot.web.embedded.tomcat.TomcatStarter.onStartup(TomcatStarter.java:52)
	at org.apache.catalina.core.StandardContext.startInternal(StandardContext.java:4464)
	at org.apache.catalina.util.LifecycleBase.start(LifecycleBase.java:164)
	at org.apache.catalina.core.ContainerBase$StartChild.call(ContainerBase.java:1203)
	at org.apache.catalina.core.ContainerBase$StartChild.call(ContainerBase.java:1193)
	at java.base/java.util.concurrent.FutureTask.run(FutureTask.java:264)
	at org.apache.tomcat.util.threads.InlineExecutorService.execute(InlineExecutorService.java:75)
	at java.base/java.util.concurrent.AbstractExecutorService.submit(AbstractExecutorService.java:145)
	at org.apache.catalina.core.ContainerBase.startInternal(ContainerBase.java:749)
	at org.apache.catalina.core.StandardHost.startInternal(StandardHost.java:772)
	at org.apache.catalina.util.LifecycleBase.start(LifecycleBase.java:164)
	at org.apache.catalina.core.ContainerBase$StartChild.call(ContainerBase.java:1203)
	at org.apache.catalina.core.ContainerBase$StartChild.call(ContainerBase.java:1193)
	at java.base/java.util.concurrent.FutureTask.run(FutureTask.java:264)
	at org.apache.tomcat.util.threads.InlineExecutorService.execute(InlineExecutorService.java:75)
	at java.base/java.util.concurrent.AbstractExecutorService.submit(AbstractExecutorService.java:145)
	at org.apache.catalina.core.ContainerBase.startInternal(ContainerBase.java:749)
	at org.apache.catalina.core.StandardEngine.startInternal(StandardEngine.java:203)
	at org.apache.catalina.util.LifecycleBase.start(LifecycleBase.java:164)
	at org.apache.catalina.core.StandardService.startInternal(StandardService.java:412)
	at org.apache.catalina.util.LifecycleBase.start(LifecycleBase.java:164)
	at org.apache.catalina.core.StandardServer.startInternal(StandardServer.java:870)
	at org.apache.catalina.util.LifecycleBase.start(LifecycleBase.java:164)
	at org.apache.catalina.startup.Tomcat.start(Tomcat.java:438)
	at org.springframework.boot.web.embedded.tomcat.TomcatWebServer.initialize(TomcatWebServer.java:128)
	at org.springframework.boot.web.embedded.tomcat.TomcatWebServer.<init>(TomcatWebServer.java:107)
	at org.springframework.boot.web.embedded.tomcat.TomcatServletWebServerFactory.getTomcatWebServer(TomcatServletWebServerFactory.java:517)
	at org.springframework.boot.web.embedded.tomcat.TomcatServletWebServerFactory.getWebServer(TomcatServletWebServerFactory.java:219)
	at org.springframework.boot.web.servlet.context.ServletWebServerApplicationContext.createWebServer(ServletWebServerApplicationContext.java:193)
	at org.springframework.boot.web.servlet.context.ServletWebServerApplicationContext.onRefresh(ServletWebServerApplicationContext.java:167)
	at org.springframework.context.support.AbstractApplicationContext.refresh(AbstractApplicationContext.java:621)
	at org.springframework.boot.web.servlet.context.ServletWebServerApplicationContext.refresh(ServletWebServerApplicationContext.java:146)
	at org.springframework.boot.SpringApplication.refresh(SpringApplication.java:752)
	at org.springframework.boot.SpringApplication.refreshContext(SpringApplication.java:439)
	at org.springframework.boot.SpringApplication.run(SpringApplication.java:318)
	at org.springframework.boot.SpringApplication.run(SpringApplication.java:1361)
	at org.springframework.boot.SpringApplication.run(SpringApplication.java:1350)
	at com.example.crave.kitchen.portal.CraveKitchenPortalApplication.main(CraveKitchenPortalApplication.java:14)
Caused by: java.sql.SQLException: ORA-22859: invalid modification of columns

	at oracle.jdbc.driver.T4CTTIoer11.processError(T4CTTIoer11.java:629)
	at oracle.jdbc.driver.T4CTTIoer11.processError(T4CTTIoer11.java:563)
	at oracle.jdbc.driver.T4C8Oall.processError(T4C8Oall.java:1150)
	at oracle.jdbc.driver.T4CTTIfun.receive(T4CTTIfun.java:770)
	at oracle.jdbc.driver.T4CTTIfun.doRPC(T4CTTIfun.java:298)
	at oracle.jdbc.driver.T4C8Oall.doOALL(T4C8Oall.java:497)
	at oracle.jdbc.driver.T4CStatement.doOall8(T4CStatement.java:111)
	at oracle.jdbc.driver.T4CStatement.executeForRows(T4CStatement.java:1010)
	at oracle.jdbc.driver.OracleStatement.executeSQLStatement(OracleStatement.java:1530)
	at oracle.jdbc.driver.OracleStatement.doExecuteWithTimeout(OracleStatement.java:1310)
	at oracle.jdbc.driver.OracleStatement.executeInternal(OracleStatement.java:2162)
	at oracle.jdbc.driver.OracleStatement.execute(OracleStatement.java:2117)
	at oracle.jdbc.driver.OracleStatementWrapper.execute(OracleStatementWrapper.java:327)
	at com.zaxxer.hikari.pool.ProxyStatement.execute(ProxyStatement.java:95)
	at com.zaxxer.hikari.pool.HikariProxyStatement.execute(HikariProxyStatement.java)
	at org.hibernate.tool.schema.internal.exec.GenerationTargetToDatabase.accept(GenerationTargetToDatabase.java:80)
	... 122 common frames omitted
Caused by: oracle.jdbc.OracleDatabaseException: ORA-22859: invalid modification of columns

	at oracle.jdbc.driver.T4CTTIoer11.processError(T4CTTIoer11.java:636)
	... 137 common frames omitted
2025-08-03 23:30:25.954 [main] DEBUG org.hibernate.SQL - 
    alter table ck_menu_items 
       modify ingredients varchar2(2000 char)
2025-08-03 23:30:25.958 [main] WARN  o.h.t.s.i.ExceptionHandlerLoggedImpl - GenerationTarget encountered exception accepting command : Error executing DDL "
    alter table ck_menu_items 
       modify ingredients varchar2(2000 char)" via JDBC [ORA-22859: invalid modification of columns
]
org.hibernate.tool.schema.spi.CommandAcceptanceException: Error executing DDL "
    alter table ck_menu_items 
       modify ingredients varchar2(2000 char)" via JDBC [ORA-22859: invalid modification of columns
]
	at org.hibernate.tool.schema.internal.exec.GenerationTargetToDatabase.accept(GenerationTargetToDatabase.java:94)
	at org.hibernate.tool.schema.internal.AbstractSchemaMigrator.applySqlString(AbstractSchemaMigrator.java:576)
	at org.hibernate.tool.schema.internal.AbstractSchemaMigrator.applySqlStrings(AbstractSchemaMigrator.java:516)
	at org.hibernate.tool.schema.internal.AbstractSchemaMigrator.migrateTable(AbstractSchemaMigrator.java:334)
	at org.hibernate.tool.schema.internal.GroupedSchemaMigratorImpl.performTablesMigration(GroupedSchemaMigratorImpl.java:84)
	at org.hibernate.tool.schema.internal.AbstractSchemaMigrator.performMigration(AbstractSchemaMigrator.java:233)
	at org.hibernate.tool.schema.internal.AbstractSchemaMigrator.doMigration(AbstractSchemaMigrator.java:112)
	at org.hibernate.tool.schema.spi.SchemaManagementToolCoordinator.performDatabaseAction(SchemaManagementToolCoordinator.java:280)
	at org.hibernate.tool.schema.spi.SchemaManagementToolCoordinator.lambda$process$5(SchemaManagementToolCoordinator.java:144)
	at java.base/java.util.HashMap.forEach(HashMap.java:1421)
	at org.hibernate.tool.schema.spi.SchemaManagementToolCoordinator.process(SchemaManagementToolCoordinator.java:141)
	at org.hibernate.boot.internal.SessionFactoryObserverForSchemaExport.sessionFactoryCreated(SessionFactoryObserverForSchemaExport.java:37)
	at org.hibernate.internal.SessionFactoryObserverChain.sessionFactoryCreated(SessionFactoryObserverChain.java:35)
	at org.hibernate.internal.SessionFactoryImpl.<init>(SessionFactoryImpl.java:324)
	at org.hibernate.boot.internal.SessionFactoryBuilderImpl.build(SessionFactoryBuilderImpl.java:463)
	at org.hibernate.jpa.boot.internal.EntityManagerFactoryBuilderImpl.build(EntityManagerFactoryBuilderImpl.java:1517)
	at org.springframework.orm.jpa.vendor.SpringHibernateJpaPersistenceProvider.createContainerEntityManagerFactory(SpringHibernateJpaPersistenceProvider.java:66)
	at org.springframework.orm.jpa.LocalContainerEntityManagerFactoryBean.createNativeEntityManagerFactory(LocalContainerEntityManagerFactoryBean.java:390)
	at org.springframework.orm.jpa.AbstractEntityManagerFactoryBean.buildNativeEntityManagerFactory(AbstractEntityManagerFactoryBean.java:419)
	at org.springframework.orm.jpa.AbstractEntityManagerFactoryBean.afterPropertiesSet(AbstractEntityManagerFactoryBean.java:400)
	at org.springframework.orm.jpa.LocalContainerEntityManagerFactoryBean.afterPropertiesSet(LocalContainerEntityManagerFactoryBean.java:366)
	at org.springframework.beans.factory.support.AbstractAutowireCapableBeanFactory.invokeInitMethods(AbstractAutowireCapableBeanFactory.java:1873)
	at org.springframework.beans.factory.support.AbstractAutowireCapableBeanFactory.initializeBean(AbstractAutowireCapableBeanFactory.java:1822)
	at org.springframework.beans.factory.support.AbstractAutowireCapableBeanFactory.doCreateBean(AbstractAutowireCapableBeanFactory.java:607)
	at org.springframework.beans.factory.support.AbstractAutowireCapableBeanFactory.createBean(AbstractAutowireCapableBeanFactory.java:529)
	at org.springframework.beans.factory.support.AbstractBeanFactory.lambda$doGetBean$0(AbstractBeanFactory.java:339)
	at org.springframework.beans.factory.support.DefaultSingletonBeanRegistry.getSingleton(DefaultSingletonBeanRegistry.java:373)
	at org.springframework.beans.factory.support.AbstractBeanFactory.doGetBean(AbstractBeanFactory.java:337)
	at org.springframework.beans.factory.support.AbstractBeanFactory.getBean(AbstractBeanFactory.java:202)
	at org.springframework.beans.factory.support.BeanDefinitionValueResolver.resolveReference(BeanDefinitionValueResolver.java:365)
	at org.springframework.beans.factory.support.BeanDefinitionValueResolver.resolveValueIfNecessary(BeanDefinitionValueResolver.java:135)
	at org.springframework.beans.factory.support.ConstructorResolver.resolveConstructorArguments(ConstructorResolver.java:691)
	at org.springframework.beans.factory.support.ConstructorResolver.instantiateUsingFactoryMethod(ConstructorResolver.java:513)
	at org.springframework.beans.factory.support.AbstractAutowireCapableBeanFactory.instantiateUsingFactoryMethod(AbstractAutowireCapableBeanFactory.java:1375)
	at org.springframework.beans.factory.support.AbstractAutowireCapableBeanFactory.createBeanInstance(AbstractAutowireCapableBeanFactory.java:1205)
	at org.springframework.beans.factory.support.AbstractAutowireCapableBeanFactory.doCreateBean(AbstractAutowireCapableBeanFactory.java:569)
	at org.springframework.beans.factory.support.AbstractAutowireCapableBeanFactory.createBean(AbstractAutowireCapableBeanFactory.java:529)
	at org.springframework.beans.factory.support.AbstractBeanFactory.lambda$doGetBean$0(AbstractBeanFactory.java:339)
	at org.springframework.beans.factory.support.DefaultSingletonBeanRegistry.getSingleton(DefaultSingletonBeanRegistry.java:373)
	at org.springframework.beans.factory.support.AbstractBeanFactory.doGetBean(AbstractBeanFactory.java:337)
	at org.springframework.beans.factory.support.AbstractBeanFactory.getBean(AbstractBeanFactory.java:202)
	at org.springframework.beans.factory.support.BeanDefinitionValueResolver.resolveReference(BeanDefinitionValueResolver.java:365)
	at org.springframework.beans.factory.support.BeanDefinitionValueResolver.resolveValueIfNecessary(BeanDefinitionValueResolver.java:135)
	at org.springframework.beans.factory.support.AbstractAutowireCapableBeanFactory.applyPropertyValues(AbstractAutowireCapableBeanFactory.java:1725)
	at org.springframework.beans.factory.support.AbstractAutowireCapableBeanFactory.populateBean(AbstractAutowireCapableBeanFactory.java:1474)
	at org.springframework.beans.factory.support.AbstractAutowireCapableBeanFactory.doCreateBean(AbstractAutowireCapableBeanFactory.java:606)
	at org.springframework.beans.factory.support.AbstractAutowireCapableBeanFactory.createBean(AbstractAutowireCapableBeanFactory.java:529)
	at org.springframework.beans.factory.support.AbstractBeanFactory.lambda$doGetBean$0(AbstractBeanFactory.java:339)
	at org.springframework.beans.factory.support.DefaultSingletonBeanRegistry.getSingleton(DefaultSingletonBeanRegistry.java:373)
	at org.springframework.beans.factory.support.AbstractBeanFactory.doGetBean(AbstractBeanFactory.java:337)
	at org.springframework.beans.factory.support.AbstractBeanFactory.getBean(AbstractBeanFactory.java:202)
	at org.springframework.beans.factory.support.DefaultListableBeanFactory.doResolveDependency(DefaultListableBeanFactory.java:1683)
	at org.springframework.beans.factory.support.DefaultListableBeanFactory.resolveDependency(DefaultListableBeanFactory.java:1628)
	at org.springframework.beans.factory.annotation.AutowiredAnnotationBeanPostProcessor$AutowiredFieldElement.resolveFieldValue(AutowiredAnnotationBeanPostProcessor.java:785)
	at org.springframework.beans.factory.annotation.AutowiredAnnotationBeanPostProcessor$AutowiredFieldElement.inject(AutowiredAnnotationBeanPostProcessor.java:768)
	at org.springframework.beans.factory.annotation.InjectionMetadata.inject(InjectionMetadata.java:146)
	at org.springframework.beans.factory.annotation.AutowiredAnnotationBeanPostProcessor.postProcessProperties(AutowiredAnnotationBeanPostProcessor.java:509)
	at org.springframework.beans.factory.support.AbstractAutowireCapableBeanFactory.populateBean(AbstractAutowireCapableBeanFactory.java:1459)
	at org.springframework.beans.factory.support.AbstractAutowireCapableBeanFactory.doCreateBean(AbstractAutowireCapableBeanFactory.java:606)
	at org.springframework.beans.factory.support.AbstractAutowireCapableBeanFactory.createBean(AbstractAutowireCapableBeanFactory.java:529)
	at org.springframework.beans.factory.support.AbstractBeanFactory.lambda$doGetBean$0(AbstractBeanFactory.java:339)
	at org.springframework.beans.factory.support.DefaultSingletonBeanRegistry.getSingleton(DefaultSingletonBeanRegistry.java:373)
	at org.springframework.beans.factory.support.AbstractBeanFactory.doGetBean(AbstractBeanFactory.java:337)
	at org.springframework.beans.factory.support.AbstractBeanFactory.getBean(AbstractBeanFactory.java:202)
	at org.springframework.beans.factory.config.DependencyDescriptor.resolveCandidate(DependencyDescriptor.java:254)
	at org.springframework.beans.factory.support.DefaultListableBeanFactory.doResolveDependency(DefaultListableBeanFactory.java:1745)
	at org.springframework.beans.factory.support.DefaultListableBeanFactory.resolveDependency(DefaultListableBeanFactory.java:1628)
	at org.springframework.beans.factory.support.ConstructorResolver.resolveAutowiredArgument(ConstructorResolver.java:913)
	at org.springframework.beans.factory.support.ConstructorResolver.createArgumentArray(ConstructorResolver.java:791)
	at org.springframework.beans.factory.support.ConstructorResolver.autowireConstructor(ConstructorResolver.java:240)
	at org.springframework.beans.factory.support.AbstractAutowireCapableBeanFactory.autowireConstructor(AbstractAutowireCapableBeanFactory.java:1395)
	at org.springframework.beans.factory.support.AbstractAutowireCapableBeanFactory.createBeanInstance(AbstractAutowireCapableBeanFactory.java:1232)
	at org.springframework.beans.factory.support.AbstractAutowireCapableBeanFactory.doCreateBean(AbstractAutowireCapableBeanFactory.java:569)
	at org.springframework.beans.factory.support.AbstractAutowireCapableBeanFactory.createBean(AbstractAutowireCapableBeanFactory.java:529)
	at org.springframework.beans.factory.support.AbstractBeanFactory.lambda$doGetBean$0(AbstractBeanFactory.java:339)
	at org.springframework.beans.factory.support.DefaultSingletonBeanRegistry.getSingleton(DefaultSingletonBeanRegistry.java:373)
	at org.springframework.beans.factory.support.AbstractBeanFactory.doGetBean(AbstractBeanFactory.java:337)
	at org.springframework.beans.factory.support.AbstractBeanFactory.getBean(AbstractBeanFactory.java:207)
	at org.springframework.boot.web.servlet.ServletContextInitializerBeans.getOrderedBeansOfType(ServletContextInitializerBeans.java:230)
	at org.springframework.boot.web.servlet.ServletContextInitializerBeans.addAsRegistrationBean(ServletContextInitializerBeans.java:184)
	at org.springframework.boot.web.servlet.ServletContextInitializerBeans.addAsRegistrationBean(ServletContextInitializerBeans.java:179)
	at org.springframework.boot.web.servlet.ServletContextInitializerBeans.addAdaptableBeans(ServletContextInitializerBeans.java:164)
	at org.springframework.boot.web.servlet.ServletContextInitializerBeans.<init>(ServletContextInitializerBeans.java:96)
	at org.springframework.boot.web.servlet.context.ServletWebServerApplicationContext.getServletContextInitializerBeans(ServletWebServerApplicationContext.java:271)
	at org.springframework.boot.web.servlet.context.ServletWebServerApplicationContext.selfInitialize(ServletWebServerApplicationContext.java:245)
	at org.springframework.boot.web.embedded.tomcat.TomcatStarter.onStartup(TomcatStarter.java:52)
	at org.apache.catalina.core.StandardContext.startInternal(StandardContext.java:4464)
	at org.apache.catalina.util.LifecycleBase.start(LifecycleBase.java:164)
	at org.apache.catalina.core.ContainerBase$StartChild.call(ContainerBase.java:1203)
	at org.apache.catalina.core.ContainerBase$StartChild.call(ContainerBase.java:1193)
	at java.base/java.util.concurrent.FutureTask.run(FutureTask.java:264)
	at org.apache.tomcat.util.threads.InlineExecutorService.execute(InlineExecutorService.java:75)
	at java.base/java.util.concurrent.AbstractExecutorService.submit(AbstractExecutorService.java:145)
	at org.apache.catalina.core.ContainerBase.startInternal(ContainerBase.java:749)
	at org.apache.catalina.core.StandardHost.startInternal(StandardHost.java:772)
	at org.apache.catalina.util.LifecycleBase.start(LifecycleBase.java:164)
	at org.apache.catalina.core.ContainerBase$StartChild.call(ContainerBase.java:1203)
	at org.apache.catalina.core.ContainerBase$StartChild.call(ContainerBase.java:1193)
	at java.base/java.util.concurrent.FutureTask.run(FutureTask.java:264)
	at org.apache.tomcat.util.threads.InlineExecutorService.execute(InlineExecutorService.java:75)
	at java.base/java.util.concurrent.AbstractExecutorService.submit(AbstractExecutorService.java:145)
	at org.apache.catalina.core.ContainerBase.startInternal(ContainerBase.java:749)
	at org.apache.catalina.core.StandardEngine.startInternal(StandardEngine.java:203)
	at org.apache.catalina.util.LifecycleBase.start(LifecycleBase.java:164)
	at org.apache.catalina.core.StandardService.startInternal(StandardService.java:412)
	at org.apache.catalina.util.LifecycleBase.start(LifecycleBase.java:164)
	at org.apache.catalina.core.StandardServer.startInternal(StandardServer.java:870)
	at org.apache.catalina.util.LifecycleBase.start(LifecycleBase.java:164)
	at org.apache.catalina.startup.Tomcat.start(Tomcat.java:438)
	at org.springframework.boot.web.embedded.tomcat.TomcatWebServer.initialize(TomcatWebServer.java:128)
	at org.springframework.boot.web.embedded.tomcat.TomcatWebServer.<init>(TomcatWebServer.java:107)
	at org.springframework.boot.web.embedded.tomcat.TomcatServletWebServerFactory.getTomcatWebServer(TomcatServletWebServerFactory.java:517)
	at org.springframework.boot.web.embedded.tomcat.TomcatServletWebServerFactory.getWebServer(TomcatServletWebServerFactory.java:219)
	at org.springframework.boot.web.servlet.context.ServletWebServerApplicationContext.createWebServer(ServletWebServerApplicationContext.java:193)
	at org.springframework.boot.web.servlet.context.ServletWebServerApplicationContext.onRefresh(ServletWebServerApplicationContext.java:167)
	at org.springframework.context.support.AbstractApplicationContext.refresh(AbstractApplicationContext.java:621)
	at org.springframework.boot.web.servlet.context.ServletWebServerApplicationContext.refresh(ServletWebServerApplicationContext.java:146)
	at org.springframework.boot.SpringApplication.refresh(SpringApplication.java:752)
	at org.springframework.boot.SpringApplication.refreshContext(SpringApplication.java:439)
	at org.springframework.boot.SpringApplication.run(SpringApplication.java:318)
	at org.springframework.boot.SpringApplication.run(SpringApplication.java:1361)
	at org.springframework.boot.SpringApplication.run(SpringApplication.java:1350)
	at com.example.crave.kitchen.portal.CraveKitchenPortalApplication.main(CraveKitchenPortalApplication.java:14)
Caused by: java.sql.SQLException: ORA-22859: invalid modification of columns

	at oracle.jdbc.driver.T4CTTIoer11.processError(T4CTTIoer11.java:629)
	at oracle.jdbc.driver.T4CTTIoer11.processError(T4CTTIoer11.java:563)
	at oracle.jdbc.driver.T4C8Oall.processError(T4C8Oall.java:1150)
	at oracle.jdbc.driver.T4CTTIfun.receive(T4CTTIfun.java:770)
	at oracle.jdbc.driver.T4CTTIfun.doRPC(T4CTTIfun.java:298)
	at oracle.jdbc.driver.T4C8Oall.doOALL(T4C8Oall.java:497)
	at oracle.jdbc.driver.T4CStatement.doOall8(T4CStatement.java:111)
	at oracle.jdbc.driver.T4CStatement.executeForRows(T4CStatement.java:1010)
	at oracle.jdbc.driver.OracleStatement.executeSQLStatement(OracleStatement.java:1530)
	at oracle.jdbc.driver.OracleStatement.doExecuteWithTimeout(OracleStatement.java:1310)
	at oracle.jdbc.driver.OracleStatement.executeInternal(OracleStatement.java:2162)
	at oracle.jdbc.driver.OracleStatement.execute(OracleStatement.java:2117)
	at oracle.jdbc.driver.OracleStatementWrapper.execute(OracleStatementWrapper.java:327)
	at com.zaxxer.hikari.pool.ProxyStatement.execute(ProxyStatement.java:95)
	at com.zaxxer.hikari.pool.HikariProxyStatement.execute(HikariProxyStatement.java)
	at org.hibernate.tool.schema.internal.exec.GenerationTargetToDatabase.accept(GenerationTargetToDatabase.java:80)
	... 122 common frames omitted
Caused by: oracle.jdbc.OracleDatabaseException: ORA-22859: invalid modification of columns

	at oracle.jdbc.driver.T4CTTIoer11.processError(T4CTTIoer11.java:636)
	... 137 common frames omitted
2025-08-03 23:30:25.960 [main] DEBUG org.hibernate.SQL - 
    create table ck_refresh_tokens (
        id number(19,0) generated by default as identity,
        created_at timestamp(6) not null,
        device_info varchar2(255 char),
        expires_at timestamp(6) not null,
        ip_address varchar2(45 char),
        is_revoked number(1,0) not null check (is_revoked in (0,1)),
        revoked_at timestamp(6),
        token varchar2(500 char) not null,
        updated_at timestamp(6) not null,
        user_agent varchar2(500 char),
        user_id number(19,0) not null,
        primary key (id)
    )
2025-08-03 23:30:25.961 [main] WARN  o.h.t.s.i.ExceptionHandlerLoggedImpl - GenerationTarget encountered exception accepting command : Error executing DDL "
    create table ck_refresh_tokens (
        id number(19,0) generated by default as identity,
        created_at timestamp(6) not null,
        device_info varchar2(255 char),
        expires_at timestamp(6) not null,
        ip_address varchar2(45 char),
        is_revoked number(1,0) not null check (is_revoked in (0,1)),
        revoked_at timestamp(6),
        token varchar2(500 char) not null,
        updated_at timestamp(6) not null,
        user_agent varchar2(500 char),
        user_id number(19,0) not null,
        primary key (id)
    )" via JDBC [ORA-00907: missing right parenthesis
]
org.hibernate.tool.schema.spi.CommandAcceptanceException: Error executing DDL "
    create table ck_refresh_tokens (
        id number(19,0) generated by default as identity,
        created_at timestamp(6) not null,
        device_info varchar2(255 char),
        expires_at timestamp(6) not null,
        ip_address varchar2(45 char),
        is_revoked number(1,0) not null check (is_revoked in (0,1)),
        revoked_at timestamp(6),
        token varchar2(500 char) not null,
        updated_at timestamp(6) not null,
        user_agent varchar2(500 char),
        user_id number(19,0) not null,
        primary key (id)
    )" via JDBC [ORA-00907: missing right parenthesis
]
	at org.hibernate.tool.schema.internal.exec.GenerationTargetToDatabase.accept(GenerationTargetToDatabase.java:94)
	at org.hibernate.tool.schema.internal.AbstractSchemaMigrator.applySqlString(AbstractSchemaMigrator.java:576)
	at org.hibernate.tool.schema.internal.AbstractSchemaMigrator.applySqlStrings(AbstractSchemaMigrator.java:516)
	at org.hibernate.tool.schema.internal.AbstractSchemaMigrator.createTable(AbstractSchemaMigrator.java:316)
	at org.hibernate.tool.schema.internal.GroupedSchemaMigratorImpl.performTablesMigration(GroupedSchemaMigratorImpl.java:80)
	at org.hibernate.tool.schema.internal.AbstractSchemaMigrator.performMigration(AbstractSchemaMigrator.java:233)
	at org.hibernate.tool.schema.internal.AbstractSchemaMigrator.doMigration(AbstractSchemaMigrator.java:112)
	at org.hibernate.tool.schema.spi.SchemaManagementToolCoordinator.performDatabaseAction(SchemaManagementToolCoordinator.java:280)
	at org.hibernate.tool.schema.spi.SchemaManagementToolCoordinator.lambda$process$5(SchemaManagementToolCoordinator.java:144)
	at java.base/java.util.HashMap.forEach(HashMap.java:1421)
	at org.hibernate.tool.schema.spi.SchemaManagementToolCoordinator.process(SchemaManagementToolCoordinator.java:141)
	at org.hibernate.boot.internal.SessionFactoryObserverForSchemaExport.sessionFactoryCreated(SessionFactoryObserverForSchemaExport.java:37)
	at org.hibernate.internal.SessionFactoryObserverChain.sessionFactoryCreated(SessionFactoryObserverChain.java:35)
	at org.hibernate.internal.SessionFactoryImpl.<init>(SessionFactoryImpl.java:324)
	at org.hibernate.boot.internal.SessionFactoryBuilderImpl.build(SessionFactoryBuilderImpl.java:463)
	at org.hibernate.jpa.boot.internal.EntityManagerFactoryBuilderImpl.build(EntityManagerFactoryBuilderImpl.java:1517)
	at org.springframework.orm.jpa.vendor.SpringHibernateJpaPersistenceProvider.createContainerEntityManagerFactory(SpringHibernateJpaPersistenceProvider.java:66)
	at org.springframework.orm.jpa.LocalContainerEntityManagerFactoryBean.createNativeEntityManagerFactory(LocalContainerEntityManagerFactoryBean.java:390)
	at org.springframework.orm.jpa.AbstractEntityManagerFactoryBean.buildNativeEntityManagerFactory(AbstractEntityManagerFactoryBean.java:419)
	at org.springframework.orm.jpa.AbstractEntityManagerFactoryBean.afterPropertiesSet(AbstractEntityManagerFactoryBean.java:400)
	at org.springframework.orm.jpa.LocalContainerEntityManagerFactoryBean.afterPropertiesSet(LocalContainerEntityManagerFactoryBean.java:366)
	at org.springframework.beans.factory.support.AbstractAutowireCapableBeanFactory.invokeInitMethods(AbstractAutowireCapableBeanFactory.java:1873)
	at org.springframework.beans.factory.support.AbstractAutowireCapableBeanFactory.initializeBean(AbstractAutowireCapableBeanFactory.java:1822)
	at org.springframework.beans.factory.support.AbstractAutowireCapableBeanFactory.doCreateBean(AbstractAutowireCapableBeanFactory.java:607)
	at org.springframework.beans.factory.support.AbstractAutowireCapableBeanFactory.createBean(AbstractAutowireCapableBeanFactory.java:529)
	at org.springframework.beans.factory.support.AbstractBeanFactory.lambda$doGetBean$0(AbstractBeanFactory.java:339)
	at org.springframework.beans.factory.support.DefaultSingletonBeanRegistry.getSingleton(DefaultSingletonBeanRegistry.java:373)
	at org.springframework.beans.factory.support.AbstractBeanFactory.doGetBean(AbstractBeanFactory.java:337)
	at org.springframework.beans.factory.support.AbstractBeanFactory.getBean(AbstractBeanFactory.java:202)
	at org.springframework.beans.factory.support.BeanDefinitionValueResolver.resolveReference(BeanDefinitionValueResolver.java:365)
	at org.springframework.beans.factory.support.BeanDefinitionValueResolver.resolveValueIfNecessary(BeanDefinitionValueResolver.java:135)
	at org.springframework.beans.factory.support.ConstructorResolver.resolveConstructorArguments(ConstructorResolver.java:691)
	at org.springframework.beans.factory.support.ConstructorResolver.instantiateUsingFactoryMethod(ConstructorResolver.java:513)
	at org.springframework.beans.factory.support.AbstractAutowireCapableBeanFactory.instantiateUsingFactoryMethod(AbstractAutowireCapableBeanFactory.java:1375)
	at org.springframework.beans.factory.support.AbstractAutowireCapableBeanFactory.createBeanInstance(AbstractAutowireCapableBeanFactory.java:1205)
	at org.springframework.beans.factory.support.AbstractAutowireCapableBeanFactory.doCreateBean(AbstractAutowireCapableBeanFactory.java:569)
	at org.springframework.beans.factory.support.AbstractAutowireCapableBeanFactory.createBean(AbstractAutowireCapableBeanFactory.java:529)
	at org.springframework.beans.factory.support.AbstractBeanFactory.lambda$doGetBean$0(AbstractBeanFactory.java:339)
	at org.springframework.beans.factory.support.DefaultSingletonBeanRegistry.getSingleton(DefaultSingletonBeanRegistry.java:373)
	at org.springframework.beans.factory.support.AbstractBeanFactory.doGetBean(AbstractBeanFactory.java:337)
	at org.springframework.beans.factory.support.AbstractBeanFactory.getBean(AbstractBeanFactory.java:202)
	at org.springframework.beans.factory.support.BeanDefinitionValueResolver.resolveReference(BeanDefinitionValueResolver.java:365)
	at org.springframework.beans.factory.support.BeanDefinitionValueResolver.resolveValueIfNecessary(BeanDefinitionValueResolver.java:135)
	at org.springframework.beans.factory.support.AbstractAutowireCapableBeanFactory.applyPropertyValues(AbstractAutowireCapableBeanFactory.java:1725)
	at org.springframework.beans.factory.support.AbstractAutowireCapableBeanFactory.populateBean(AbstractAutowireCapableBeanFactory.java:1474)
	at org.springframework.beans.factory.support.AbstractAutowireCapableBeanFactory.doCreateBean(AbstractAutowireCapableBeanFactory.java:606)
	at org.springframework.beans.factory.support.AbstractAutowireCapableBeanFactory.createBean(AbstractAutowireCapableBeanFactory.java:529)
	at org.springframework.beans.factory.support.AbstractBeanFactory.lambda$doGetBean$0(AbstractBeanFactory.java:339)
	at org.springframework.beans.factory.support.DefaultSingletonBeanRegistry.getSingleton(DefaultSingletonBeanRegistry.java:373)
	at org.springframework.beans.factory.support.AbstractBeanFactory.doGetBean(AbstractBeanFactory.java:337)
	at org.springframework.beans.factory.support.AbstractBeanFactory.getBean(AbstractBeanFactory.java:202)
	at org.springframework.beans.factory.support.DefaultListableBeanFactory.doResolveDependency(DefaultListableBeanFactory.java:1683)
	at org.springframework.beans.factory.support.DefaultListableBeanFactory.resolveDependency(DefaultListableBeanFactory.java:1628)
	at org.springframework.beans.factory.annotation.AutowiredAnnotationBeanPostProcessor$AutowiredFieldElement.resolveFieldValue(AutowiredAnnotationBeanPostProcessor.java:785)
	at org.springframework.beans.factory.annotation.AutowiredAnnotationBeanPostProcessor$AutowiredFieldElement.inject(AutowiredAnnotationBeanPostProcessor.java:768)
	at org.springframework.beans.factory.annotation.InjectionMetadata.inject(InjectionMetadata.java:146)
	at org.springframework.beans.factory.annotation.AutowiredAnnotationBeanPostProcessor.postProcessProperties(AutowiredAnnotationBeanPostProcessor.java:509)
	at org.springframework.beans.factory.support.AbstractAutowireCapableBeanFactory.populateBean(AbstractAutowireCapableBeanFactory.java:1459)
	at org.springframework.beans.factory.support.AbstractAutowireCapableBeanFactory.doCreateBean(AbstractAutowireCapableBeanFactory.java:606)
	at org.springframework.beans.factory.support.AbstractAutowireCapableBeanFactory.createBean(AbstractAutowireCapableBeanFactory.java:529)
	at org.springframework.beans.factory.support.AbstractBeanFactory.lambda$doGetBean$0(AbstractBeanFactory.java:339)
	at org.springframework.beans.factory.support.DefaultSingletonBeanRegistry.getSingleton(DefaultSingletonBeanRegistry.java:373)
	at org.springframework.beans.factory.support.AbstractBeanFactory.doGetBean(AbstractBeanFactory.java:337)
	at org.springframework.beans.factory.support.AbstractBeanFactory.getBean(AbstractBeanFactory.java:202)
	at org.springframework.beans.factory.config.DependencyDescriptor.resolveCandidate(DependencyDescriptor.java:254)
	at org.springframework.beans.factory.support.DefaultListableBeanFactory.doResolveDependency(DefaultListableBeanFactory.java:1745)
	at org.springframework.beans.factory.support.DefaultListableBeanFactory.resolveDependency(DefaultListableBeanFactory.java:1628)
	at org.springframework.beans.factory.support.ConstructorResolver.resolveAutowiredArgument(ConstructorResolver.java:913)
	at org.springframework.beans.factory.support.ConstructorResolver.createArgumentArray(ConstructorResolver.java:791)
	at org.springframework.beans.factory.support.ConstructorResolver.autowireConstructor(ConstructorResolver.java:240)
	at org.springframework.beans.factory.support.AbstractAutowireCapableBeanFactory.autowireConstructor(AbstractAutowireCapableBeanFactory.java:1395)
	at org.springframework.beans.factory.support.AbstractAutowireCapableBeanFactory.createBeanInstance(AbstractAutowireCapableBeanFactory.java:1232)
	at org.springframework.beans.factory.support.AbstractAutowireCapableBeanFactory.doCreateBean(AbstractAutowireCapableBeanFactory.java:569)
	at org.springframework.beans.factory.support.AbstractAutowireCapableBeanFactory.createBean(AbstractAutowireCapableBeanFactory.java:529)
	at org.springframework.beans.factory.support.AbstractBeanFactory.lambda$doGetBean$0(AbstractBeanFactory.java:339)
	at org.springframework.beans.factory.support.DefaultSingletonBeanRegistry.getSingleton(DefaultSingletonBeanRegistry.java:373)
	at org.springframework.beans.factory.support.AbstractBeanFactory.doGetBean(AbstractBeanFactory.java:337)
	at org.springframework.beans.factory.support.AbstractBeanFactory.getBean(AbstractBeanFactory.java:207)
	at org.springframework.boot.web.servlet.ServletContextInitializerBeans.getOrderedBeansOfType(ServletContextInitializerBeans.java:230)
	at org.springframework.boot.web.servlet.ServletContextInitializerBeans.addAsRegistrationBean(ServletContextInitializerBeans.java:184)
	at org.springframework.boot.web.servlet.ServletContextInitializerBeans.addAsRegistrationBean(ServletContextInitializerBeans.java:179)
	at org.springframework.boot.web.servlet.ServletContextInitializerBeans.addAdaptableBeans(ServletContextInitializerBeans.java:164)
	at org.springframework.boot.web.servlet.ServletContextInitializerBeans.<init>(ServletContextInitializerBeans.java:96)
	at org.springframework.boot.web.servlet.context.ServletWebServerApplicationContext.getServletContextInitializerBeans(ServletWebServerApplicationContext.java:271)
	at org.springframework.boot.web.servlet.context.ServletWebServerApplicationContext.selfInitialize(ServletWebServerApplicationContext.java:245)
	at org.springframework.boot.web.embedded.tomcat.TomcatStarter.onStartup(TomcatStarter.java:52)
	at org.apache.catalina.core.StandardContext.startInternal(StandardContext.java:4464)
	at org.apache.catalina.util.LifecycleBase.start(LifecycleBase.java:164)
	at org.apache.catalina.core.ContainerBase$StartChild.call(ContainerBase.java:1203)
	at org.apache.catalina.core.ContainerBase$StartChild.call(ContainerBase.java:1193)
	at java.base/java.util.concurrent.FutureTask.run(FutureTask.java:264)
	at org.apache.tomcat.util.threads.InlineExecutorService.execute(InlineExecutorService.java:75)
	at java.base/java.util.concurrent.AbstractExecutorService.submit(AbstractExecutorService.java:145)
	at org.apache.catalina.core.ContainerBase.startInternal(ContainerBase.java:749)
	at org.apache.catalina.core.StandardHost.startInternal(StandardHost.java:772)
	at org.apache.catalina.util.LifecycleBase.start(LifecycleBase.java:164)
	at org.apache.catalina.core.ContainerBase$StartChild.call(ContainerBase.java:1203)
	at org.apache.catalina.core.ContainerBase$StartChild.call(ContainerBase.java:1193)
	at java.base/java.util.concurrent.FutureTask.run(FutureTask.java:264)
	at org.apache.tomcat.util.threads.InlineExecutorService.execute(InlineExecutorService.java:75)
	at java.base/java.util.concurrent.AbstractExecutorService.submit(AbstractExecutorService.java:145)
	at org.apache.catalina.core.ContainerBase.startInternal(ContainerBase.java:749)
	at org.apache.catalina.core.StandardEngine.startInternal(StandardEngine.java:203)
	at org.apache.catalina.util.LifecycleBase.start(LifecycleBase.java:164)
	at org.apache.catalina.core.StandardService.startInternal(StandardService.java:412)
	at org.apache.catalina.util.LifecycleBase.start(LifecycleBase.java:164)
	at org.apache.catalina.core.StandardServer.startInternal(StandardServer.java:870)
	at org.apache.catalina.util.LifecycleBase.start(LifecycleBase.java:164)
	at org.apache.catalina.startup.Tomcat.start(Tomcat.java:438)
	at org.springframework.boot.web.embedded.tomcat.TomcatWebServer.initialize(TomcatWebServer.java:128)
	at org.springframework.boot.web.embedded.tomcat.TomcatWebServer.<init>(TomcatWebServer.java:107)
	at org.springframework.boot.web.embedded.tomcat.TomcatServletWebServerFactory.getTomcatWebServer(TomcatServletWebServerFactory.java:517)
	at org.springframework.boot.web.embedded.tomcat.TomcatServletWebServerFactory.getWebServer(TomcatServletWebServerFactory.java:219)
	at org.springframework.boot.web.servlet.context.ServletWebServerApplicationContext.createWebServer(ServletWebServerApplicationContext.java:193)
	at org.springframework.boot.web.servlet.context.ServletWebServerApplicationContext.onRefresh(ServletWebServerApplicationContext.java:167)
	at org.springframework.context.support.AbstractApplicationContext.refresh(AbstractApplicationContext.java:621)
	at org.springframework.boot.web.servlet.context.ServletWebServerApplicationContext.refresh(ServletWebServerApplicationContext.java:146)
	at org.springframework.boot.SpringApplication.refresh(SpringApplication.java:752)
	at org.springframework.boot.SpringApplication.refreshContext(SpringApplication.java:439)
	at org.springframework.boot.SpringApplication.run(SpringApplication.java:318)
	at org.springframework.boot.SpringApplication.run(SpringApplication.java:1361)
	at org.springframework.boot.SpringApplication.run(SpringApplication.java:1350)
	at com.example.crave.kitchen.portal.CraveKitchenPortalApplication.main(CraveKitchenPortalApplication.java:14)
Caused by: java.sql.SQLSyntaxErrorException: ORA-00907: missing right parenthesis

	at oracle.jdbc.driver.T4CTTIoer11.processError(T4CTTIoer11.java:629)
	at oracle.jdbc.driver.T4CTTIoer11.processError(T4CTTIoer11.java:563)
	at oracle.jdbc.driver.T4C8Oall.processError(T4C8Oall.java:1150)
	at oracle.jdbc.driver.T4CTTIfun.receive(T4CTTIfun.java:770)
	at oracle.jdbc.driver.T4CTTIfun.doRPC(T4CTTIfun.java:298)
	at oracle.jdbc.driver.T4C8Oall.doOALL(T4C8Oall.java:497)
	at oracle.jdbc.driver.T4CStatement.doOall8(T4CStatement.java:111)
	at oracle.jdbc.driver.T4CStatement.executeForRows(T4CStatement.java:1010)
	at oracle.jdbc.driver.OracleStatement.executeSQLStatement(OracleStatement.java:1530)
	at oracle.jdbc.driver.OracleStatement.doExecuteWithTimeout(OracleStatement.java:1310)
	at oracle.jdbc.driver.OracleStatement.executeInternal(OracleStatement.java:2162)
	at oracle.jdbc.driver.OracleStatement.execute(OracleStatement.java:2117)
	at oracle.jdbc.driver.OracleStatementWrapper.execute(OracleStatementWrapper.java:327)
	at com.zaxxer.hikari.pool.ProxyStatement.execute(ProxyStatement.java:95)
	at com.zaxxer.hikari.pool.HikariProxyStatement.execute(HikariProxyStatement.java)
	at org.hibernate.tool.schema.internal.exec.GenerationTargetToDatabase.accept(GenerationTargetToDatabase.java:80)
	... 122 common frames omitted
Caused by: oracle.jdbc.OracleDatabaseException: ORA-00907: missing right parenthesis

	at oracle.jdbc.driver.T4CTTIoer11.processError(T4CTTIoer11.java:636)
	... 137 common frames omitted
2025-08-03 23:30:25.965 [main] DEBUG org.hibernate.SQL - 
    alter table ck_refresh_tokens 
       drop constraint UK2llgwt16q5x167nonr87p8fti
2025-08-03 23:30:25.967 [main] DEBUG org.hibernate.SQL - 
    alter table ck_refresh_tokens 
       add constraint UK2llgwt16q5x167nonr87p8fti unique (token)
2025-08-03 23:30:25.991 [main] INFO  o.s.o.j.LocalContainerEntityManagerFactoryBean - Initialized JPA EntityManagerFactory for persistence unit 'default'
2025-08-03 23:30:26.481 [main] DEBUG c.e.c.k.p.c.JwtAuthenticationFilter - Filter 'jwtAuthenticationFilter' configured for use
2025-08-03 23:30:26.568 [main] INFO  o.s.s.c.a.a.c.InitializeAuthenticationProviderBeanManagerConfigurer$InitializeAuthenticationProviderManagerConfigurer - Global AuthenticationManager configured with AuthenticationProvider bean with name authenticationProvider
2025-08-03 23:30:26.568 [main] WARN  o.s.s.c.a.a.c.InitializeUserDetailsBeanManagerConfigurer$InitializeUserDetailsManagerConfigurer - Global AuthenticationManager configured with an AuthenticationProvider bean. UserDetailsService beans will not be used by Spring Security for automatically configuring username/password login. Consider removing the AuthenticationProvider bean. Alternatively, consider using the UserDetailsService in a manually instantiated DaoAuthenticationProvider. If the current configuration is intentional, to turn off this warning, increase the logging level of 'org.springframework.security.config.annotation.authentication.configuration.InitializeUserDetailsBeanManagerConfigurer' to ERROR
2025-08-03 23:30:26.644 [main] INFO  o.s.d.j.r.query.QueryEnhancerFactory - Hibernate is in classpath; If applicable, HQL parser will be used.
2025-08-03 23:30:28.320 [main] WARN  o.s.b.a.o.j.JpaBaseConfiguration$JpaWebConfiguration - spring.jpa.open-in-view is enabled by default. Therefore, database queries may be performed during view rendering. Explicitly configure spring.jpa.open-in-view to disable this warning
2025-08-03 23:30:28.454 [main] TRACE o.s.w.s.m.m.a.RequestMappingHandlerMapping - 
	c.e.c.k.p.c.AuthController:
	{POST [/api/auth/logout]}: logout(String)
	{POST [/api/auth/validate]}: validateToken(String)
	{POST [/api/auth/login]}: login(LoginRequest,HttpServletRequest)
	{POST [/api/auth/refresh]}: refreshToken(RefreshTokenRequest)
	{GET [/api/auth/token-info]}: getTokenInfo(String)
2025-08-03 23:30:28.474 [main] TRACE o.s.w.s.m.m.a.RequestMappingHandlerMapping - 
	c.e.c.k.p.c.MenuController:
	{GET [/api/menu/items/{menuItemId}/images]}: getImagesForMenuItem(Long)
	{GET [/api/menu/items/{menuItemId}/availability]}: getAvailabilityForMenuItem(Long)
	{GET [/api/menu/items/dietary/{preference}]}: getItemsByDietaryPreference(Long,String,int,int)
	{GET [/api/menu/categories/{id}]}: getCategoryById(Long)
	{GET [/api/menu/categories]}: getAllCategories(Long,Boolean,Boolean,int,int,String,String)
	{DELETE [/api/menu/categories/{id}]}: deleteCategory(Long)
	{GET [/api/menu/items]}: getAllMenuItems(Long,Long,Boolean,Boolean,Boolean,Boolean,Boolean,Boolean,BigDecimal,BigDecimal,String,int,int,String,String)
	{PUT [/api/menu/categories/{id}]}: updateCategory(Long,CreateMenuCategoryRequestDto)
	{GET [/api/menu/items/{id}]}: getMenuItemById(Long)
	{POST [/api/menu/categories]}: createCategory(CreateMenuCategoryRequestDto)
	{DELETE [/api/menu/items/{id}]}: deleteMenuItem(Long)
	{GET [/api/menu/items/search]}: searchMenuItems(Long,String,int,int)
	{PUT [/api/menu/items/{id}]}: updateMenuItem(Long,CreateMenuItemRequestDto)
	{POST [/api/menu/items]}: createMenuItem(CreateMenuItemRequestDto)
	{POST [/api/menu/items/{menuItemId}/images], consumes [multipart/form-data]}: uploadImage(Long,MultipartFile,String,boolean,int,String)
	{POST [/api/menu/items/{menuItemId}/special-offers]}: createSpecialOffer(Long,MenuItemAvailabilityDto)
	{PUT [/api/menu/items/{menuItemId}/images/{imageId}/primary]}: setPrimaryImage(Long,Long)
	{DELETE [/api/menu/items/{menuItemId}/images/{imageId}]}: deleteImage(Long,Long)
	{PUT [/api/menu/items/{menuItemId}/availability]}: updateAvailability(Long,List)
	{GET [/api/menu/items/featured]}: getFeaturedItems(Long,int,int)
	{GET [/api/menu/overview]}: getMenuOverview(Long)
2025-08-03 23:30:28.483 [main] TRACE o.s.w.s.m.m.a.RequestMappingHandlerMapping - 
	c.e.c.k.p.c.VendorRegistrationController:
	{POST [/api/auth/register/validate]}: validateRegistrationData(VendorRegistrationDto)
	{POST [/api/auth/register]}: registerVendor(VendorRegistrationDto)
2025-08-03 23:30:28.493 [main] TRACE o.s.w.s.m.m.a.RequestMappingHandlerMapping - 
	o.s.b.a.w.s.e.BasicErrorController:
	{ [/error]}: error(HttpServletRequest)
	{ [/error], produces [text/html]}: errorHtml(HttpServletRequest,HttpServletResponse)
2025-08-03 23:30:28.497 [main] DEBUG o.s.w.s.m.m.a.RequestMappingHandlerMapping - 30 mappings in 'requestMappingHandlerMapping'
2025-08-03 23:30:28.660 [main] DEBUG o.s.w.s.h.SimpleUrlHandlerMapping - Patterns [/webjars/**, /**] in 'resourceHandlerMapping'
2025-08-03 23:30:28.815 [main] DEBUG o.s.s.web.DefaultSecurityFilterChain - Will secure any request with filters: DisableEncodeUrlFilter, WebAsyncManagerIntegrationFilter, SecurityContextHolderFilter, HeaderWriterFilter, LogoutFilter, JwtAuthenticationFilter, RequestCacheAwareFilter, SecurityContextHolderAwareRequestFilter, AnonymousAuthenticationFilter, SessionManagementFilter, ExceptionTranslationFilter, AuthorizationFilter
2025-08-03 23:30:28.969 [main] DEBUG o.s.w.s.m.m.a.RequestMappingHandlerAdapter - ControllerAdvice beans: 0 @ModelAttribute, 0 @InitBinder, 1 RequestBodyAdvice, 1 ResponseBodyAdvice
2025-08-03 23:30:29.039 [main] DEBUG o.s.w.s.m.m.a.ExceptionHandlerExceptionResolver - ControllerAdvice beans: 1 @ExceptionHandler, 1 ResponseBodyAdvice
2025-08-03 23:30:29.330 [main] INFO  o.a.coyote.http11.Http11NioProtocol - Starting ProtocolHandler ["http-nio-9090"]
2025-08-03 23:30:29.365 [main] INFO  o.s.b.w.e.tomcat.TomcatWebServer - Tomcat started on port 9090 (http) with context path '/'
2025-08-03 23:30:29.376 [main] INFO  c.e.c.k.p.CraveKitchenPortalApplication - Started CraveKitchenPortalApplication in 11.181 seconds (process running for 11.848)
2025-08-03 23:30:53.972 [HikariPool-1:housekeeper] DEBUG com.zaxxer.hikari.pool.HikariPool - HikariPool-1 - Before cleanup stats (total=5/10, idle=5/5, active=0, waiting=0)
2025-08-03 23:30:53.972 [HikariPool-1:housekeeper] DEBUG com.zaxxer.hikari.pool.HikariPool - HikariPool-1 - After  cleanup stats (total=5/10, idle=5/5, active=0, waiting=0)
2025-08-03 23:30:53.972 [HikariPool-1:housekeeper] DEBUG com.zaxxer.hikari.pool.HikariPool - HikariPool-1 - Fill pool skipped, pool has sufficient level or currently being filled.
2025-08-03 23:31:23.985 [HikariPool-1:housekeeper] DEBUG com.zaxxer.hikari.pool.HikariPool - HikariPool-1 - Before cleanup stats (total=5/10, idle=5/5, active=0, waiting=0)
2025-08-03 23:31:23.986 [HikariPool-1:housekeeper] DEBUG com.zaxxer.hikari.pool.HikariPool - HikariPool-1 - After  cleanup stats (total=5/10, idle=5/5, active=0, waiting=0)
2025-08-03 23:31:23.986 [HikariPool-1:housekeeper] DEBUG com.zaxxer.hikari.pool.HikariPool - HikariPool-1 - Fill pool skipped, pool has sufficient level or currently being filled.
2025-08-03 23:31:48.929 [http-nio-9090-exec-6] INFO  o.a.c.c.C.[Tomcat].[localhost].[/] - Initializing Spring DispatcherServlet 'dispatcherServlet'
2025-08-03 23:31:48.930 [http-nio-9090-exec-6] INFO  o.s.web.servlet.DispatcherServlet - Initializing Servlet 'dispatcherServlet'
2025-08-03 23:31:48.930 [http-nio-9090-exec-6] DEBUG o.s.web.servlet.DispatcherServlet - Detected StandardServletMultipartResolver
2025-08-03 23:31:48.930 [http-nio-9090-exec-6] DEBUG o.s.web.servlet.DispatcherServlet - Detected AcceptHeaderLocaleResolver
2025-08-03 23:31:48.930 [http-nio-9090-exec-6] DEBUG o.s.web.servlet.DispatcherServlet - Detected FixedThemeResolver
2025-08-03 23:31:48.931 [http-nio-9090-exec-6] DEBUG o.s.web.servlet.DispatcherServlet - Detected org.springframework.web.servlet.view.DefaultRequestToViewNameTranslator@644e2230
2025-08-03 23:31:48.932 [http-nio-9090-exec-6] DEBUG o.s.web.servlet.DispatcherServlet - Detected org.springframework.web.servlet.support.SessionFlashMapManager@20eee47c
2025-08-03 23:31:48.932 [http-nio-9090-exec-6] DEBUG o.s.web.servlet.DispatcherServlet - enableLoggingRequestDetails='false': request parameters and headers will be masked to prevent unsafe logging of potentially sensitive data
2025-08-03 23:31:48.932 [http-nio-9090-exec-6] INFO  o.s.web.servlet.DispatcherServlet - Completed initialization in 2 ms
2025-08-03 23:31:49.000 [http-nio-9090-exec-3] DEBUG o.s.security.web.FilterChainProxy - Securing GET /api/menu/items?vendorId=2
2025-08-03 23:31:49.000 [http-nio-9090-exec-6] DEBUG o.s.security.web.FilterChainProxy - Securing GET /api/analytics/revenue/overview?vendorId=2&period=today
2025-08-03 23:31:49.000 [http-nio-9090-exec-1] DEBUG o.s.security.web.FilterChainProxy - Securing GET /api/menu/categories?vendorId=2
2025-08-03 23:31:49.000 [http-nio-9090-exec-5] DEBUG o.s.security.web.FilterChainProxy - Securing GET /api/orders?vendorId=2&status=pending
2025-08-03 23:31:49.019 [http-nio-9090-exec-3] DEBUG c.e.c.k.p.c.JwtAuthenticationFilter - Extracted token from Bearer Authorization header
2025-08-03 23:31:49.019 [http-nio-9090-exec-5] DEBUG c.e.c.k.p.c.JwtAuthenticationFilter - Extracted token from Bearer Authorization header
2025-08-03 23:31:49.019 [http-nio-9090-exec-1] DEBUG c.e.c.k.p.c.JwtAuthenticationFilter - Extracted token from Bearer Authorization header
2025-08-03 23:31:49.019 [http-nio-9090-exec-6] DEBUG c.e.c.k.p.c.JwtAuthenticationFilter - Extracted token from Bearer Authorization header
2025-08-03 23:31:49.137 [http-nio-9090-exec-3] WARN  c.e.c.k.p.service.JwtTokenService - JWT token is expired: JWT expired at 2025-08-03T17:14:14Z. Current time: 2025-08-03T18:01:49Z, a difference of 2825136 milliseconds.  Allowed clock skew: 30000 milliseconds.
2025-08-03 23:31:49.137 [http-nio-9090-exec-1] WARN  c.e.c.k.p.service.JwtTokenService - JWT token is expired: JWT expired at 2025-08-03T17:14:14Z. Current time: 2025-08-03T18:01:49Z, a difference of 2825136 milliseconds.  Allowed clock skew: 30000 milliseconds.
2025-08-03 23:31:49.137 [http-nio-9090-exec-5] WARN  c.e.c.k.p.service.JwtTokenService - JWT token is expired: JWT expired at 2025-08-03T17:14:14Z. Current time: 2025-08-03T18:01:49Z, a difference of 2825136 milliseconds.  Allowed clock skew: 30000 milliseconds.
2025-08-03 23:31:49.137 [http-nio-9090-exec-6] WARN  c.e.c.k.p.service.JwtTokenService - JWT token is expired: JWT expired at 2025-08-03T17:14:14Z. Current time: 2025-08-03T18:01:49Z, a difference of 2825136 milliseconds.  Allowed clock skew: 30000 milliseconds.
2025-08-03 23:31:49.137 [http-nio-9090-exec-3] ERROR c.e.c.k.p.c.JwtAuthenticationFilter - Error processing JWT token
io.jsonwebtoken.ExpiredJwtException: JWT expired at 2025-08-03T17:14:14Z. Current time: 2025-08-03T18:01:49Z, a difference of 2825136 milliseconds.  Allowed clock skew: 30000 milliseconds.
	at io.jsonwebtoken.impl.DefaultJwtParser.parse(DefaultJwtParser.java:427)
	at io.jsonwebtoken.impl.DefaultJwtParser.parse(DefaultJwtParser.java:529)
	at io.jsonwebtoken.impl.DefaultJwtParser.parseClaimsJws(DefaultJwtParser.java:589)
	at io.jsonwebtoken.impl.ImmutableJwtParser.parseClaimsJws(ImmutableJwtParser.java:173)
	at com.example.crave.kitchen.portal.service.JwtTokenService.extractAllClaims(JwtTokenService.java:141)
	at com.example.crave.kitchen.portal.service.JwtTokenService.extractClaim(JwtTokenService.java:128)
	at com.example.crave.kitchen.portal.service.JwtTokenService.extractEmail(JwtTokenService.java:114)
	at com.example.crave.kitchen.portal.config.JwtAuthenticationFilter.doFilterInternal(JwtAuthenticationFilter.java:63)
	at org.springframework.web.filter.OncePerRequestFilter.doFilter(OncePerRequestFilter.java:116)
	at org.springframework.security.web.FilterChainProxy$VirtualFilterChain.doFilter(FilterChainProxy.java:374)
	at org.springframework.security.web.authentication.logout.LogoutFilter.doFilter(LogoutFilter.java:107)
	at org.springframework.security.web.authentication.logout.LogoutFilter.doFilter(LogoutFilter.java:93)
	at org.springframework.security.web.FilterChainProxy$VirtualFilterChain.doFilter(FilterChainProxy.java:374)
	at org.springframework.security.web.header.HeaderWriterFilter.doHeadersAfter(HeaderWriterFilter.java:90)
	at org.springframework.security.web.header.HeaderWriterFilter.doFilterInternal(HeaderWriterFilter.java:75)
	at org.springframework.web.filter.OncePerRequestFilter.doFilter(OncePerRequestFilter.java:116)
	at org.springframework.security.web.FilterChainProxy$VirtualFilterChain.doFilter(FilterChainProxy.java:374)
	at org.springframework.security.web.context.SecurityContextHolderFilter.doFilter(SecurityContextHolderFilter.java:82)
	at org.springframework.security.web.context.SecurityContextHolderFilter.doFilter(SecurityContextHolderFilter.java:69)
	at org.springframework.security.web.FilterChainProxy$VirtualFilterChain.doFilter(FilterChainProxy.java:374)
	at org.springframework.security.web.context.request.async.WebAsyncManagerIntegrationFilter.doFilterInternal(WebAsyncManagerIntegrationFilter.java:62)
	at org.springframework.web.filter.OncePerRequestFilter.doFilter(OncePerRequestFilter.java:116)
	at org.springframework.security.web.FilterChainProxy$VirtualFilterChain.doFilter(FilterChainProxy.java:374)
	at org.springframework.security.web.session.DisableEncodeUrlFilter.doFilterInternal(DisableEncodeUrlFilter.java:42)
	at org.springframework.web.filter.OncePerRequestFilter.doFilter(OncePerRequestFilter.java:116)
	at org.springframework.security.web.FilterChainProxy$VirtualFilterChain.doFilter(FilterChainProxy.java:374)
	at org.springframework.security.web.FilterChainProxy.doFilterInternal(FilterChainProxy.java:233)
	at org.springframework.security.web.FilterChainProxy.doFilter(FilterChainProxy.java:191)
	at org.springframework.web.filter.CompositeFilter$VirtualFilterChain.doFilter(CompositeFilter.java:113)
	at org.springframework.web.filter.ServletRequestPathFilter.doFilter(ServletRequestPathFilter.java:52)
	at org.springframework.web.filter.CompositeFilter$VirtualFilterChain.doFilter(CompositeFilter.java:113)
	at org.springframework.web.filter.CompositeFilter.doFilter(CompositeFilter.java:74)
	at org.springframework.security.config.annotation.web.configuration.WebSecurityConfiguration$CompositeFilterChainProxy.doFilter(WebSecurityConfiguration.java:319)
	at org.springframework.web.filter.CompositeFilter$VirtualFilterChain.doFilter(CompositeFilter.java:113)
	at org.springframework.web.servlet.handler.HandlerMappingIntrospector.lambda$createCacheFilter$4(HandlerMappingIntrospector.java:267)
	at org.springframework.web.filter.CompositeFilter$VirtualFilterChain.doFilter(CompositeFilter.java:113)
	at org.springframework.web.filter.CompositeFilter.doFilter(CompositeFilter.java:74)
	at org.springframework.security.config.annotation.web.configuration.WebMvcSecurityConfiguration$CompositeFilterChainProxy.doFilter(WebMvcSecurityConfiguration.java:240)
	at org.springframework.web.filter.DelegatingFilterProxy.invokeDelegate(DelegatingFilterProxy.java:362)
	at org.springframework.web.filter.DelegatingFilterProxy.doFilter(DelegatingFilterProxy.java:278)
	at org.apache.catalina.core.ApplicationFilterChain.internalDoFilter(ApplicationFilterChain.java:164)
	at org.apache.catalina.core.ApplicationFilterChain.doFilter(ApplicationFilterChain.java:140)
	at org.springframework.web.filter.RequestContextFilter.doFilterInternal(RequestContextFilter.java:100)
	at org.springframework.web.filter.OncePerRequestFilter.doFilter(OncePerRequestFilter.java:116)
	at org.apache.catalina.core.ApplicationFilterChain.internalDoFilter(ApplicationFilterChain.java:164)
	at org.apache.catalina.core.ApplicationFilterChain.doFilter(ApplicationFilterChain.java:140)
	at org.springframework.web.filter.FormContentFilter.doFilterInternal(FormContentFilter.java:93)
	at org.springframework.web.filter.OncePerRequestFilter.doFilter(OncePerRequestFilter.java:116)
	at org.apache.catalina.core.ApplicationFilterChain.internalDoFilter(ApplicationFilterChain.java:164)
	at org.apache.catalina.core.ApplicationFilterChain.doFilter(ApplicationFilterChain.java:140)
	at org.springframework.web.filter.CharacterEncodingFilter.doFilterInternal(CharacterEncodingFilter.java:201)
	at org.springframework.web.filter.OncePerRequestFilter.doFilter(OncePerRequestFilter.java:116)
	at org.apache.catalina.core.ApplicationFilterChain.internalDoFilter(ApplicationFilterChain.java:164)
	at org.apache.catalina.core.ApplicationFilterChain.doFilter(ApplicationFilterChain.java:140)
	at org.apache.catalina.core.StandardWrapperValve.invoke(StandardWrapperValve.java:167)
	at org.apache.catalina.core.StandardContextValve.invoke(StandardContextValve.java:90)
	at org.apache.catalina.authenticator.AuthenticatorBase.invoke(AuthenticatorBase.java:483)
	at org.apache.catalina.core.StandardHostValve.invoke(StandardHostValve.java:116)
	at org.apache.catalina.valves.ErrorReportValve.invoke(ErrorReportValve.java:93)
	at org.apache.catalina.core.StandardEngineValve.invoke(StandardEngineValve.java:74)
	at org.apache.catalina.connector.CoyoteAdapter.service(CoyoteAdapter.java:344)
	at org.apache.coyote.http11.Http11Processor.service(Http11Processor.java:398)
	at org.apache.coyote.AbstractProcessorLight.process(AbstractProcessorLight.java:63)
	at org.apache.coyote.AbstractProtocol$ConnectionHandler.process(AbstractProtocol.java:903)
	at org.apache.tomcat.util.net.NioEndpoint$SocketProcessor.doRun(NioEndpoint.java:1769)
	at org.apache.tomcat.util.net.SocketProcessorBase.run(SocketProcessorBase.java:52)
	at org.apache.tomcat.util.threads.ThreadPoolExecutor.runWorker(ThreadPoolExecutor.java:1189)
	at org.apache.tomcat.util.threads.ThreadPoolExecutor$Worker.run(ThreadPoolExecutor.java:658)
	at org.apache.tomcat.util.threads.TaskThread$WrappingRunnable.run(TaskThread.java:63)
	at java.base/java.lang.Thread.run(Thread.java:842)
2025-08-03 23:31:49.137 [http-nio-9090-exec-1] ERROR c.e.c.k.p.c.JwtAuthenticationFilter - Error processing JWT token
io.jsonwebtoken.ExpiredJwtException: JWT expired at 2025-08-03T17:14:14Z. Current time: 2025-08-03T18:01:49Z, a difference of 2825136 milliseconds.  Allowed clock skew: 30000 milliseconds.
	at io.jsonwebtoken.impl.DefaultJwtParser.parse(DefaultJwtParser.java:427)
	at io.jsonwebtoken.impl.DefaultJwtParser.parse(DefaultJwtParser.java:529)
	at io.jsonwebtoken.impl.DefaultJwtParser.parseClaimsJws(DefaultJwtParser.java:589)
	at io.jsonwebtoken.impl.ImmutableJwtParser.parseClaimsJws(ImmutableJwtParser.java:173)
	at com.example.crave.kitchen.portal.service.JwtTokenService.extractAllClaims(JwtTokenService.java:141)
	at com.example.crave.kitchen.portal.service.JwtTokenService.extractClaim(JwtTokenService.java:128)
	at com.example.crave.kitchen.portal.service.JwtTokenService.extractEmail(JwtTokenService.java:114)
	at com.example.crave.kitchen.portal.config.JwtAuthenticationFilter.doFilterInternal(JwtAuthenticationFilter.java:63)
	at org.springframework.web.filter.OncePerRequestFilter.doFilter(OncePerRequestFilter.java:116)
	at org.springframework.security.web.FilterChainProxy$VirtualFilterChain.doFilter(FilterChainProxy.java:374)
	at org.springframework.security.web.authentication.logout.LogoutFilter.doFilter(LogoutFilter.java:107)
	at org.springframework.security.web.authentication.logout.LogoutFilter.doFilter(LogoutFilter.java:93)
	at org.springframework.security.web.FilterChainProxy$VirtualFilterChain.doFilter(FilterChainProxy.java:374)
	at org.springframework.security.web.header.HeaderWriterFilter.doHeadersAfter(HeaderWriterFilter.java:90)
	at org.springframework.security.web.header.HeaderWriterFilter.doFilterInternal(HeaderWriterFilter.java:75)
	at org.springframework.web.filter.OncePerRequestFilter.doFilter(OncePerRequestFilter.java:116)
	at org.springframework.security.web.FilterChainProxy$VirtualFilterChain.doFilter(FilterChainProxy.java:374)
	at org.springframework.security.web.context.SecurityContextHolderFilter.doFilter(SecurityContextHolderFilter.java:82)
	at org.springframework.security.web.context.SecurityContextHolderFilter.doFilter(SecurityContextHolderFilter.java:69)
	at org.springframework.security.web.FilterChainProxy$VirtualFilterChain.doFilter(FilterChainProxy.java:374)
	at org.springframework.security.web.context.request.async.WebAsyncManagerIntegrationFilter.doFilterInternal(WebAsyncManagerIntegrationFilter.java:62)
	at org.springframework.web.filter.OncePerRequestFilter.doFilter(OncePerRequestFilter.java:116)
	at org.springframework.security.web.FilterChainProxy$VirtualFilterChain.doFilter(FilterChainProxy.java:374)
	at org.springframework.security.web.session.DisableEncodeUrlFilter.doFilterInternal(DisableEncodeUrlFilter.java:42)
	at org.springframework.web.filter.OncePerRequestFilter.doFilter(OncePerRequestFilter.java:116)
	at org.springframework.security.web.FilterChainProxy$VirtualFilterChain.doFilter(FilterChainProxy.java:374)
	at org.springframework.security.web.FilterChainProxy.doFilterInternal(FilterChainProxy.java:233)
	at org.springframework.security.web.FilterChainProxy.doFilter(FilterChainProxy.java:191)
	at org.springframework.web.filter.CompositeFilter$VirtualFilterChain.doFilter(CompositeFilter.java:113)
	at org.springframework.web.filter.ServletRequestPathFilter.doFilter(ServletRequestPathFilter.java:52)
	at org.springframework.web.filter.CompositeFilter$VirtualFilterChain.doFilter(CompositeFilter.java:113)
	at org.springframework.web.filter.CompositeFilter.doFilter(CompositeFilter.java:74)
	at org.springframework.security.config.annotation.web.configuration.WebSecurityConfiguration$CompositeFilterChainProxy.doFilter(WebSecurityConfiguration.java:319)
	at org.springframework.web.filter.CompositeFilter$VirtualFilterChain.doFilter(CompositeFilter.java:113)
	at org.springframework.web.servlet.handler.HandlerMappingIntrospector.lambda$createCacheFilter$4(HandlerMappingIntrospector.java:267)
	at org.springframework.web.filter.CompositeFilter$VirtualFilterChain.doFilter(CompositeFilter.java:113)
	at org.springframework.web.filter.CompositeFilter.doFilter(CompositeFilter.java:74)
	at org.springframework.security.config.annotation.web.configuration.WebMvcSecurityConfiguration$CompositeFilterChainProxy.doFilter(WebMvcSecurityConfiguration.java:240)
	at org.springframework.web.filter.DelegatingFilterProxy.invokeDelegate(DelegatingFilterProxy.java:362)
	at org.springframework.web.filter.DelegatingFilterProxy.doFilter(DelegatingFilterProxy.java:278)
	at org.apache.catalina.core.ApplicationFilterChain.internalDoFilter(ApplicationFilterChain.java:164)
	at org.apache.catalina.core.ApplicationFilterChain.doFilter(ApplicationFilterChain.java:140)
	at org.springframework.web.filter.RequestContextFilter.doFilterInternal(RequestContextFilter.java:100)
	at org.springframework.web.filter.OncePerRequestFilter.doFilter(OncePerRequestFilter.java:116)
	at org.apache.catalina.core.ApplicationFilterChain.internalDoFilter(ApplicationFilterChain.java:164)
	at org.apache.catalina.core.ApplicationFilterChain.doFilter(ApplicationFilterChain.java:140)
	at org.springframework.web.filter.FormContentFilter.doFilterInternal(FormContentFilter.java:93)
	at org.springframework.web.filter.OncePerRequestFilter.doFilter(OncePerRequestFilter.java:116)
	at org.apache.catalina.core.ApplicationFilterChain.internalDoFilter(ApplicationFilterChain.java:164)
	at org.apache.catalina.core.ApplicationFilterChain.doFilter(ApplicationFilterChain.java:140)
	at org.springframework.web.filter.CharacterEncodingFilter.doFilterInternal(CharacterEncodingFilter.java:201)
	at org.springframework.web.filter.OncePerRequestFilter.doFilter(OncePerRequestFilter.java:116)
	at org.apache.catalina.core.ApplicationFilterChain.internalDoFilter(ApplicationFilterChain.java:164)
	at org.apache.catalina.core.ApplicationFilterChain.doFilter(ApplicationFilterChain.java:140)
	at org.apache.catalina.core.StandardWrapperValve.invoke(StandardWrapperValve.java:167)
	at org.apache.catalina.core.StandardContextValve.invoke(StandardContextValve.java:90)
	at org.apache.catalina.authenticator.AuthenticatorBase.invoke(AuthenticatorBase.java:483)
	at org.apache.catalina.core.StandardHostValve.invoke(StandardHostValve.java:116)
	at org.apache.catalina.valves.ErrorReportValve.invoke(ErrorReportValve.java:93)
	at org.apache.catalina.core.StandardEngineValve.invoke(StandardEngineValve.java:74)
	at org.apache.catalina.connector.CoyoteAdapter.service(CoyoteAdapter.java:344)
	at org.apache.coyote.http11.Http11Processor.service(Http11Processor.java:398)
	at org.apache.coyote.AbstractProcessorLight.process(AbstractProcessorLight.java:63)
	at org.apache.coyote.AbstractProtocol$ConnectionHandler.process(AbstractProtocol.java:903)
	at org.apache.tomcat.util.net.NioEndpoint$SocketProcessor.doRun(NioEndpoint.java:1769)
	at org.apache.tomcat.util.net.SocketProcessorBase.run(SocketProcessorBase.java:52)
	at org.apache.tomcat.util.threads.ThreadPoolExecutor.runWorker(ThreadPoolExecutor.java:1189)
	at org.apache.tomcat.util.threads.ThreadPoolExecutor$Worker.run(ThreadPoolExecutor.java:658)
	at org.apache.tomcat.util.threads.TaskThread$WrappingRunnable.run(TaskThread.java:63)
	at java.base/java.lang.Thread.run(Thread.java:842)
2025-08-03 23:31:49.137 [http-nio-9090-exec-5] ERROR c.e.c.k.p.c.JwtAuthenticationFilter - Error processing JWT token
io.jsonwebtoken.ExpiredJwtException: JWT expired at 2025-08-03T17:14:14Z. Current time: 2025-08-03T18:01:49Z, a difference of 2825136 milliseconds.  Allowed clock skew: 30000 milliseconds.
	at io.jsonwebtoken.impl.DefaultJwtParser.parse(DefaultJwtParser.java:427)
	at io.jsonwebtoken.impl.DefaultJwtParser.parse(DefaultJwtParser.java:529)
	at io.jsonwebtoken.impl.DefaultJwtParser.parseClaimsJws(DefaultJwtParser.java:589)
	at io.jsonwebtoken.impl.ImmutableJwtParser.parseClaimsJws(ImmutableJwtParser.java:173)
	at com.example.crave.kitchen.portal.service.JwtTokenService.extractAllClaims(JwtTokenService.java:141)
	at com.example.crave.kitchen.portal.service.JwtTokenService.extractClaim(JwtTokenService.java:128)
	at com.example.crave.kitchen.portal.service.JwtTokenService.extractEmail(JwtTokenService.java:114)
	at com.example.crave.kitchen.portal.config.JwtAuthenticationFilter.doFilterInternal(JwtAuthenticationFilter.java:63)
	at org.springframework.web.filter.OncePerRequestFilter.doFilter(OncePerRequestFilter.java:116)
	at org.springframework.security.web.FilterChainProxy$VirtualFilterChain.doFilter(FilterChainProxy.java:374)
	at org.springframework.security.web.authentication.logout.LogoutFilter.doFilter(LogoutFilter.java:107)
	at org.springframework.security.web.authentication.logout.LogoutFilter.doFilter(LogoutFilter.java:93)
	at org.springframework.security.web.FilterChainProxy$VirtualFilterChain.doFilter(FilterChainProxy.java:374)
	at org.springframework.security.web.header.HeaderWriterFilter.doHeadersAfter(HeaderWriterFilter.java:90)
	at org.springframework.security.web.header.HeaderWriterFilter.doFilterInternal(HeaderWriterFilter.java:75)
	at org.springframework.web.filter.OncePerRequestFilter.doFilter(OncePerRequestFilter.java:116)
	at org.springframework.security.web.FilterChainProxy$VirtualFilterChain.doFilter(FilterChainProxy.java:374)
	at org.springframework.security.web.context.SecurityContextHolderFilter.doFilter(SecurityContextHolderFilter.java:82)
	at org.springframework.security.web.context.SecurityContextHolderFilter.doFilter(SecurityContextHolderFilter.java:69)
	at org.springframework.security.web.FilterChainProxy$VirtualFilterChain.doFilter(FilterChainProxy.java:374)
	at org.springframework.security.web.context.request.async.WebAsyncManagerIntegrationFilter.doFilterInternal(WebAsyncManagerIntegrationFilter.java:62)
	at org.springframework.web.filter.OncePerRequestFilter.doFilter(OncePerRequestFilter.java:116)
	at org.springframework.security.web.FilterChainProxy$VirtualFilterChain.doFilter(FilterChainProxy.java:374)
	at org.springframework.security.web.session.DisableEncodeUrlFilter.doFilterInternal(DisableEncodeUrlFilter.java:42)
	at org.springframework.web.filter.OncePerRequestFilter.doFilter(OncePerRequestFilter.java:116)
	at org.springframework.security.web.FilterChainProxy$VirtualFilterChain.doFilter(FilterChainProxy.java:374)
	at org.springframework.security.web.FilterChainProxy.doFilterInternal(FilterChainProxy.java:233)
	at org.springframework.security.web.FilterChainProxy.doFilter(FilterChainProxy.java:191)
	at org.springframework.web.filter.CompositeFilter$VirtualFilterChain.doFilter(CompositeFilter.java:113)
	at org.springframework.web.filter.ServletRequestPathFilter.doFilter(ServletRequestPathFilter.java:52)
	at org.springframework.web.filter.CompositeFilter$VirtualFilterChain.doFilter(CompositeFilter.java:113)
	at org.springframework.web.filter.CompositeFilter.doFilter(CompositeFilter.java:74)
	at org.springframework.security.config.annotation.web.configuration.WebSecurityConfiguration$CompositeFilterChainProxy.doFilter(WebSecurityConfiguration.java:319)
	at org.springframework.web.filter.CompositeFilter$VirtualFilterChain.doFilter(CompositeFilter.java:113)
	at org.springframework.web.servlet.handler.HandlerMappingIntrospector.lambda$createCacheFilter$4(HandlerMappingIntrospector.java:267)
	at org.springframework.web.filter.CompositeFilter$VirtualFilterChain.doFilter(CompositeFilter.java:113)
	at org.springframework.web.filter.CompositeFilter.doFilter(CompositeFilter.java:74)
	at org.springframework.security.config.annotation.web.configuration.WebMvcSecurityConfiguration$CompositeFilterChainProxy.doFilter(WebMvcSecurityConfiguration.java:240)
	at org.springframework.web.filter.DelegatingFilterProxy.invokeDelegate(DelegatingFilterProxy.java:362)
	at org.springframework.web.filter.DelegatingFilterProxy.doFilter(DelegatingFilterProxy.java:278)
	at org.apache.catalina.core.ApplicationFilterChain.internalDoFilter(ApplicationFilterChain.java:164)
	at org.apache.catalina.core.ApplicationFilterChain.doFilter(ApplicationFilterChain.java:140)
	at org.springframework.web.filter.RequestContextFilter.doFilterInternal(RequestContextFilter.java:100)
	at org.springframework.web.filter.OncePerRequestFilter.doFilter(OncePerRequestFilter.java:116)
	at org.apache.catalina.core.ApplicationFilterChain.internalDoFilter(ApplicationFilterChain.java:164)
	at org.apache.catalina.core.ApplicationFilterChain.doFilter(ApplicationFilterChain.java:140)
	at org.springframework.web.filter.FormContentFilter.doFilterInternal(FormContentFilter.java:93)
	at org.springframework.web.filter.OncePerRequestFilter.doFilter(OncePerRequestFilter.java:116)
	at org.apache.catalina.core.ApplicationFilterChain.internalDoFilter(ApplicationFilterChain.java:164)
	at org.apache.catalina.core.ApplicationFilterChain.doFilter(ApplicationFilterChain.java:140)
	at org.springframework.web.filter.CharacterEncodingFilter.doFilterInternal(CharacterEncodingFilter.java:201)
	at org.springframework.web.filter.OncePerRequestFilter.doFilter(OncePerRequestFilter.java:116)
	at org.apache.catalina.core.ApplicationFilterChain.internalDoFilter(ApplicationFilterChain.java:164)
	at org.apache.catalina.core.ApplicationFilterChain.doFilter(ApplicationFilterChain.java:140)
	at org.apache.catalina.core.StandardWrapperValve.invoke(StandardWrapperValve.java:167)
	at org.apache.catalina.core.StandardContextValve.invoke(StandardContextValve.java:90)
	at org.apache.catalina.authenticator.AuthenticatorBase.invoke(AuthenticatorBase.java:483)
	at org.apache.catalina.core.StandardHostValve.invoke(StandardHostValve.java:116)
	at org.apache.catalina.valves.ErrorReportValve.invoke(ErrorReportValve.java:93)
	at org.apache.catalina.core.StandardEngineValve.invoke(StandardEngineValve.java:74)
	at org.apache.catalina.connector.CoyoteAdapter.service(CoyoteAdapter.java:344)
	at org.apache.coyote.http11.Http11Processor.service(Http11Processor.java:398)
	at org.apache.coyote.AbstractProcessorLight.process(AbstractProcessorLight.java:63)
	at org.apache.coyote.AbstractProtocol$ConnectionHandler.process(AbstractProtocol.java:903)
	at org.apache.tomcat.util.net.NioEndpoint$SocketProcessor.doRun(NioEndpoint.java:1769)
	at org.apache.tomcat.util.net.SocketProcessorBase.run(SocketProcessorBase.java:52)
	at org.apache.tomcat.util.threads.ThreadPoolExecutor.runWorker(ThreadPoolExecutor.java:1189)
	at org.apache.tomcat.util.threads.ThreadPoolExecutor$Worker.run(ThreadPoolExecutor.java:658)
	at org.apache.tomcat.util.threads.TaskThread$WrappingRunnable.run(TaskThread.java:63)
	at java.base/java.lang.Thread.run(Thread.java:842)
2025-08-03 23:31:49.137 [http-nio-9090-exec-6] ERROR c.e.c.k.p.c.JwtAuthenticationFilter - Error processing JWT token
io.jsonwebtoken.ExpiredJwtException: JWT expired at 2025-08-03T17:14:14Z. Current time: 2025-08-03T18:01:49Z, a difference of 2825136 milliseconds.  Allowed clock skew: 30000 milliseconds.
	at io.jsonwebtoken.impl.DefaultJwtParser.parse(DefaultJwtParser.java:427)
	at io.jsonwebtoken.impl.DefaultJwtParser.parse(DefaultJwtParser.java:529)
	at io.jsonwebtoken.impl.DefaultJwtParser.parseClaimsJws(DefaultJwtParser.java:589)
	at io.jsonwebtoken.impl.ImmutableJwtParser.parseClaimsJws(ImmutableJwtParser.java:173)
	at com.example.crave.kitchen.portal.service.JwtTokenService.extractAllClaims(JwtTokenService.java:141)
	at com.example.crave.kitchen.portal.service.JwtTokenService.extractClaim(JwtTokenService.java:128)
	at com.example.crave.kitchen.portal.service.JwtTokenService.extractEmail(JwtTokenService.java:114)
	at com.example.crave.kitchen.portal.config.JwtAuthenticationFilter.doFilterInternal(JwtAuthenticationFilter.java:63)
	at org.springframework.web.filter.OncePerRequestFilter.doFilter(OncePerRequestFilter.java:116)
	at org.springframework.security.web.FilterChainProxy$VirtualFilterChain.doFilter(FilterChainProxy.java:374)
	at org.springframework.security.web.authentication.logout.LogoutFilter.doFilter(LogoutFilter.java:107)
	at org.springframework.security.web.authentication.logout.LogoutFilter.doFilter(LogoutFilter.java:93)
	at org.springframework.security.web.FilterChainProxy$VirtualFilterChain.doFilter(FilterChainProxy.java:374)
	at org.springframework.security.web.header.HeaderWriterFilter.doHeadersAfter(HeaderWriterFilter.java:90)
	at org.springframework.security.web.header.HeaderWriterFilter.doFilterInternal(HeaderWriterFilter.java:75)
	at org.springframework.web.filter.OncePerRequestFilter.doFilter(OncePerRequestFilter.java:116)
	at org.springframework.security.web.FilterChainProxy$VirtualFilterChain.doFilter(FilterChainProxy.java:374)
	at org.springframework.security.web.context.SecurityContextHolderFilter.doFilter(SecurityContextHolderFilter.java:82)
	at org.springframework.security.web.context.SecurityContextHolderFilter.doFilter(SecurityContextHolderFilter.java:69)
	at org.springframework.security.web.FilterChainProxy$VirtualFilterChain.doFilter(FilterChainProxy.java:374)
	at org.springframework.security.web.context.request.async.WebAsyncManagerIntegrationFilter.doFilterInternal(WebAsyncManagerIntegrationFilter.java:62)
	at org.springframework.web.filter.OncePerRequestFilter.doFilter(OncePerRequestFilter.java:116)
	at org.springframework.security.web.FilterChainProxy$VirtualFilterChain.doFilter(FilterChainProxy.java:374)
	at org.springframework.security.web.session.DisableEncodeUrlFilter.doFilterInternal(DisableEncodeUrlFilter.java:42)
	at org.springframework.web.filter.OncePerRequestFilter.doFilter(OncePerRequestFilter.java:116)
	at org.springframework.security.web.FilterChainProxy$VirtualFilterChain.doFilter(FilterChainProxy.java:374)
	at org.springframework.security.web.FilterChainProxy.doFilterInternal(FilterChainProxy.java:233)
	at org.springframework.security.web.FilterChainProxy.doFilter(FilterChainProxy.java:191)
	at org.springframework.web.filter.CompositeFilter$VirtualFilterChain.doFilter(CompositeFilter.java:113)
	at org.springframework.web.filter.ServletRequestPathFilter.doFilter(ServletRequestPathFilter.java:52)
	at org.springframework.web.filter.CompositeFilter$VirtualFilterChain.doFilter(CompositeFilter.java:113)
	at org.springframework.web.filter.CompositeFilter.doFilter(CompositeFilter.java:74)
	at org.springframework.security.config.annotation.web.configuration.WebSecurityConfiguration$CompositeFilterChainProxy.doFilter(WebSecurityConfiguration.java:319)
	at org.springframework.web.filter.CompositeFilter$VirtualFilterChain.doFilter(CompositeFilter.java:113)
	at org.springframework.web.servlet.handler.HandlerMappingIntrospector.lambda$createCacheFilter$4(HandlerMappingIntrospector.java:267)
	at org.springframework.web.filter.CompositeFilter$VirtualFilterChain.doFilter(CompositeFilter.java:113)
	at org.springframework.web.filter.CompositeFilter.doFilter(CompositeFilter.java:74)
	at org.springframework.security.config.annotation.web.configuration.WebMvcSecurityConfiguration$CompositeFilterChainProxy.doFilter(WebMvcSecurityConfiguration.java:240)
	at org.springframework.web.filter.DelegatingFilterProxy.invokeDelegate(DelegatingFilterProxy.java:362)
	at org.springframework.web.filter.DelegatingFilterProxy.doFilter(DelegatingFilterProxy.java:278)
	at org.apache.catalina.core.ApplicationFilterChain.internalDoFilter(ApplicationFilterChain.java:164)
	at org.apache.catalina.core.ApplicationFilterChain.doFilter(ApplicationFilterChain.java:140)
	at org.springframework.web.filter.RequestContextFilter.doFilterInternal(RequestContextFilter.java:100)
	at org.springframework.web.filter.OncePerRequestFilter.doFilter(OncePerRequestFilter.java:116)
	at org.apache.catalina.core.ApplicationFilterChain.internalDoFilter(ApplicationFilterChain.java:164)
	at org.apache.catalina.core.ApplicationFilterChain.doFilter(ApplicationFilterChain.java:140)
	at org.springframework.web.filter.FormContentFilter.doFilterInternal(FormContentFilter.java:93)
	at org.springframework.web.filter.OncePerRequestFilter.doFilter(OncePerRequestFilter.java:116)
	at org.apache.catalina.core.ApplicationFilterChain.internalDoFilter(ApplicationFilterChain.java:164)
	at org.apache.catalina.core.ApplicationFilterChain.doFilter(ApplicationFilterChain.java:140)
	at org.springframework.web.filter.CharacterEncodingFilter.doFilterInternal(CharacterEncodingFilter.java:201)
	at org.springframework.web.filter.OncePerRequestFilter.doFilter(OncePerRequestFilter.java:116)
	at org.apache.catalina.core.ApplicationFilterChain.internalDoFilter(ApplicationFilterChain.java:164)
	at org.apache.catalina.core.ApplicationFilterChain.doFilter(ApplicationFilterChain.java:140)
	at org.apache.catalina.core.StandardWrapperValve.invoke(StandardWrapperValve.java:167)
	at org.apache.catalina.core.StandardContextValve.invoke(StandardContextValve.java:90)
	at org.apache.catalina.authenticator.AuthenticatorBase.invoke(AuthenticatorBase.java:483)
	at org.apache.catalina.core.StandardHostValve.invoke(StandardHostValve.java:116)
	at org.apache.catalina.valves.ErrorReportValve.invoke(ErrorReportValve.java:93)
	at org.apache.catalina.core.StandardEngineValve.invoke(StandardEngineValve.java:74)
	at org.apache.catalina.connector.CoyoteAdapter.service(CoyoteAdapter.java:344)
	at org.apache.coyote.http11.Http11Processor.service(Http11Processor.java:398)
	at org.apache.coyote.AbstractProcessorLight.process(AbstractProcessorLight.java:63)
	at org.apache.coyote.AbstractProtocol$ConnectionHandler.process(AbstractProtocol.java:903)
	at org.apache.tomcat.util.net.NioEndpoint$SocketProcessor.doRun(NioEndpoint.java:1769)
	at org.apache.tomcat.util.net.SocketProcessorBase.run(SocketProcessorBase.java:52)
	at org.apache.tomcat.util.threads.ThreadPoolExecutor.runWorker(ThreadPoolExecutor.java:1189)
	at org.apache.tomcat.util.threads.ThreadPoolExecutor$Worker.run(ThreadPoolExecutor.java:658)
	at org.apache.tomcat.util.threads.TaskThread$WrappingRunnable.run(TaskThread.java:63)
	at java.base/java.lang.Thread.run(Thread.java:842)
2025-08-03 23:31:49.142 [http-nio-9090-exec-5] DEBUG o.s.s.w.a.AnonymousAuthenticationFilter - Set SecurityContextHolder to anonymous SecurityContext
2025-08-03 23:31:49.142 [http-nio-9090-exec-1] DEBUG o.s.s.w.a.AnonymousAuthenticationFilter - Set SecurityContextHolder to anonymous SecurityContext
2025-08-03 23:31:49.142 [http-nio-9090-exec-6] DEBUG o.s.s.w.a.AnonymousAuthenticationFilter - Set SecurityContextHolder to anonymous SecurityContext
2025-08-03 23:31:49.142 [http-nio-9090-exec-3] DEBUG o.s.s.w.a.AnonymousAuthenticationFilter - Set SecurityContextHolder to anonymous SecurityContext
2025-08-03 23:31:49.148 [http-nio-9090-exec-1] DEBUG o.s.security.web.FilterChainProxy - Secured GET /api/menu/categories?vendorId=2
2025-08-03 23:31:49.148 [http-nio-9090-exec-5] DEBUG o.s.security.web.FilterChainProxy - Secured GET /api/orders?vendorId=2&status=pending
2025-08-03 23:31:49.148 [http-nio-9090-exec-6] DEBUG o.s.security.web.FilterChainProxy - Secured GET /api/analytics/revenue/overview?vendorId=2&period=today
2025-08-03 23:31:49.148 [http-nio-9090-exec-3] DEBUG o.s.security.web.FilterChainProxy - Secured GET /api/menu/items?vendorId=2
2025-08-03 23:31:49.155 [http-nio-9090-exec-6] DEBUG o.s.web.servlet.DispatcherServlet - GET "/api/analytics/revenue/overview?vendorId=2&period=today", parameters={masked}
2025-08-03 23:31:49.155 [http-nio-9090-exec-1] DEBUG o.s.web.servlet.DispatcherServlet - GET "/api/menu/categories?vendorId=2", parameters={masked}
2025-08-03 23:31:49.155 [http-nio-9090-exec-5] DEBUG o.s.web.servlet.DispatcherServlet - GET "/api/orders?vendorId=2&status=pending", parameters={masked}
2025-08-03 23:31:49.155 [http-nio-9090-exec-3] DEBUG o.s.web.servlet.DispatcherServlet - GET "/api/menu/items?vendorId=2", parameters={masked}
2025-08-03 23:31:49.158 [http-nio-9090-exec-3] TRACE o.s.w.s.m.m.a.RequestMappingHandlerMapping - Mapped to com.example.crave.kitchen.portal.controller.MenuController#getAllMenuItems(Long, Long, Boolean, Boolean, Boolean, Boolean, Boolean, Boolean, BigDecimal, BigDecimal, String, int, int, String, String)
2025-08-03 23:31:49.158 [http-nio-9090-exec-1] TRACE o.s.w.s.m.m.a.RequestMappingHandlerMapping - Mapped to com.example.crave.kitchen.portal.controller.MenuController#getAllCategories(Long, Boolean, Boolean, int, int, String, String)
2025-08-03 23:31:49.159 [http-nio-9090-exec-3] DEBUG o.s.o.j.s.OpenEntityManagerInViewInterceptor - Opening JPA EntityManager in OpenEntityManagerInViewInterceptor
2025-08-03 23:31:49.160 [http-nio-9090-exec-1] DEBUG o.s.o.j.s.OpenEntityManagerInViewInterceptor - Opening JPA EntityManager in OpenEntityManagerInViewInterceptor
2025-08-03 23:31:49.161 [http-nio-9090-exec-5] DEBUG o.s.w.s.h.SimpleUrlHandlerMapping - Mapped to ResourceHttpRequestHandler [classpath [META-INF/resources/], classpath [resources/], classpath [static/], classpath [public/], ServletContext [/]]
2025-08-03 23:31:49.161 [http-nio-9090-exec-6] DEBUG o.s.w.s.h.SimpleUrlHandlerMapping - Mapped to ResourceHttpRequestHandler [classpath [META-INF/resources/], classpath [resources/], classpath [static/], classpath [public/], ServletContext [/]]
2025-08-03 23:31:49.164 [http-nio-9090-exec-6] DEBUG o.s.o.j.s.OpenEntityManagerInViewInterceptor - Opening JPA EntityManager in OpenEntityManagerInViewInterceptor
2025-08-03 23:31:49.164 [http-nio-9090-exec-5] DEBUG o.s.o.j.s.OpenEntityManagerInViewInterceptor - Opening JPA EntityManager in OpenEntityManagerInViewInterceptor
2025-08-03 23:31:49.178 [http-nio-9090-exec-6] DEBUG o.s.w.s.r.ResourceHttpRequestHandler - Resource not found
2025-08-03 23:31:49.178 [http-nio-9090-exec-5] DEBUG o.s.w.s.r.ResourceHttpRequestHandler - Resource not found
2025-08-03 23:31:49.199 [http-nio-9090-exec-6] DEBUG o.s.w.s.m.m.a.ExceptionHandlerExceptionResolver - Using @ExceptionHandler com.example.crave.kitchen.portal.exception.GlobalExceptionHandler#handleGlobalException(Exception, WebRequest)
2025-08-03 23:31:49.199 [http-nio-9090-exec-5] DEBUG o.s.w.s.m.m.a.ExceptionHandlerExceptionResolver - Using @ExceptionHandler com.example.crave.kitchen.portal.exception.GlobalExceptionHandler#handleGlobalException(Exception, WebRequest)
2025-08-03 23:31:49.414 [http-nio-9090-exec-6] DEBUG o.s.w.s.m.m.a.HttpEntityMethodProcessor - Using 'application/json', given [application/json] and supported [application/json, application/*+json]
2025-08-03 23:31:49.414 [http-nio-9090-exec-5] DEBUG o.s.w.s.m.m.a.HttpEntityMethodProcessor - Using 'application/json', given [application/json] and supported [application/json, application/*+json]
2025-08-03 23:31:49.421 [http-nio-9090-exec-6] DEBUG o.s.w.s.m.m.a.HttpEntityMethodProcessor - Writing [ApiResponseDto(success=false, message=An unexpected error occurred, error=INTERNAL_SERVER_ERROR, tim (truncated)...]
2025-08-03 23:31:49.421 [http-nio-9090-exec-5] DEBUG o.s.w.s.m.m.a.HttpEntityMethodProcessor - Writing [ApiResponseDto(success=false, message=An unexpected error occurred, error=INTERNAL_SERVER_ERROR, tim (truncated)...]
2025-08-03 23:31:49.439 [http-nio-9090-exec-3] INFO  c.e.c.k.p.controller.MenuController - GET /api/menu/items - vendorId: 2, categoryId: null, isAvailable: null, isFeatured: null, isVegetarian: null, isVegan: null, isGlutenFree: null, isSpicy: null, minPrice: null, maxPrice: null, searchTerm: null, page: 0, size: 20, sortBy: displayOrder, sortDir: asc
2025-08-03 23:31:49.440 [http-nio-9090-exec-1] INFO  c.e.c.k.p.controller.MenuController - === MENU CATEGORIES - GET ALL ===
2025-08-03 23:31:49.440 [http-nio-9090-exec-1] INFO  c.e.c.k.p.controller.MenuController - Request Parameters - vendorId: 2, isActive: null, isFeatured: null, page: 0, size: 20, sortBy: displayOrder, sortDir: asc
2025-08-03 23:31:49.440 [http-nio-9090-exec-1] INFO  c.e.c.k.p.controller.MenuController - Request URL: GET /api/menu/categories
2025-08-03 23:31:49.454 [http-nio-9090-exec-1] DEBUG o.s.orm.jpa.JpaTransactionManager - Found thread-bound EntityManager [SessionImpl(985826869<open>)] for JPA transaction
2025-08-03 23:31:49.454 [http-nio-9090-exec-3] DEBUG o.s.orm.jpa.JpaTransactionManager - Found thread-bound EntityManager [SessionImpl(1101503382<open>)] for JPA transaction
2025-08-03 23:31:49.455 [http-nio-9090-exec-3] DEBUG o.s.orm.jpa.JpaTransactionManager - Creating new transaction with name [com.example.crave.kitchen.portal.impl.MenuServiceImpl.getAllMenuItems]: PROPAGATION_REQUIRED,ISOLATION_DEFAULT
2025-08-03 23:31:49.455 [http-nio-9090-exec-1] DEBUG o.s.orm.jpa.JpaTransactionManager - Creating new transaction with name [com.example.crave.kitchen.portal.impl.MenuServiceImpl.getAllCategories]: PROPAGATION_REQUIRED,ISOLATION_DEFAULT
2025-08-03 23:31:49.463 [http-nio-9090-exec-5] DEBUG o.s.w.s.m.m.a.ExceptionHandlerExceptionResolver - Resolved [org.springframework.web.servlet.resource.NoResourceFoundException: No static resource api/orders.]
2025-08-03 23:31:49.463 [http-nio-9090-exec-5] DEBUG o.s.o.j.s.OpenEntityManagerInViewInterceptor - Closing JPA EntityManager in OpenEntityManagerInViewInterceptor
2025-08-03 23:31:49.463 [HikariPool-1:connection-adder] DEBUG com.zaxxer.hikari.pool.PoolBase - HikariPool-1 - Attempting to create/setup new connection (34881177-0c38-414f-adbe-768d3f66e8d6)
2025-08-03 23:31:49.464 [http-nio-9090-exec-6] DEBUG o.s.w.s.m.m.a.ExceptionHandlerExceptionResolver - Resolved [org.springframework.web.servlet.resource.NoResourceFoundException: No static resource api/analytics/revenue/overview.]
2025-08-03 23:31:49.464 [http-nio-9090-exec-6] DEBUG o.s.o.j.s.OpenEntityManagerInViewInterceptor - Closing JPA EntityManager in OpenEntityManagerInViewInterceptor
2025-08-03 23:31:49.465 [http-nio-9090-exec-6] DEBUG o.s.web.servlet.DispatcherServlet - Completed 500 INTERNAL_SERVER_ERROR
2025-08-03 23:31:49.465 [http-nio-9090-exec-5] DEBUG o.s.web.servlet.DispatcherServlet - Completed 500 INTERNAL_SERVER_ERROR
2025-08-03 23:31:49.469 [http-nio-9090-exec-3] DEBUG o.s.orm.jpa.JpaTransactionManager - Exposing JPA transaction as JDBC [org.springframework.orm.jpa.vendor.HibernateJpaDialect$HibernateConnectionHandle@4ad0cb67]
2025-08-03 23:31:49.469 [http-nio-9090-exec-1] DEBUG o.s.orm.jpa.JpaTransactionManager - Exposing JPA transaction as JDBC [org.springframework.orm.jpa.vendor.HibernateJpaDialect$HibernateConnectionHandle@7ff5f6f0]
2025-08-03 23:31:49.471 [http-nio-9090-exec-3] INFO  c.e.c.k.portal.impl.MenuServiceImpl - Fetching menu items for vendorId: 2, categoryId: null, isAvailable: null, isFeatured: null, isVegetarian: null, isVegan: null, isGlutenFree: null, isSpicy: null, minPrice: null, maxPrice: null, searchTerm: null, page: 0, size: 20
2025-08-03 23:31:49.471 [http-nio-9090-exec-1] INFO  c.e.c.k.portal.impl.MenuServiceImpl - === MENU SERVICE - GET ALL CATEGORIES ===
2025-08-03 23:31:49.471 [http-nio-9090-exec-3] DEBUG c.e.c.k.portal.impl.MenuServiceImpl - Oracle pagination parameters - minRow: 0, maxRow: 20, pageSize: 20
2025-08-03 23:31:49.471 [http-nio-9090-exec-1] INFO  c.e.c.k.portal.impl.MenuServiceImpl - Parameters - vendorId: 2, isActive: null, isFeatured: null, page: 0, size: 20
2025-08-03 23:31:49.471 [http-nio-9090-exec-1] DEBUG c.e.c.k.portal.impl.MenuServiceImpl - Pagination parameters - minRow: 0, maxRow: 20, pageSize: 20
2025-08-03 23:31:49.486 [HikariPool-1:connection-adder] DEBUG com.zaxxer.hikari.pool.PoolBase - HikariPool-1 - Established new connection (34881177-0c38-414f-adbe-768d3f66e8d6)
2025-08-03 23:31:49.486 [HikariPool-1:connection-adder] DEBUG com.zaxxer.hikari.pool.HikariPool - HikariPool-1 - Added connection oracle.jdbc.driver.T4CConnection@48c2650a
2025-08-03 23:31:49.564 [http-nio-9090-exec-7] DEBUG o.s.security.web.FilterChainProxy - Securing GET /api/analytics/revenue/top-items?vendorId=2&limit=10
2025-08-03 23:31:49.564 [http-nio-9090-exec-7] DEBUG c.e.c.k.p.c.JwtAuthenticationFilter - Extracted token from Bearer Authorization header
2025-08-03 23:31:49.568 [http-nio-9090-exec-7] WARN  c.e.c.k.p.service.JwtTokenService - JWT token is expired: JWT expired at 2025-08-03T17:14:14Z. Current time: 2025-08-03T18:01:49Z, a difference of 2825567 milliseconds.  Allowed clock skew: 30000 milliseconds.
2025-08-03 23:31:49.568 [http-nio-9090-exec-7] ERROR c.e.c.k.p.c.JwtAuthenticationFilter - Error processing JWT token
io.jsonwebtoken.ExpiredJwtException: JWT expired at 2025-08-03T17:14:14Z. Current time: 2025-08-03T18:01:49Z, a difference of 2825567 milliseconds.  Allowed clock skew: 30000 milliseconds.
	at io.jsonwebtoken.impl.DefaultJwtParser.parse(DefaultJwtParser.java:427)
	at io.jsonwebtoken.impl.DefaultJwtParser.parse(DefaultJwtParser.java:529)
	at io.jsonwebtoken.impl.DefaultJwtParser.parseClaimsJws(DefaultJwtParser.java:589)
	at io.jsonwebtoken.impl.ImmutableJwtParser.parseClaimsJws(ImmutableJwtParser.java:173)
	at com.example.crave.kitchen.portal.service.JwtTokenService.extractAllClaims(JwtTokenService.java:141)
	at com.example.crave.kitchen.portal.service.JwtTokenService.extractClaim(JwtTokenService.java:128)
	at com.example.crave.kitchen.portal.service.JwtTokenService.extractEmail(JwtTokenService.java:114)
	at com.example.crave.kitchen.portal.config.JwtAuthenticationFilter.doFilterInternal(JwtAuthenticationFilter.java:63)
	at org.springframework.web.filter.OncePerRequestFilter.doFilter(OncePerRequestFilter.java:116)
	at org.springframework.security.web.FilterChainProxy$VirtualFilterChain.doFilter(FilterChainProxy.java:374)
	at org.springframework.security.web.authentication.logout.LogoutFilter.doFilter(LogoutFilter.java:107)
	at org.springframework.security.web.authentication.logout.LogoutFilter.doFilter(LogoutFilter.java:93)
	at org.springframework.security.web.FilterChainProxy$VirtualFilterChain.doFilter(FilterChainProxy.java:374)
	at org.springframework.security.web.header.HeaderWriterFilter.doHeadersAfter(HeaderWriterFilter.java:90)
	at org.springframework.security.web.header.HeaderWriterFilter.doFilterInternal(HeaderWriterFilter.java:75)
	at org.springframework.web.filter.OncePerRequestFilter.doFilter(OncePerRequestFilter.java:116)
	at org.springframework.security.web.FilterChainProxy$VirtualFilterChain.doFilter(FilterChainProxy.java:374)
	at org.springframework.security.web.context.SecurityContextHolderFilter.doFilter(SecurityContextHolderFilter.java:82)
	at org.springframework.security.web.context.SecurityContextHolderFilter.doFilter(SecurityContextHolderFilter.java:69)
	at org.springframework.security.web.FilterChainProxy$VirtualFilterChain.doFilter(FilterChainProxy.java:374)
	at org.springframework.security.web.context.request.async.WebAsyncManagerIntegrationFilter.doFilterInternal(WebAsyncManagerIntegrationFilter.java:62)
	at org.springframework.web.filter.OncePerRequestFilter.doFilter(OncePerRequestFilter.java:116)
	at org.springframework.security.web.FilterChainProxy$VirtualFilterChain.doFilter(FilterChainProxy.java:374)
	at org.springframework.security.web.session.DisableEncodeUrlFilter.doFilterInternal(DisableEncodeUrlFilter.java:42)
	at org.springframework.web.filter.OncePerRequestFilter.doFilter(OncePerRequestFilter.java:116)
	at org.springframework.security.web.FilterChainProxy$VirtualFilterChain.doFilter(FilterChainProxy.java:374)
	at org.springframework.security.web.FilterChainProxy.doFilterInternal(FilterChainProxy.java:233)
	at org.springframework.security.web.FilterChainProxy.doFilter(FilterChainProxy.java:191)
	at org.springframework.web.filter.CompositeFilter$VirtualFilterChain.doFilter(CompositeFilter.java:113)
	at org.springframework.web.filter.ServletRequestPathFilter.doFilter(ServletRequestPathFilter.java:52)
	at org.springframework.web.filter.CompositeFilter$VirtualFilterChain.doFilter(CompositeFilter.java:113)
	at org.springframework.web.filter.CompositeFilter.doFilter(CompositeFilter.java:74)
	at org.springframework.security.config.annotation.web.configuration.WebSecurityConfiguration$CompositeFilterChainProxy.doFilter(WebSecurityConfiguration.java:319)
	at org.springframework.web.filter.CompositeFilter$VirtualFilterChain.doFilter(CompositeFilter.java:113)
	at org.springframework.web.servlet.handler.HandlerMappingIntrospector.lambda$createCacheFilter$4(HandlerMappingIntrospector.java:267)
	at org.springframework.web.filter.CompositeFilter$VirtualFilterChain.doFilter(CompositeFilter.java:113)
	at org.springframework.web.filter.CompositeFilter.doFilter(CompositeFilter.java:74)
	at org.springframework.security.config.annotation.web.configuration.WebMvcSecurityConfiguration$CompositeFilterChainProxy.doFilter(WebMvcSecurityConfiguration.java:240)
	at org.springframework.web.filter.DelegatingFilterProxy.invokeDelegate(DelegatingFilterProxy.java:362)
	at org.springframework.web.filter.DelegatingFilterProxy.doFilter(DelegatingFilterProxy.java:278)
	at org.apache.catalina.core.ApplicationFilterChain.internalDoFilter(ApplicationFilterChain.java:164)
	at org.apache.catalina.core.ApplicationFilterChain.doFilter(ApplicationFilterChain.java:140)
	at org.springframework.web.filter.RequestContextFilter.doFilterInternal(RequestContextFilter.java:100)
	at org.springframework.web.filter.OncePerRequestFilter.doFilter(OncePerRequestFilter.java:116)
	at org.apache.catalina.core.ApplicationFilterChain.internalDoFilter(ApplicationFilterChain.java:164)
	at org.apache.catalina.core.ApplicationFilterChain.doFilter(ApplicationFilterChain.java:140)
	at org.springframework.web.filter.FormContentFilter.doFilterInternal(FormContentFilter.java:93)
	at org.springframework.web.filter.OncePerRequestFilter.doFilter(OncePerRequestFilter.java:116)
	at org.apache.catalina.core.ApplicationFilterChain.internalDoFilter(ApplicationFilterChain.java:164)
	at org.apache.catalina.core.ApplicationFilterChain.doFilter(ApplicationFilterChain.java:140)
	at org.springframework.web.filter.CharacterEncodingFilter.doFilterInternal(CharacterEncodingFilter.java:201)
	at org.springframework.web.filter.OncePerRequestFilter.doFilter(OncePerRequestFilter.java:116)
	at org.apache.catalina.core.ApplicationFilterChain.internalDoFilter(ApplicationFilterChain.java:164)
	at org.apache.catalina.core.ApplicationFilterChain.doFilter(ApplicationFilterChain.java:140)
	at org.apache.catalina.core.StandardWrapperValve.invoke(StandardWrapperValve.java:167)
	at org.apache.catalina.core.StandardContextValve.invoke(StandardContextValve.java:90)
	at org.apache.catalina.authenticator.AuthenticatorBase.invoke(AuthenticatorBase.java:483)
	at org.apache.catalina.core.StandardHostValve.invoke(StandardHostValve.java:116)
	at org.apache.catalina.valves.ErrorReportValve.invoke(ErrorReportValve.java:93)
	at org.apache.catalina.core.StandardEngineValve.invoke(StandardEngineValve.java:74)
	at org.apache.catalina.connector.CoyoteAdapter.service(CoyoteAdapter.java:344)
	at org.apache.coyote.http11.Http11Processor.service(Http11Processor.java:398)
	at org.apache.coyote.AbstractProcessorLight.process(AbstractProcessorLight.java:63)
	at org.apache.coyote.AbstractProtocol$ConnectionHandler.process(AbstractProtocol.java:903)
	at org.apache.tomcat.util.net.NioEndpoint$SocketProcessor.doRun(NioEndpoint.java:1769)
	at org.apache.tomcat.util.net.SocketProcessorBase.run(SocketProcessorBase.java:52)
	at org.apache.tomcat.util.threads.ThreadPoolExecutor.runWorker(ThreadPoolExecutor.java:1189)
	at org.apache.tomcat.util.threads.ThreadPoolExecutor$Worker.run(ThreadPoolExecutor.java:658)
	at org.apache.tomcat.util.threads.TaskThread$WrappingRunnable.run(TaskThread.java:63)
	at java.base/java.lang.Thread.run(Thread.java:842)
2025-08-03 23:31:49.570 [http-nio-9090-exec-7] DEBUG o.s.s.w.a.AnonymousAuthenticationFilter - Set SecurityContextHolder to anonymous SecurityContext
2025-08-03 23:31:49.570 [http-nio-9090-exec-7] DEBUG o.s.security.web.FilterChainProxy - Secured GET /api/analytics/revenue/top-items?vendorId=2&limit=10
2025-08-03 23:31:49.570 [http-nio-9090-exec-7] DEBUG o.s.web.servlet.DispatcherServlet - GET "/api/analytics/revenue/top-items?vendorId=2&limit=10", parameters={masked}
2025-08-03 23:31:49.572 [http-nio-9090-exec-7] DEBUG o.s.w.s.h.SimpleUrlHandlerMapping - Mapped to ResourceHttpRequestHandler [classpath [META-INF/resources/], classpath [resources/], classpath [static/], classpath [public/], ServletContext [/]]
2025-08-03 23:31:49.572 [http-nio-9090-exec-7] DEBUG o.s.o.j.s.OpenEntityManagerInViewInterceptor - Opening JPA EntityManager in OpenEntityManagerInViewInterceptor
2025-08-03 23:31:49.574 [http-nio-9090-exec-7] DEBUG o.s.w.s.r.ResourceHttpRequestHandler - Resource not found
2025-08-03 23:31:49.575 [http-nio-9090-exec-7] DEBUG o.s.w.s.m.m.a.ExceptionHandlerExceptionResolver - Using @ExceptionHandler com.example.crave.kitchen.portal.exception.GlobalExceptionHandler#handleGlobalException(Exception, WebRequest)
2025-08-03 23:31:49.576 [http-nio-9090-exec-7] DEBUG o.s.w.s.m.m.a.HttpEntityMethodProcessor - Using 'application/json', given [application/json] and supported [application/json, application/*+json]
2025-08-03 23:31:49.576 [http-nio-9090-exec-7] DEBUG o.s.w.s.m.m.a.HttpEntityMethodProcessor - Writing [ApiResponseDto(success=false, message=An unexpected error occurred, error=INTERNAL_SERVER_ERROR, tim (truncated)...]
2025-08-03 23:31:49.577 [http-nio-9090-exec-7] DEBUG o.s.w.s.m.m.a.ExceptionHandlerExceptionResolver - Resolved [org.springframework.web.servlet.resource.NoResourceFoundException: No static resource api/analytics/revenue/top-items.]
2025-08-03 23:31:49.578 [http-nio-9090-exec-7] DEBUG o.s.o.j.s.OpenEntityManagerInViewInterceptor - Closing JPA EntityManager in OpenEntityManagerInViewInterceptor
2025-08-03 23:31:49.578 [http-nio-9090-exec-7] DEBUG o.s.web.servlet.DispatcherServlet - Completed 500 INTERNAL_SERVER_ERROR
2025-08-03 23:31:49.632 [http-nio-9090-exec-4] DEBUG o.s.security.web.FilterChainProxy - Securing GET /api/analytics/revenue/trends?vendorId=2&period=today
2025-08-03 23:31:49.632 [http-nio-9090-exec-4] DEBUG c.e.c.k.p.c.JwtAuthenticationFilter - Extracted token from Bearer Authorization header
2025-08-03 23:31:49.637 [http-nio-9090-exec-4] WARN  c.e.c.k.p.service.JwtTokenService - JWT token is expired: JWT expired at 2025-08-03T17:14:14Z. Current time: 2025-08-03T18:01:49Z, a difference of 2825636 milliseconds.  Allowed clock skew: 30000 milliseconds.
2025-08-03 23:31:49.637 [http-nio-9090-exec-4] ERROR c.e.c.k.p.c.JwtAuthenticationFilter - Error processing JWT token
io.jsonwebtoken.ExpiredJwtException: JWT expired at 2025-08-03T17:14:14Z. Current time: 2025-08-03T18:01:49Z, a difference of 2825636 milliseconds.  Allowed clock skew: 30000 milliseconds.
	at io.jsonwebtoken.impl.DefaultJwtParser.parse(DefaultJwtParser.java:427)
	at io.jsonwebtoken.impl.DefaultJwtParser.parse(DefaultJwtParser.java:529)
	at io.jsonwebtoken.impl.DefaultJwtParser.parseClaimsJws(DefaultJwtParser.java:589)
	at io.jsonwebtoken.impl.ImmutableJwtParser.parseClaimsJws(ImmutableJwtParser.java:173)
	at com.example.crave.kitchen.portal.service.JwtTokenService.extractAllClaims(JwtTokenService.java:141)
	at com.example.crave.kitchen.portal.service.JwtTokenService.extractClaim(JwtTokenService.java:128)
	at com.example.crave.kitchen.portal.service.JwtTokenService.extractEmail(JwtTokenService.java:114)
	at com.example.crave.kitchen.portal.config.JwtAuthenticationFilter.doFilterInternal(JwtAuthenticationFilter.java:63)
	at org.springframework.web.filter.OncePerRequestFilter.doFilter(OncePerRequestFilter.java:116)
	at org.springframework.security.web.FilterChainProxy$VirtualFilterChain.doFilter(FilterChainProxy.java:374)
	at org.springframework.security.web.authentication.logout.LogoutFilter.doFilter(LogoutFilter.java:107)
	at org.springframework.security.web.authentication.logout.LogoutFilter.doFilter(LogoutFilter.java:93)
	at org.springframework.security.web.FilterChainProxy$VirtualFilterChain.doFilter(FilterChainProxy.java:374)
	at org.springframework.security.web.header.HeaderWriterFilter.doHeadersAfter(HeaderWriterFilter.java:90)
	at org.springframework.security.web.header.HeaderWriterFilter.doFilterInternal(HeaderWriterFilter.java:75)
	at org.springframework.web.filter.OncePerRequestFilter.doFilter(OncePerRequestFilter.java:116)
	at org.springframework.security.web.FilterChainProxy$VirtualFilterChain.doFilter(FilterChainProxy.java:374)
	at org.springframework.security.web.context.SecurityContextHolderFilter.doFilter(SecurityContextHolderFilter.java:82)
	at org.springframework.security.web.context.SecurityContextHolderFilter.doFilter(SecurityContextHolderFilter.java:69)
	at org.springframework.security.web.FilterChainProxy$VirtualFilterChain.doFilter(FilterChainProxy.java:374)
	at org.springframework.security.web.context.request.async.WebAsyncManagerIntegrationFilter.doFilterInternal(WebAsyncManagerIntegrationFilter.java:62)
	at org.springframework.web.filter.OncePerRequestFilter.doFilter(OncePerRequestFilter.java:116)
	at org.springframework.security.web.FilterChainProxy$VirtualFilterChain.doFilter(FilterChainProxy.java:374)
	at org.springframework.security.web.session.DisableEncodeUrlFilter.doFilterInternal(DisableEncodeUrlFilter.java:42)
	at org.springframework.web.filter.OncePerRequestFilter.doFilter(OncePerRequestFilter.java:116)
	at org.springframework.security.web.FilterChainProxy$VirtualFilterChain.doFilter(FilterChainProxy.java:374)
	at org.springframework.security.web.FilterChainProxy.doFilterInternal(FilterChainProxy.java:233)
	at org.springframework.security.web.FilterChainProxy.doFilter(FilterChainProxy.java:191)
	at org.springframework.web.filter.CompositeFilter$VirtualFilterChain.doFilter(CompositeFilter.java:113)
	at org.springframework.web.filter.ServletRequestPathFilter.doFilter(ServletRequestPathFilter.java:52)
	at org.springframework.web.filter.CompositeFilter$VirtualFilterChain.doFilter(CompositeFilter.java:113)
	at org.springframework.web.filter.CompositeFilter.doFilter(CompositeFilter.java:74)
	at org.springframework.security.config.annotation.web.configuration.WebSecurityConfiguration$CompositeFilterChainProxy.doFilter(WebSecurityConfiguration.java:319)
	at org.springframework.web.filter.CompositeFilter$VirtualFilterChain.doFilter(CompositeFilter.java:113)
	at org.springframework.web.servlet.handler.HandlerMappingIntrospector.lambda$createCacheFilter$4(HandlerMappingIntrospector.java:267)
	at org.springframework.web.filter.CompositeFilter$VirtualFilterChain.doFilter(CompositeFilter.java:113)
	at org.springframework.web.filter.CompositeFilter.doFilter(CompositeFilter.java:74)
	at org.springframework.security.config.annotation.web.configuration.WebMvcSecurityConfiguration$CompositeFilterChainProxy.doFilter(WebMvcSecurityConfiguration.java:240)
	at org.springframework.web.filter.DelegatingFilterProxy.invokeDelegate(DelegatingFilterProxy.java:362)
	at org.springframework.web.filter.DelegatingFilterProxy.doFilter(DelegatingFilterProxy.java:278)
	at org.apache.catalina.core.ApplicationFilterChain.internalDoFilter(ApplicationFilterChain.java:164)
	at org.apache.catalina.core.ApplicationFilterChain.doFilter(ApplicationFilterChain.java:140)
	at org.springframework.web.filter.RequestContextFilter.doFilterInternal(RequestContextFilter.java:100)
	at org.springframework.web.filter.OncePerRequestFilter.doFilter(OncePerRequestFilter.java:116)
	at org.apache.catalina.core.ApplicationFilterChain.internalDoFilter(ApplicationFilterChain.java:164)
	at org.apache.catalina.core.ApplicationFilterChain.doFilter(ApplicationFilterChain.java:140)
	at org.springframework.web.filter.FormContentFilter.doFilterInternal(FormContentFilter.java:93)
	at org.springframework.web.filter.OncePerRequestFilter.doFilter(OncePerRequestFilter.java:116)
	at org.apache.catalina.core.ApplicationFilterChain.internalDoFilter(ApplicationFilterChain.java:164)
	at org.apache.catalina.core.ApplicationFilterChain.doFilter(ApplicationFilterChain.java:140)
	at org.springframework.web.filter.CharacterEncodingFilter.doFilterInternal(CharacterEncodingFilter.java:201)
	at org.springframework.web.filter.OncePerRequestFilter.doFilter(OncePerRequestFilter.java:116)
	at org.apache.catalina.core.ApplicationFilterChain.internalDoFilter(ApplicationFilterChain.java:164)
	at org.apache.catalina.core.ApplicationFilterChain.doFilter(ApplicationFilterChain.java:140)
	at org.apache.catalina.core.StandardWrapperValve.invoke(StandardWrapperValve.java:167)
	at org.apache.catalina.core.StandardContextValve.invoke(StandardContextValve.java:90)
	at org.apache.catalina.authenticator.AuthenticatorBase.invoke(AuthenticatorBase.java:483)
	at org.apache.catalina.core.StandardHostValve.invoke(StandardHostValve.java:116)
	at org.apache.catalina.valves.ErrorReportValve.invoke(ErrorReportValve.java:93)
	at org.apache.catalina.core.StandardEngineValve.invoke(StandardEngineValve.java:74)
	at org.apache.catalina.connector.CoyoteAdapter.service(CoyoteAdapter.java:344)
	at org.apache.coyote.http11.Http11Processor.service(Http11Processor.java:398)
	at org.apache.coyote.AbstractProcessorLight.process(AbstractProcessorLight.java:63)
	at org.apache.coyote.AbstractProtocol$ConnectionHandler.process(AbstractProtocol.java:903)
	at org.apache.tomcat.util.net.NioEndpoint$SocketProcessor.doRun(NioEndpoint.java:1769)
	at org.apache.tomcat.util.net.SocketProcessorBase.run(SocketProcessorBase.java:52)
	at org.apache.tomcat.util.threads.ThreadPoolExecutor.runWorker(ThreadPoolExecutor.java:1189)
	at org.apache.tomcat.util.threads.ThreadPoolExecutor$Worker.run(ThreadPoolExecutor.java:658)
	at org.apache.tomcat.util.threads.TaskThread$WrappingRunnable.run(TaskThread.java:63)
	at java.base/java.lang.Thread.run(Thread.java:842)
2025-08-03 23:31:49.638 [http-nio-9090-exec-4] DEBUG o.s.s.w.a.AnonymousAuthenticationFilter - Set SecurityContextHolder to anonymous SecurityContext
2025-08-03 23:31:49.639 [http-nio-9090-exec-4] DEBUG o.s.security.web.FilterChainProxy - Secured GET /api/analytics/revenue/trends?vendorId=2&period=today
2025-08-03 23:31:49.640 [http-nio-9090-exec-4] DEBUG o.s.web.servlet.DispatcherServlet - GET "/api/analytics/revenue/trends?vendorId=2&period=today", parameters={masked}
2025-08-03 23:31:49.645 [http-nio-9090-exec-4] DEBUG o.s.w.s.h.SimpleUrlHandlerMapping - Mapped to ResourceHttpRequestHandler [classpath [META-INF/resources/], classpath [resources/], classpath [static/], classpath [public/], ServletContext [/]]
2025-08-03 23:31:49.646 [http-nio-9090-exec-4] DEBUG o.s.o.j.s.OpenEntityManagerInViewInterceptor - Opening JPA EntityManager in OpenEntityManagerInViewInterceptor
2025-08-03 23:31:49.649 [http-nio-9090-exec-1] DEBUG org.hibernate.SQL - 
    /* dynamic native SQL query */ SELECT
        * 
    FROM
        (SELECT
            a.*,
            ROWNUM rnum 
        FROM
            (SELECT
                * 
            FROM
                ck_menu_categories 
            WHERE
                vendor_id = ? 
            ORDER BY
                display_order ASC) a 
        WHERE
            ROWNUM <= ?) 
    WHERE
        rnum > ?
2025-08-03 23:31:49.649 [http-nio-9090-exec-3] DEBUG org.hibernate.SQL - 
    /* dynamic native SQL query */ SELECT
        * 
    FROM
        (SELECT
            a.*,
            ROWNUM rnum 
        FROM
            (SELECT
                m.* 
            FROM
                ck_menu_items m 
            WHERE
                m.vendor_id = ? 
                AND m.is_available = 1 
                AND (
                    ? IS NULL 
                    OR m.category_id = ?
                ) 
                AND (
                    ? IS NULL 
                    OR m.is_vegetarian = ?
                ) 
                AND (
                    ? IS NULL 
                    OR m.is_vegan = ?
                ) 
                AND (
                    ? IS NULL 
                    OR m.is_gluten_free = ?
                ) 
                AND (
                    ? IS NULL 
                    OR m.is_spicy = ?
                ) 
                AND (
                    ? IS NULL 
                    OR m.price >= ?
                ) 
                AND (
                    ? IS NULL 
                    OR m.price <= ?
                ) 
                AND (
                    ? IS NULL 
                    OR LOWER(m.name) LIKE LOWER('%' || ? || '%') 
                    OR LOWER(m.description) LIKE LOWER('%' || ? || '%')
                ) 
            ORDER BY
                m.display_order ASC) a 
        WHERE
            ROWNUM <= ?) 
    WHERE
        rnum > ?
2025-08-03 23:31:49.652 [http-nio-9090-exec-4] DEBUG o.s.w.s.r.ResourceHttpRequestHandler - Resource not found
2025-08-03 23:31:49.653 [http-nio-9090-exec-4] DEBUG o.s.w.s.m.m.a.ExceptionHandlerExceptionResolver - Using @ExceptionHandler com.example.crave.kitchen.portal.exception.GlobalExceptionHandler#handleGlobalException(Exception, WebRequest)
2025-08-03 23:31:49.654 [http-nio-9090-exec-4] DEBUG o.s.w.s.m.m.a.HttpEntityMethodProcessor - Using 'application/json', given [application/json] and supported [application/json, application/*+json]
2025-08-03 23:31:49.654 [http-nio-9090-exec-4] DEBUG o.s.w.s.m.m.a.HttpEntityMethodProcessor - Writing [ApiResponseDto(success=false, message=An unexpected error occurred, error=INTERNAL_SERVER_ERROR, tim (truncated)...]
2025-08-03 23:31:49.657 [http-nio-9090-exec-4] DEBUG o.s.w.s.m.m.a.ExceptionHandlerExceptionResolver - Resolved [org.springframework.web.servlet.resource.NoResourceFoundException: No static resource api/analytics/revenue/trends.]
2025-08-03 23:31:49.658 [http-nio-9090-exec-4] DEBUG o.s.o.j.s.OpenEntityManagerInViewInterceptor - Closing JPA EntityManager in OpenEntityManagerInViewInterceptor
2025-08-03 23:31:49.658 [http-nio-9090-exec-4] DEBUG o.s.web.servlet.DispatcherServlet - Completed 500 INTERNAL_SERVER_ERROR
2025-08-03 23:31:49.747 [http-nio-9090-exec-2] DEBUG o.s.security.web.FilterChainProxy - Securing GET /api/analytics/orders/analytics?vendorId=2&period=today
2025-08-03 23:31:49.748 [http-nio-9090-exec-2] DEBUG c.e.c.k.p.c.JwtAuthenticationFilter - Extracted token from Bearer Authorization header
2025-08-03 23:31:49.756 [http-nio-9090-exec-2] WARN  c.e.c.k.p.service.JwtTokenService - JWT token is expired: JWT expired at 2025-08-03T17:14:14Z. Current time: 2025-08-03T18:01:49Z, a difference of 2825755 milliseconds.  Allowed clock skew: 30000 milliseconds.
2025-08-03 23:31:49.756 [http-nio-9090-exec-2] ERROR c.e.c.k.p.c.JwtAuthenticationFilter - Error processing JWT token
io.jsonwebtoken.ExpiredJwtException: JWT expired at 2025-08-03T17:14:14Z. Current time: 2025-08-03T18:01:49Z, a difference of 2825755 milliseconds.  Allowed clock skew: 30000 milliseconds.
	at io.jsonwebtoken.impl.DefaultJwtParser.parse(DefaultJwtParser.java:427)
	at io.jsonwebtoken.impl.DefaultJwtParser.parse(DefaultJwtParser.java:529)
	at io.jsonwebtoken.impl.DefaultJwtParser.parseClaimsJws(DefaultJwtParser.java:589)
	at io.jsonwebtoken.impl.ImmutableJwtParser.parseClaimsJws(ImmutableJwtParser.java:173)
	at com.example.crave.kitchen.portal.service.JwtTokenService.extractAllClaims(JwtTokenService.java:141)
	at com.example.crave.kitchen.portal.service.JwtTokenService.extractClaim(JwtTokenService.java:128)
	at com.example.crave.kitchen.portal.service.JwtTokenService.extractEmail(JwtTokenService.java:114)
	at com.example.crave.kitchen.portal.config.JwtAuthenticationFilter.doFilterInternal(JwtAuthenticationFilter.java:63)
	at org.springframework.web.filter.OncePerRequestFilter.doFilter(OncePerRequestFilter.java:116)
	at org.springframework.security.web.FilterChainProxy$VirtualFilterChain.doFilter(FilterChainProxy.java:374)
	at org.springframework.security.web.authentication.logout.LogoutFilter.doFilter(LogoutFilter.java:107)
	at org.springframework.security.web.authentication.logout.LogoutFilter.doFilter(LogoutFilter.java:93)
	at org.springframework.security.web.FilterChainProxy$VirtualFilterChain.doFilter(FilterChainProxy.java:374)
	at org.springframework.security.web.header.HeaderWriterFilter.doHeadersAfter(HeaderWriterFilter.java:90)
	at org.springframework.security.web.header.HeaderWriterFilter.doFilterInternal(HeaderWriterFilter.java:75)
	at org.springframework.web.filter.OncePerRequestFilter.doFilter(OncePerRequestFilter.java:116)
	at org.springframework.security.web.FilterChainProxy$VirtualFilterChain.doFilter(FilterChainProxy.java:374)
	at org.springframework.security.web.context.SecurityContextHolderFilter.doFilter(SecurityContextHolderFilter.java:82)
	at org.springframework.security.web.context.SecurityContextHolderFilter.doFilter(SecurityContextHolderFilter.java:69)
	at org.springframework.security.web.FilterChainProxy$VirtualFilterChain.doFilter(FilterChainProxy.java:374)
	at org.springframework.security.web.context.request.async.WebAsyncManagerIntegrationFilter.doFilterInternal(WebAsyncManagerIntegrationFilter.java:62)
	at org.springframework.web.filter.OncePerRequestFilter.doFilter(OncePerRequestFilter.java:116)
	at org.springframework.security.web.FilterChainProxy$VirtualFilterChain.doFilter(FilterChainProxy.java:374)
	at org.springframework.security.web.session.DisableEncodeUrlFilter.doFilterInternal(DisableEncodeUrlFilter.java:42)
	at org.springframework.web.filter.OncePerRequestFilter.doFilter(OncePerRequestFilter.java:116)
	at org.springframework.security.web.FilterChainProxy$VirtualFilterChain.doFilter(FilterChainProxy.java:374)
	at org.springframework.security.web.FilterChainProxy.doFilterInternal(FilterChainProxy.java:233)
	at org.springframework.security.web.FilterChainProxy.doFilter(FilterChainProxy.java:191)
	at org.springframework.web.filter.CompositeFilter$VirtualFilterChain.doFilter(CompositeFilter.java:113)
	at org.springframework.web.filter.ServletRequestPathFilter.doFilter(ServletRequestPathFilter.java:52)
	at org.springframework.web.filter.CompositeFilter$VirtualFilterChain.doFilter(CompositeFilter.java:113)
	at org.springframework.web.filter.CompositeFilter.doFilter(CompositeFilter.java:74)
	at org.springframework.security.config.annotation.web.configuration.WebSecurityConfiguration$CompositeFilterChainProxy.doFilter(WebSecurityConfiguration.java:319)
	at org.springframework.web.filter.CompositeFilter$VirtualFilterChain.doFilter(CompositeFilter.java:113)
	at org.springframework.web.servlet.handler.HandlerMappingIntrospector.lambda$createCacheFilter$4(HandlerMappingIntrospector.java:267)
	at org.springframework.web.filter.CompositeFilter$VirtualFilterChain.doFilter(CompositeFilter.java:113)
	at org.springframework.web.filter.CompositeFilter.doFilter(CompositeFilter.java:74)
	at org.springframework.security.config.annotation.web.configuration.WebMvcSecurityConfiguration$CompositeFilterChainProxy.doFilter(WebMvcSecurityConfiguration.java:240)
	at org.springframework.web.filter.DelegatingFilterProxy.invokeDelegate(DelegatingFilterProxy.java:362)
	at org.springframework.web.filter.DelegatingFilterProxy.doFilter(DelegatingFilterProxy.java:278)
	at org.apache.catalina.core.ApplicationFilterChain.internalDoFilter(ApplicationFilterChain.java:164)
	at org.apache.catalina.core.ApplicationFilterChain.doFilter(ApplicationFilterChain.java:140)
	at org.springframework.web.filter.RequestContextFilter.doFilterInternal(RequestContextFilter.java:100)
	at org.springframework.web.filter.OncePerRequestFilter.doFilter(OncePerRequestFilter.java:116)
	at org.apache.catalina.core.ApplicationFilterChain.internalDoFilter(ApplicationFilterChain.java:164)
	at org.apache.catalina.core.ApplicationFilterChain.doFilter(ApplicationFilterChain.java:140)
	at org.springframework.web.filter.FormContentFilter.doFilterInternal(FormContentFilter.java:93)
	at org.springframework.web.filter.OncePerRequestFilter.doFilter(OncePerRequestFilter.java:116)
	at org.apache.catalina.core.ApplicationFilterChain.internalDoFilter(ApplicationFilterChain.java:164)
	at org.apache.catalina.core.ApplicationFilterChain.doFilter(ApplicationFilterChain.java:140)
	at org.springframework.web.filter.CharacterEncodingFilter.doFilterInternal(CharacterEncodingFilter.java:201)
	at org.springframework.web.filter.OncePerRequestFilter.doFilter(OncePerRequestFilter.java:116)
	at org.apache.catalina.core.ApplicationFilterChain.internalDoFilter(ApplicationFilterChain.java:164)
	at org.apache.catalina.core.ApplicationFilterChain.doFilter(ApplicationFilterChain.java:140)
	at org.apache.catalina.core.StandardWrapperValve.invoke(StandardWrapperValve.java:167)
	at org.apache.catalina.core.StandardContextValve.invoke(StandardContextValve.java:90)
	at org.apache.catalina.authenticator.AuthenticatorBase.invoke(AuthenticatorBase.java:483)
	at org.apache.catalina.core.StandardHostValve.invoke(StandardHostValve.java:116)
	at org.apache.catalina.valves.ErrorReportValve.invoke(ErrorReportValve.java:93)
	at org.apache.catalina.core.StandardEngineValve.invoke(StandardEngineValve.java:74)
	at org.apache.catalina.connector.CoyoteAdapter.service(CoyoteAdapter.java:344)
	at org.apache.coyote.http11.Http11Processor.service(Http11Processor.java:398)
	at org.apache.coyote.AbstractProcessorLight.process(AbstractProcessorLight.java:63)
	at org.apache.coyote.AbstractProtocol$ConnectionHandler.process(AbstractProtocol.java:903)
	at org.apache.tomcat.util.net.NioEndpoint$SocketProcessor.doRun(NioEndpoint.java:1769)
	at org.apache.tomcat.util.net.SocketProcessorBase.run(SocketProcessorBase.java:52)
	at org.apache.tomcat.util.threads.ThreadPoolExecutor.runWorker(ThreadPoolExecutor.java:1189)
	at org.apache.tomcat.util.threads.ThreadPoolExecutor$Worker.run(ThreadPoolExecutor.java:658)
	at org.apache.tomcat.util.threads.TaskThread$WrappingRunnable.run(TaskThread.java:63)
	at java.base/java.lang.Thread.run(Thread.java:842)
2025-08-03 23:31:49.758 [http-nio-9090-exec-2] DEBUG o.s.s.w.a.AnonymousAuthenticationFilter - Set SecurityContextHolder to anonymous SecurityContext
2025-08-03 23:31:49.760 [http-nio-9090-exec-2] DEBUG o.s.security.web.FilterChainProxy - Secured GET /api/analytics/orders/analytics?vendorId=2&period=today
2025-08-03 23:31:49.761 [http-nio-9090-exec-2] DEBUG o.s.web.servlet.DispatcherServlet - GET "/api/analytics/orders/analytics?vendorId=2&period=today", parameters={masked}
2025-08-03 23:31:49.763 [http-nio-9090-exec-2] DEBUG o.s.w.s.h.SimpleUrlHandlerMapping - Mapped to ResourceHttpRequestHandler [classpath [META-INF/resources/], classpath [resources/], classpath [static/], classpath [public/], ServletContext [/]]
2025-08-03 23:31:49.763 [http-nio-9090-exec-2] DEBUG o.s.o.j.s.OpenEntityManagerInViewInterceptor - Opening JPA EntityManager in OpenEntityManagerInViewInterceptor
2025-08-03 23:31:49.766 [http-nio-9090-exec-2] DEBUG o.s.w.s.r.ResourceHttpRequestHandler - Resource not found
2025-08-03 23:31:49.767 [http-nio-9090-exec-2] DEBUG o.s.w.s.m.m.a.ExceptionHandlerExceptionResolver - Using @ExceptionHandler com.example.crave.kitchen.portal.exception.GlobalExceptionHandler#handleGlobalException(Exception, WebRequest)
2025-08-03 23:31:49.771 [http-nio-9090-exec-2] DEBUG o.s.w.s.m.m.a.HttpEntityMethodProcessor - Using 'application/json', given [application/json] and supported [application/json, application/*+json]
2025-08-03 23:31:49.772 [http-nio-9090-exec-2] DEBUG o.s.w.s.m.m.a.HttpEntityMethodProcessor - Writing [ApiResponseDto(success=false, message=An unexpected error occurred, error=INTERNAL_SERVER_ERROR, tim (truncated)...]
2025-08-03 23:31:49.774 [http-nio-9090-exec-2] DEBUG o.s.w.s.m.m.a.ExceptionHandlerExceptionResolver - Resolved [org.springframework.web.servlet.resource.NoResourceFoundException: No static resource api/analytics/orders/analytics.]
2025-08-03 23:31:49.775 [http-nio-9090-exec-2] DEBUG o.s.o.j.s.OpenEntityManagerInViewInterceptor - Closing JPA EntityManager in OpenEntityManagerInViewInterceptor
2025-08-03 23:31:49.776 [http-nio-9090-exec-2] DEBUG o.s.web.servlet.DispatcherServlet - Completed 500 INTERNAL_SERVER_ERROR
2025-08-03 23:31:49.843 [http-nio-9090-exec-8] DEBUG o.s.security.web.FilterChainProxy - Securing GET /api/analytics/orders/trends?vendorId=2&period=today
2025-08-03 23:31:49.844 [http-nio-9090-exec-8] DEBUG c.e.c.k.p.c.JwtAuthenticationFilter - Extracted token from Bearer Authorization header
2025-08-03 23:31:49.850 [http-nio-9090-exec-8] WARN  c.e.c.k.p.service.JwtTokenService - JWT token is expired: JWT expired at 2025-08-03T17:14:14Z. Current time: 2025-08-03T18:01:49Z, a difference of 2825849 milliseconds.  Allowed clock skew: 30000 milliseconds.
2025-08-03 23:31:49.850 [http-nio-9090-exec-8] ERROR c.e.c.k.p.c.JwtAuthenticationFilter - Error processing JWT token
io.jsonwebtoken.ExpiredJwtException: JWT expired at 2025-08-03T17:14:14Z. Current time: 2025-08-03T18:01:49Z, a difference of 2825849 milliseconds.  Allowed clock skew: 30000 milliseconds.
	at io.jsonwebtoken.impl.DefaultJwtParser.parse(DefaultJwtParser.java:427)
	at io.jsonwebtoken.impl.DefaultJwtParser.parse(DefaultJwtParser.java:529)
	at io.jsonwebtoken.impl.DefaultJwtParser.parseClaimsJws(DefaultJwtParser.java:589)
	at io.jsonwebtoken.impl.ImmutableJwtParser.parseClaimsJws(ImmutableJwtParser.java:173)
	at com.example.crave.kitchen.portal.service.JwtTokenService.extractAllClaims(JwtTokenService.java:141)
	at com.example.crave.kitchen.portal.service.JwtTokenService.extractClaim(JwtTokenService.java:128)
	at com.example.crave.kitchen.portal.service.JwtTokenService.extractEmail(JwtTokenService.java:114)
	at com.example.crave.kitchen.portal.config.JwtAuthenticationFilter.doFilterInternal(JwtAuthenticationFilter.java:63)
	at org.springframework.web.filter.OncePerRequestFilter.doFilter(OncePerRequestFilter.java:116)
	at org.springframework.security.web.FilterChainProxy$VirtualFilterChain.doFilter(FilterChainProxy.java:374)
	at org.springframework.security.web.authentication.logout.LogoutFilter.doFilter(LogoutFilter.java:107)
	at org.springframework.security.web.authentication.logout.LogoutFilter.doFilter(LogoutFilter.java:93)
	at org.springframework.security.web.FilterChainProxy$VirtualFilterChain.doFilter(FilterChainProxy.java:374)
	at org.springframework.security.web.header.HeaderWriterFilter.doHeadersAfter(HeaderWriterFilter.java:90)
	at org.springframework.security.web.header.HeaderWriterFilter.doFilterInternal(HeaderWriterFilter.java:75)
	at org.springframework.web.filter.OncePerRequestFilter.doFilter(OncePerRequestFilter.java:116)
	at org.springframework.security.web.FilterChainProxy$VirtualFilterChain.doFilter(FilterChainProxy.java:374)
	at org.springframework.security.web.context.SecurityContextHolderFilter.doFilter(SecurityContextHolderFilter.java:82)
	at org.springframework.security.web.context.SecurityContextHolderFilter.doFilter(SecurityContextHolderFilter.java:69)
	at org.springframework.security.web.FilterChainProxy$VirtualFilterChain.doFilter(FilterChainProxy.java:374)
	at org.springframework.security.web.context.request.async.WebAsyncManagerIntegrationFilter.doFilterInternal(WebAsyncManagerIntegrationFilter.java:62)
	at org.springframework.web.filter.OncePerRequestFilter.doFilter(OncePerRequestFilter.java:116)
	at org.springframework.security.web.FilterChainProxy$VirtualFilterChain.doFilter(FilterChainProxy.java:374)
	at org.springframework.security.web.session.DisableEncodeUrlFilter.doFilterInternal(DisableEncodeUrlFilter.java:42)
	at org.springframework.web.filter.OncePerRequestFilter.doFilter(OncePerRequestFilter.java:116)
	at org.springframework.security.web.FilterChainProxy$VirtualFilterChain.doFilter(FilterChainProxy.java:374)
	at org.springframework.security.web.FilterChainProxy.doFilterInternal(FilterChainProxy.java:233)
	at org.springframework.security.web.FilterChainProxy.doFilter(FilterChainProxy.java:191)
	at org.springframework.web.filter.CompositeFilter$VirtualFilterChain.doFilter(CompositeFilter.java:113)
	at org.springframework.web.filter.ServletRequestPathFilter.doFilter(ServletRequestPathFilter.java:52)
	at org.springframework.web.filter.CompositeFilter$VirtualFilterChain.doFilter(CompositeFilter.java:113)
	at org.springframework.web.filter.CompositeFilter.doFilter(CompositeFilter.java:74)
	at org.springframework.security.config.annotation.web.configuration.WebSecurityConfiguration$CompositeFilterChainProxy.doFilter(WebSecurityConfiguration.java:319)
	at org.springframework.web.filter.CompositeFilter$VirtualFilterChain.doFilter(CompositeFilter.java:113)
	at org.springframework.web.servlet.handler.HandlerMappingIntrospector.lambda$createCacheFilter$4(HandlerMappingIntrospector.java:267)
	at org.springframework.web.filter.CompositeFilter$VirtualFilterChain.doFilter(CompositeFilter.java:113)
	at org.springframework.web.filter.CompositeFilter.doFilter(CompositeFilter.java:74)
	at org.springframework.security.config.annotation.web.configuration.WebMvcSecurityConfiguration$CompositeFilterChainProxy.doFilter(WebMvcSecurityConfiguration.java:240)
	at org.springframework.web.filter.DelegatingFilterProxy.invokeDelegate(DelegatingFilterProxy.java:362)
	at org.springframework.web.filter.DelegatingFilterProxy.doFilter(DelegatingFilterProxy.java:278)
	at org.apache.catalina.core.ApplicationFilterChain.internalDoFilter(ApplicationFilterChain.java:164)
	at org.apache.catalina.core.ApplicationFilterChain.doFilter(ApplicationFilterChain.java:140)
	at org.springframework.web.filter.RequestContextFilter.doFilterInternal(RequestContextFilter.java:100)
	at org.springframework.web.filter.OncePerRequestFilter.doFilter(OncePerRequestFilter.java:116)
	at org.apache.catalina.core.ApplicationFilterChain.internalDoFilter(ApplicationFilterChain.java:164)
	at org.apache.catalina.core.ApplicationFilterChain.doFilter(ApplicationFilterChain.java:140)
	at org.springframework.web.filter.FormContentFilter.doFilterInternal(FormContentFilter.java:93)
	at org.springframework.web.filter.OncePerRequestFilter.doFilter(OncePerRequestFilter.java:116)
	at org.apache.catalina.core.ApplicationFilterChain.internalDoFilter(ApplicationFilterChain.java:164)
	at org.apache.catalina.core.ApplicationFilterChain.doFilter(ApplicationFilterChain.java:140)
	at org.springframework.web.filter.CharacterEncodingFilter.doFilterInternal(CharacterEncodingFilter.java:201)
	at org.springframework.web.filter.OncePerRequestFilter.doFilter(OncePerRequestFilter.java:116)
	at org.apache.catalina.core.ApplicationFilterChain.internalDoFilter(ApplicationFilterChain.java:164)
	at org.apache.catalina.core.ApplicationFilterChain.doFilter(ApplicationFilterChain.java:140)
	at org.apache.catalina.core.StandardWrapperValve.invoke(StandardWrapperValve.java:167)
	at org.apache.catalina.core.StandardContextValve.invoke(StandardContextValve.java:90)
	at org.apache.catalina.authenticator.AuthenticatorBase.invoke(AuthenticatorBase.java:483)
	at org.apache.catalina.core.StandardHostValve.invoke(StandardHostValve.java:116)
	at org.apache.catalina.valves.ErrorReportValve.invoke(ErrorReportValve.java:93)
	at org.apache.catalina.core.StandardEngineValve.invoke(StandardEngineValve.java:74)
	at org.apache.catalina.connector.CoyoteAdapter.service(CoyoteAdapter.java:344)
	at org.apache.coyote.http11.Http11Processor.service(Http11Processor.java:398)
	at org.apache.coyote.AbstractProcessorLight.process(AbstractProcessorLight.java:63)
	at org.apache.coyote.AbstractProtocol$ConnectionHandler.process(AbstractProtocol.java:903)
	at org.apache.tomcat.util.net.NioEndpoint$SocketProcessor.doRun(NioEndpoint.java:1769)
	at org.apache.tomcat.util.net.SocketProcessorBase.run(SocketProcessorBase.java:52)
	at org.apache.tomcat.util.threads.ThreadPoolExecutor.runWorker(ThreadPoolExecutor.java:1189)
	at org.apache.tomcat.util.threads.ThreadPoolExecutor$Worker.run(ThreadPoolExecutor.java:658)
	at org.apache.tomcat.util.threads.TaskThread$WrappingRunnable.run(TaskThread.java:63)
	at java.base/java.lang.Thread.run(Thread.java:842)
2025-08-03 23:31:49.851 [http-nio-9090-exec-8] DEBUG o.s.s.w.a.AnonymousAuthenticationFilter - Set SecurityContextHolder to anonymous SecurityContext
2025-08-03 23:31:49.852 [http-nio-9090-exec-8] DEBUG o.s.security.web.FilterChainProxy - Secured GET /api/analytics/orders/trends?vendorId=2&period=today
2025-08-03 23:31:49.852 [http-nio-9090-exec-8] DEBUG o.s.web.servlet.DispatcherServlet - GET "/api/analytics/orders/trends?vendorId=2&period=today", parameters={masked}
2025-08-03 23:31:49.853 [http-nio-9090-exec-8] DEBUG o.s.w.s.h.SimpleUrlHandlerMapping - Mapped to ResourceHttpRequestHandler [classpath [META-INF/resources/], classpath [resources/], classpath [static/], classpath [public/], ServletContext [/]]
2025-08-03 23:31:49.853 [http-nio-9090-exec-8] DEBUG o.s.o.j.s.OpenEntityManagerInViewInterceptor - Opening JPA EntityManager in OpenEntityManagerInViewInterceptor
2025-08-03 23:31:49.856 [http-nio-9090-exec-8] DEBUG o.s.w.s.r.ResourceHttpRequestHandler - Resource not found
2025-08-03 23:31:49.856 [http-nio-9090-exec-8] DEBUG o.s.w.s.m.m.a.ExceptionHandlerExceptionResolver - Using @ExceptionHandler com.example.crave.kitchen.portal.exception.GlobalExceptionHandler#handleGlobalException(Exception, WebRequest)
2025-08-03 23:31:49.857 [http-nio-9090-exec-8] DEBUG o.s.w.s.m.m.a.HttpEntityMethodProcessor - Using 'application/json', given [application/json] and supported [application/json, application/*+json]
2025-08-03 23:31:49.857 [http-nio-9090-exec-8] DEBUG o.s.w.s.m.m.a.HttpEntityMethodProcessor - Writing [ApiResponseDto(success=false, message=An unexpected error occurred, error=INTERNAL_SERVER_ERROR, tim (truncated)...]
2025-08-03 23:31:49.858 [http-nio-9090-exec-8] DEBUG o.s.w.s.m.m.a.ExceptionHandlerExceptionResolver - Resolved [org.springframework.web.servlet.resource.NoResourceFoundException: No static resource api/analytics/orders/trends.]
2025-08-03 23:31:49.858 [http-nio-9090-exec-8] DEBUG o.s.o.j.s.OpenEntityManagerInViewInterceptor - Closing JPA EntityManager in OpenEntityManagerInViewInterceptor
2025-08-03 23:31:49.859 [http-nio-9090-exec-8] DEBUG o.s.web.servlet.DispatcherServlet - Completed 500 INTERNAL_SERVER_ERROR
2025-08-03 23:31:49.997 [http-nio-9090-exec-1] DEBUG org.hibernate.SQL - 
    /* dynamic native SQL query */ SELECT
        COUNT(*) 
    FROM
        ck_menu_categories 
    WHERE
        vendor_id = ?
2025-08-03 23:31:49.998 [http-nio-9090-exec-3] DEBUG org.hibernate.SQL - 
    /* dynamic native SQL query */ SELECT
        COUNT(*) 
    FROM
        ck_menu_items m 
    WHERE
        m.vendor_id = ? 
        AND m.is_available = 1 
        AND (
            ? IS NULL 
            OR m.category_id = ?
        ) 
        AND (
            ? IS NULL 
            OR m.is_vegetarian = ?
        ) 
        AND (
            ? IS NULL 
            OR m.is_vegan = ?
        ) 
        AND (
            ? IS NULL 
            OR m.is_gluten_free = ?
        ) 
        AND (
            ? IS NULL 
            OR m.is_spicy = ?
        ) 
        AND (
            ? IS NULL 
            OR m.price >= ?
        ) 
        AND (
            ? IS NULL 
            OR m.price <= ?
        ) 
        AND (
            ? IS NULL 
            OR LOWER(m.name) LIKE LOWER('%' || ? || '%') 
            OR LOWER(m.description) LIKE LOWER('%' || ? || '%')
        )
2025-08-03 23:31:50.002 [http-nio-9090-exec-1] DEBUG c.e.c.k.portal.impl.MenuServiceImpl - Database query executed with filter type: ALL
2025-08-03 23:31:50.008 [http-nio-9090-exec-3] DEBUG o.s.orm.jpa.JpaTransactionManager - Found thread-bound EntityManager [SessionImpl(1101503382<open>)] for JPA transaction
2025-08-03 23:31:50.009 [http-nio-9090-exec-3] DEBUG o.s.orm.jpa.JpaTransactionManager - Participating in existing transaction
2025-08-03 23:31:50.038 [http-nio-9090-exec-3] DEBUG org.hibernate.SQL - 
    select
        mce1_0.id,
        mce1_0.created_at,
        mce1_0.description,
        mce1_0.display_order,
        mce1_0.image_url,
        mce1_0.is_active,
        mce1_0.is_featured,
        mce1_0.name,
        mce1_0.updated_at,
        mce1_0.vendor_id 
    from
        ck_menu_categories mce1_0 
    where
        mce1_0.id=?
2025-08-03 23:31:50.169 [http-nio-9090-exec-3] DEBUG org.hibernate.SQL - 
    /* <criteria> */ select
        miie1_0.id,
        miie1_0.alt_text,
        miie1_0.created_at,
        miie1_0.display_order,
        miie1_0.file_name,
        miie1_0.file_size_bytes,
        miie1_0.height_pixels,
        miie1_0.image_type,
        miie1_0.image_url,
        miie1_0.is_primary,
        miie1_0.menu_item_id,
        miie1_0.updated_at,
        miie1_0.width_pixels 
    from
        ck_menu_item_images miie1_0 
    where
        miie1_0.menu_item_id=? 
        and miie1_0.is_primary=?
2025-08-03 23:31:50.169 [http-nio-9090-exec-1] DEBUG org.hibernate.SQL - 
    /* <criteria> */ select
        count(mie1_0.id) 
    from
        ck_menu_items mie1_0 
    where
        mie1_0.category_id=?
2025-08-03 23:31:50.179 [http-nio-9090-exec-3] DEBUG o.s.orm.jpa.JpaTransactionManager - Found thread-bound EntityManager [SessionImpl(1101503382<open>)] for JPA transaction
2025-08-03 23:31:50.179 [http-nio-9090-exec-3] DEBUG o.s.orm.jpa.JpaTransactionManager - Participating in existing transaction
2025-08-03 23:31:50.180 [http-nio-9090-exec-3] DEBUG org.hibernate.SQL - 
    select
        mce1_0.id,
        mce1_0.created_at,
        mce1_0.description,
        mce1_0.display_order,
        mce1_0.image_url,
        mce1_0.is_active,
        mce1_0.is_featured,
        mce1_0.name,
        mce1_0.updated_at,
        mce1_0.vendor_id 
    from
        ck_menu_categories mce1_0 
    where
        mce1_0.id=?
2025-08-03 23:31:50.181 [http-nio-9090-exec-1] DEBUG org.hibernate.SQL - 
    /* <criteria> */ select
        count(mie1_0.id) 
    from
        ck_menu_items mie1_0 
    where
        mie1_0.category_id=?
2025-08-03 23:31:50.189 [http-nio-9090-exec-3] DEBUG org.hibernate.SQL - 
    /* <criteria> */ select
        miie1_0.id,
        miie1_0.alt_text,
        miie1_0.created_at,
        miie1_0.display_order,
        miie1_0.file_name,
        miie1_0.file_size_bytes,
        miie1_0.height_pixels,
        miie1_0.image_type,
        miie1_0.image_url,
        miie1_0.is_primary,
        miie1_0.menu_item_id,
        miie1_0.updated_at,
        miie1_0.width_pixels 
    from
        ck_menu_item_images miie1_0 
    where
        miie1_0.menu_item_id=? 
        and miie1_0.is_primary=?
2025-08-03 23:31:50.190 [http-nio-9090-exec-1] INFO  c.e.c.k.portal.impl.MenuServiceImpl - === SUCCESS ===
2025-08-03 23:31:50.191 [http-nio-9090-exec-1] INFO  c.e.c.k.portal.impl.MenuServiceImpl - Retrieved 2 categories for vendorId: 2 (Page 1 of 1)
2025-08-03 23:31:50.191 [http-nio-9090-exec-1] INFO  c.e.c.k.portal.impl.MenuServiceImpl - Categories in current page: 2
2025-08-03 23:31:50.191 [http-nio-9090-exec-1] DEBUG o.s.orm.jpa.JpaTransactionManager - Initiating transaction commit
2025-08-03 23:31:50.192 [http-nio-9090-exec-1] DEBUG o.s.orm.jpa.JpaTransactionManager - Committing JPA transaction on EntityManager [SessionImpl(985826869<open>)]
2025-08-03 23:31:50.192 [http-nio-9090-exec-3] INFO  c.e.c.k.portal.impl.MenuServiceImpl - Successfully fetched 2 menu items for vendorId: 2
2025-08-03 23:31:50.192 [http-nio-9090-exec-3] DEBUG o.s.orm.jpa.JpaTransactionManager - Initiating transaction commit
2025-08-03 23:31:50.192 [http-nio-9090-exec-3] DEBUG o.s.orm.jpa.JpaTransactionManager - Committing JPA transaction on EntityManager [SessionImpl(1101503382<open>)]
2025-08-03 23:31:50.197 [http-nio-9090-exec-1] DEBUG o.s.orm.jpa.JpaTransactionManager - Not closing pre-bound JPA EntityManager after transaction
2025-08-03 23:31:50.197 [http-nio-9090-exec-3] DEBUG o.s.orm.jpa.JpaTransactionManager - Not closing pre-bound JPA EntityManager after transaction
2025-08-03 23:31:50.197 [http-nio-9090-exec-1] INFO  c.e.c.k.p.controller.MenuController - === SUCCESS ===
2025-08-03 23:31:50.197 [http-nio-9090-exec-3] INFO  c.e.c.k.p.controller.MenuController - Successfully retrieved 2 menu items for vendorId: 2
2025-08-03 23:31:50.197 [http-nio-9090-exec-1] INFO  c.e.c.k.p.controller.MenuController - Retrieved 2 categories for vendorId: 2 (Page 1 of 1)
2025-08-03 23:31:50.197 [http-nio-9090-exec-1] INFO  c.e.c.k.p.controller.MenuController - Categories in current page: 2
2025-08-03 23:31:50.200 [http-nio-9090-exec-1] DEBUG o.s.w.s.m.m.a.HttpEntityMethodProcessor - Using 'application/json', given [application/json] and supported [application/json, application/*+json]
2025-08-03 23:31:50.200 [http-nio-9090-exec-3] DEBUG o.s.w.s.m.m.a.HttpEntityMethodProcessor - Using 'application/json', given [application/json] and supported [application/json, application/*+json]
2025-08-03 23:31:50.201 [http-nio-9090-exec-1] DEBUG o.s.w.s.m.m.a.HttpEntityMethodProcessor - Writing [ApiResponseDto(success=true, message=Categories retrieved successfully, error=null, timestamp=null,  (truncated)...]
2025-08-03 23:31:50.201 [http-nio-9090-exec-3] DEBUG o.s.w.s.m.m.a.HttpEntityMethodProcessor - Writing [ApiResponseDto(success=true, message=Menu items retrieved successfully, error=null, timestamp=null,  (truncated)...]
2025-08-03 23:31:50.208 [http-nio-9090-exec-1] WARN  o.s.d.w.c.SpringDataJacksonConfiguration$PageModule$WarningLoggingModifier - Serializing PageImpl instances as-is is not supported, meaning that there is no guarantee about the stability of the resulting JSON structure!
	For a stable JSON structure, please use Spring Data's PagedModel (globally via @EnableSpringDataWebSupport(pageSerializationMode = VIA_DTO))
	or Spring HATEOAS and Spring Data's PagedResourcesAssembler as documented in https://docs.spring.io/spring-data/commons/reference/repositories/core-extensions.html#core.web.pageables.

2025-08-03 23:31:50.236 [http-nio-9090-exec-1] DEBUG o.s.o.j.s.OpenEntityManagerInViewInterceptor - Closing JPA EntityManager in OpenEntityManagerInViewInterceptor
2025-08-03 23:31:50.236 [http-nio-9090-exec-3] DEBUG o.s.o.j.s.OpenEntityManagerInViewInterceptor - Closing JPA EntityManager in OpenEntityManagerInViewInterceptor
2025-08-03 23:31:50.237 [http-nio-9090-exec-1] DEBUG o.s.web.servlet.DispatcherServlet - Completed 200 OK
2025-08-03 23:31:50.237 [http-nio-9090-exec-3] DEBUG o.s.web.servlet.DispatcherServlet - Completed 200 OK
2025-08-03 23:31:53.989 [HikariPool-1:housekeeper] DEBUG com.zaxxer.hikari.pool.HikariPool - HikariPool-1 - Before cleanup stats (total=6/10, idle=6/5, active=0, waiting=0)
2025-08-03 23:31:53.990 [HikariPool-1:housekeeper] DEBUG com.zaxxer.hikari.pool.HikariPool - HikariPool-1 - After  cleanup stats (total=6/10, idle=6/5, active=0, waiting=0)
2025-08-03 23:31:53.990 [HikariPool-1:housekeeper] DEBUG com.zaxxer.hikari.pool.HikariPool - HikariPool-1 - Fill pool skipped, pool has sufficient level or currently being filled.
2025-08-03 23:32:00.273 [HikariPool-1:housekeeper] DEBUG com.zaxxer.hikari.pool.HikariPool - HikariPool-1 - keepalive: connection oracle.jdbc.driver.T4CConnection@70f933b3 is alive
2025-08-03 23:32:01.645 [HikariPool-1:housekeeper] DEBUG com.zaxxer.hikari.pool.HikariPool - HikariPool-1 - keepalive: connection oracle.jdbc.driver.T4CConnection@6533629 is alive
2025-08-03 23:32:07.624 [HikariPool-1:housekeeper] DEBUG com.zaxxer.hikari.pool.HikariPool - HikariPool-1 - keepalive: connection oracle.jdbc.driver.T4CConnection@1397aa25 is alive
2025-08-03 23:32:08.562 [http-nio-9090-exec-9] DEBUG o.s.security.web.FilterChainProxy - Securing GET /api/menu/categories?vendorId=2
2025-08-03 23:32:08.563 [http-nio-9090-exec-9] DEBUG c.e.c.k.p.c.JwtAuthenticationFilter - Extracted token from Bearer Authorization header
2025-08-03 23:32:08.564 [http-nio-9090-exec-10] DEBUG o.s.security.web.FilterChainProxy - Securing GET /api/menu/items?vendorId=2
2025-08-03 23:32:08.564 [http-nio-9090-exec-10] DEBUG c.e.c.k.p.c.JwtAuthenticationFilter - Extracted token from Bearer Authorization header
2025-08-03 23:32:08.565 [http-nio-9090-exec-9] WARN  c.e.c.k.p.service.JwtTokenService - JWT token is expired: JWT expired at 2025-08-03T17:14:14Z. Current time: 2025-08-03T18:02:08Z, a difference of 2844565 milliseconds.  Allowed clock skew: 30000 milliseconds.
2025-08-03 23:32:08.565 [http-nio-9090-exec-9] ERROR c.e.c.k.p.c.JwtAuthenticationFilter - Error processing JWT token
io.jsonwebtoken.ExpiredJwtException: JWT expired at 2025-08-03T17:14:14Z. Current time: 2025-08-03T18:02:08Z, a difference of 2844565 milliseconds.  Allowed clock skew: 30000 milliseconds.
	at io.jsonwebtoken.impl.DefaultJwtParser.parse(DefaultJwtParser.java:427)
	at io.jsonwebtoken.impl.DefaultJwtParser.parse(DefaultJwtParser.java:529)
	at io.jsonwebtoken.impl.DefaultJwtParser.parseClaimsJws(DefaultJwtParser.java:589)
	at io.jsonwebtoken.impl.ImmutableJwtParser.parseClaimsJws(ImmutableJwtParser.java:173)
	at com.example.crave.kitchen.portal.service.JwtTokenService.extractAllClaims(JwtTokenService.java:141)
	at com.example.crave.kitchen.portal.service.JwtTokenService.extractClaim(JwtTokenService.java:128)
	at com.example.crave.kitchen.portal.service.JwtTokenService.extractEmail(JwtTokenService.java:114)
	at com.example.crave.kitchen.portal.config.JwtAuthenticationFilter.doFilterInternal(JwtAuthenticationFilter.java:63)
	at org.springframework.web.filter.OncePerRequestFilter.doFilter(OncePerRequestFilter.java:116)
	at org.springframework.security.web.FilterChainProxy$VirtualFilterChain.doFilter(FilterChainProxy.java:374)
	at org.springframework.security.web.authentication.logout.LogoutFilter.doFilter(LogoutFilter.java:107)
	at org.springframework.security.web.authentication.logout.LogoutFilter.doFilter(LogoutFilter.java:93)
	at org.springframework.security.web.FilterChainProxy$VirtualFilterChain.doFilter(FilterChainProxy.java:374)
	at org.springframework.security.web.header.HeaderWriterFilter.doHeadersAfter(HeaderWriterFilter.java:90)
	at org.springframework.security.web.header.HeaderWriterFilter.doFilterInternal(HeaderWriterFilter.java:75)
	at org.springframework.web.filter.OncePerRequestFilter.doFilter(OncePerRequestFilter.java:116)
	at org.springframework.security.web.FilterChainProxy$VirtualFilterChain.doFilter(FilterChainProxy.java:374)
	at org.springframework.security.web.context.SecurityContextHolderFilter.doFilter(SecurityContextHolderFilter.java:82)
	at org.springframework.security.web.context.SecurityContextHolderFilter.doFilter(SecurityContextHolderFilter.java:69)
	at org.springframework.security.web.FilterChainProxy$VirtualFilterChain.doFilter(FilterChainProxy.java:374)
	at org.springframework.security.web.context.request.async.WebAsyncManagerIntegrationFilter.doFilterInternal(WebAsyncManagerIntegrationFilter.java:62)
	at org.springframework.web.filter.OncePerRequestFilter.doFilter(OncePerRequestFilter.java:116)
	at org.springframework.security.web.FilterChainProxy$VirtualFilterChain.doFilter(FilterChainProxy.java:374)
	at org.springframework.security.web.session.DisableEncodeUrlFilter.doFilterInternal(DisableEncodeUrlFilter.java:42)
	at org.springframework.web.filter.OncePerRequestFilter.doFilter(OncePerRequestFilter.java:116)
	at org.springframework.security.web.FilterChainProxy$VirtualFilterChain.doFilter(FilterChainProxy.java:374)
	at org.springframework.security.web.FilterChainProxy.doFilterInternal(FilterChainProxy.java:233)
	at org.springframework.security.web.FilterChainProxy.doFilter(FilterChainProxy.java:191)
	at org.springframework.web.filter.CompositeFilter$VirtualFilterChain.doFilter(CompositeFilter.java:113)
	at org.springframework.web.filter.ServletRequestPathFilter.doFilter(ServletRequestPathFilter.java:52)
	at org.springframework.web.filter.CompositeFilter$VirtualFilterChain.doFilter(CompositeFilter.java:113)
	at org.springframework.web.filter.CompositeFilter.doFilter(CompositeFilter.java:74)
	at org.springframework.security.config.annotation.web.configuration.WebSecurityConfiguration$CompositeFilterChainProxy.doFilter(WebSecurityConfiguration.java:319)
	at org.springframework.web.filter.CompositeFilter$VirtualFilterChain.doFilter(CompositeFilter.java:113)
	at org.springframework.web.servlet.handler.HandlerMappingIntrospector.lambda$createCacheFilter$4(HandlerMappingIntrospector.java:267)
	at org.springframework.web.filter.CompositeFilter$VirtualFilterChain.doFilter(CompositeFilter.java:113)
	at org.springframework.web.filter.CompositeFilter.doFilter(CompositeFilter.java:74)
	at org.springframework.security.config.annotation.web.configuration.WebMvcSecurityConfiguration$CompositeFilterChainProxy.doFilter(WebMvcSecurityConfiguration.java:240)
	at org.springframework.web.filter.DelegatingFilterProxy.invokeDelegate(DelegatingFilterProxy.java:362)
	at org.springframework.web.filter.DelegatingFilterProxy.doFilter(DelegatingFilterProxy.java:278)
	at org.apache.catalina.core.ApplicationFilterChain.internalDoFilter(ApplicationFilterChain.java:164)
	at org.apache.catalina.core.ApplicationFilterChain.doFilter(ApplicationFilterChain.java:140)
	at org.springframework.web.filter.RequestContextFilter.doFilterInternal(RequestContextFilter.java:100)
	at org.springframework.web.filter.OncePerRequestFilter.doFilter(OncePerRequestFilter.java:116)
	at org.apache.catalina.core.ApplicationFilterChain.internalDoFilter(ApplicationFilterChain.java:164)
	at org.apache.catalina.core.ApplicationFilterChain.doFilter(ApplicationFilterChain.java:140)
	at org.springframework.web.filter.FormContentFilter.doFilterInternal(FormContentFilter.java:93)
	at org.springframework.web.filter.OncePerRequestFilter.doFilter(OncePerRequestFilter.java:116)
	at org.apache.catalina.core.ApplicationFilterChain.internalDoFilter(ApplicationFilterChain.java:164)
	at org.apache.catalina.core.ApplicationFilterChain.doFilter(ApplicationFilterChain.java:140)
	at org.springframework.web.filter.CharacterEncodingFilter.doFilterInternal(CharacterEncodingFilter.java:201)
	at org.springframework.web.filter.OncePerRequestFilter.doFilter(OncePerRequestFilter.java:116)
	at org.apache.catalina.core.ApplicationFilterChain.internalDoFilter(ApplicationFilterChain.java:164)
	at org.apache.catalina.core.ApplicationFilterChain.doFilter(ApplicationFilterChain.java:140)
	at org.apache.catalina.core.StandardWrapperValve.invoke(StandardWrapperValve.java:167)
	at org.apache.catalina.core.StandardContextValve.invoke(StandardContextValve.java:90)
	at org.apache.catalina.authenticator.AuthenticatorBase.invoke(AuthenticatorBase.java:483)
	at org.apache.catalina.core.StandardHostValve.invoke(StandardHostValve.java:116)
	at org.apache.catalina.valves.ErrorReportValve.invoke(ErrorReportValve.java:93)
	at org.apache.catalina.core.StandardEngineValve.invoke(StandardEngineValve.java:74)
	at org.apache.catalina.connector.CoyoteAdapter.service(CoyoteAdapter.java:344)
	at org.apache.coyote.http11.Http11Processor.service(Http11Processor.java:398)
	at org.apache.coyote.AbstractProcessorLight.process(AbstractProcessorLight.java:63)
	at org.apache.coyote.AbstractProtocol$ConnectionHandler.process(AbstractProtocol.java:903)
	at org.apache.tomcat.util.net.NioEndpoint$SocketProcessor.doRun(NioEndpoint.java:1769)
	at org.apache.tomcat.util.net.SocketProcessorBase.run(SocketProcessorBase.java:52)
	at org.apache.tomcat.util.threads.ThreadPoolExecutor.runWorker(ThreadPoolExecutor.java:1189)
	at org.apache.tomcat.util.threads.ThreadPoolExecutor$Worker.run(ThreadPoolExecutor.java:658)
	at org.apache.tomcat.util.threads.TaskThread$WrappingRunnable.run(TaskThread.java:63)
	at java.base/java.lang.Thread.run(Thread.java:842)
2025-08-03 23:32:08.566 [http-nio-9090-exec-9] DEBUG o.s.s.w.a.AnonymousAuthenticationFilter - Set SecurityContextHolder to anonymous SecurityContext
2025-08-03 23:32:08.566 [http-nio-9090-exec-9] DEBUG o.s.security.web.FilterChainProxy - Secured GET /api/menu/categories?vendorId=2
2025-08-03 23:32:08.566 [http-nio-9090-exec-9] DEBUG o.s.web.servlet.DispatcherServlet - GET "/api/menu/categories?vendorId=2", parameters={masked}
2025-08-03 23:32:08.566 [http-nio-9090-exec-9] TRACE o.s.w.s.m.m.a.RequestMappingHandlerMapping - Mapped to com.example.crave.kitchen.portal.controller.MenuController#getAllCategories(Long, Boolean, Boolean, int, int, String, String)
2025-08-03 23:32:08.566 [http-nio-9090-exec-10] WARN  c.e.c.k.p.service.JwtTokenService - JWT token is expired: JWT expired at 2025-08-03T17:14:14Z. Current time: 2025-08-03T18:02:08Z, a difference of 2844566 milliseconds.  Allowed clock skew: 30000 milliseconds.
2025-08-03 23:32:08.566 [http-nio-9090-exec-9] DEBUG o.s.o.j.s.OpenEntityManagerInViewInterceptor - Opening JPA EntityManager in OpenEntityManagerInViewInterceptor
2025-08-03 23:32:08.566 [http-nio-9090-exec-10] ERROR c.e.c.k.p.c.JwtAuthenticationFilter - Error processing JWT token
io.jsonwebtoken.ExpiredJwtException: JWT expired at 2025-08-03T17:14:14Z. Current time: 2025-08-03T18:02:08Z, a difference of 2844566 milliseconds.  Allowed clock skew: 30000 milliseconds.
	at io.jsonwebtoken.impl.DefaultJwtParser.parse(DefaultJwtParser.java:427)
	at io.jsonwebtoken.impl.DefaultJwtParser.parse(DefaultJwtParser.java:529)
	at io.jsonwebtoken.impl.DefaultJwtParser.parseClaimsJws(DefaultJwtParser.java:589)
	at io.jsonwebtoken.impl.ImmutableJwtParser.parseClaimsJws(ImmutableJwtParser.java:173)
	at com.example.crave.kitchen.portal.service.JwtTokenService.extractAllClaims(JwtTokenService.java:141)
	at com.example.crave.kitchen.portal.service.JwtTokenService.extractClaim(JwtTokenService.java:128)
	at com.example.crave.kitchen.portal.service.JwtTokenService.extractEmail(JwtTokenService.java:114)
	at com.example.crave.kitchen.portal.config.JwtAuthenticationFilter.doFilterInternal(JwtAuthenticationFilter.java:63)
	at org.springframework.web.filter.OncePerRequestFilter.doFilter(OncePerRequestFilter.java:116)
	at org.springframework.security.web.FilterChainProxy$VirtualFilterChain.doFilter(FilterChainProxy.java:374)
	at org.springframework.security.web.authentication.logout.LogoutFilter.doFilter(LogoutFilter.java:107)
	at org.springframework.security.web.authentication.logout.LogoutFilter.doFilter(LogoutFilter.java:93)
	at org.springframework.security.web.FilterChainProxy$VirtualFilterChain.doFilter(FilterChainProxy.java:374)
	at org.springframework.security.web.header.HeaderWriterFilter.doHeadersAfter(HeaderWriterFilter.java:90)
	at org.springframework.security.web.header.HeaderWriterFilter.doFilterInternal(HeaderWriterFilter.java:75)
	at org.springframework.web.filter.OncePerRequestFilter.doFilter(OncePerRequestFilter.java:116)
	at org.springframework.security.web.FilterChainProxy$VirtualFilterChain.doFilter(FilterChainProxy.java:374)
	at org.springframework.security.web.context.SecurityContextHolderFilter.doFilter(SecurityContextHolderFilter.java:82)
	at org.springframework.security.web.context.SecurityContextHolderFilter.doFilter(SecurityContextHolderFilter.java:69)
	at org.springframework.security.web.FilterChainProxy$VirtualFilterChain.doFilter(FilterChainProxy.java:374)
	at org.springframework.security.web.context.request.async.WebAsyncManagerIntegrationFilter.doFilterInternal(WebAsyncManagerIntegrationFilter.java:62)
	at org.springframework.web.filter.OncePerRequestFilter.doFilter(OncePerRequestFilter.java:116)
	at org.springframework.security.web.FilterChainProxy$VirtualFilterChain.doFilter(FilterChainProxy.java:374)
	at org.springframework.security.web.session.DisableEncodeUrlFilter.doFilterInternal(DisableEncodeUrlFilter.java:42)
	at org.springframework.web.filter.OncePerRequestFilter.doFilter(OncePerRequestFilter.java:116)
	at org.springframework.security.web.FilterChainProxy$VirtualFilterChain.doFilter(FilterChainProxy.java:374)
	at org.springframework.security.web.FilterChainProxy.doFilterInternal(FilterChainProxy.java:233)
	at org.springframework.security.web.FilterChainProxy.doFilter(FilterChainProxy.java:191)
	at org.springframework.web.filter.CompositeFilter$VirtualFilterChain.doFilter(CompositeFilter.java:113)
	at org.springframework.web.filter.ServletRequestPathFilter.doFilter(ServletRequestPathFilter.java:52)
	at org.springframework.web.filter.CompositeFilter$VirtualFilterChain.doFilter(CompositeFilter.java:113)
	at org.springframework.web.filter.CompositeFilter.doFilter(CompositeFilter.java:74)
	at org.springframework.security.config.annotation.web.configuration.WebSecurityConfiguration$CompositeFilterChainProxy.doFilter(WebSecurityConfiguration.java:319)
	at org.springframework.web.filter.CompositeFilter$VirtualFilterChain.doFilter(CompositeFilter.java:113)
	at org.springframework.web.servlet.handler.HandlerMappingIntrospector.lambda$createCacheFilter$4(HandlerMappingIntrospector.java:267)
	at org.springframework.web.filter.CompositeFilter$VirtualFilterChain.doFilter(CompositeFilter.java:113)
	at org.springframework.web.filter.CompositeFilter.doFilter(CompositeFilter.java:74)
	at org.springframework.security.config.annotation.web.configuration.WebMvcSecurityConfiguration$CompositeFilterChainProxy.doFilter(WebMvcSecurityConfiguration.java:240)
	at org.springframework.web.filter.DelegatingFilterProxy.invokeDelegate(DelegatingFilterProxy.java:362)
	at org.springframework.web.filter.DelegatingFilterProxy.doFilter(DelegatingFilterProxy.java:278)
	at org.apache.catalina.core.ApplicationFilterChain.internalDoFilter(ApplicationFilterChain.java:164)
	at org.apache.catalina.core.ApplicationFilterChain.doFilter(ApplicationFilterChain.java:140)
	at org.springframework.web.filter.RequestContextFilter.doFilterInternal(RequestContextFilter.java:100)
	at org.springframework.web.filter.OncePerRequestFilter.doFilter(OncePerRequestFilter.java:116)
	at org.apache.catalina.core.ApplicationFilterChain.internalDoFilter(ApplicationFilterChain.java:164)
	at org.apache.catalina.core.ApplicationFilterChain.doFilter(ApplicationFilterChain.java:140)
	at org.springframework.web.filter.FormContentFilter.doFilterInternal(FormContentFilter.java:93)
	at org.springframework.web.filter.OncePerRequestFilter.doFilter(OncePerRequestFilter.java:116)
	at org.apache.catalina.core.ApplicationFilterChain.internalDoFilter(ApplicationFilterChain.java:164)
	at org.apache.catalina.core.ApplicationFilterChain.doFilter(ApplicationFilterChain.java:140)
	at org.springframework.web.filter.CharacterEncodingFilter.doFilterInternal(CharacterEncodingFilter.java:201)
	at org.springframework.web.filter.OncePerRequestFilter.doFilter(OncePerRequestFilter.java:116)
	at org.apache.catalina.core.ApplicationFilterChain.internalDoFilter(ApplicationFilterChain.java:164)
	at org.apache.catalina.core.ApplicationFilterChain.doFilter(ApplicationFilterChain.java:140)
	at org.apache.catalina.core.StandardWrapperValve.invoke(StandardWrapperValve.java:167)
	at org.apache.catalina.core.StandardContextValve.invoke(StandardContextValve.java:90)
	at org.apache.catalina.authenticator.AuthenticatorBase.invoke(AuthenticatorBase.java:483)
	at org.apache.catalina.core.StandardHostValve.invoke(StandardHostValve.java:116)
	at org.apache.catalina.valves.ErrorReportValve.invoke(ErrorReportValve.java:93)
	at org.apache.catalina.core.StandardEngineValve.invoke(StandardEngineValve.java:74)
	at org.apache.catalina.connector.CoyoteAdapter.service(CoyoteAdapter.java:344)
	at org.apache.coyote.http11.Http11Processor.service(Http11Processor.java:398)
	at org.apache.coyote.AbstractProcessorLight.process(AbstractProcessorLight.java:63)
	at org.apache.coyote.AbstractProtocol$ConnectionHandler.process(AbstractProtocol.java:903)
	at org.apache.tomcat.util.net.NioEndpoint$SocketProcessor.doRun(NioEndpoint.java:1769)
	at org.apache.tomcat.util.net.SocketProcessorBase.run(SocketProcessorBase.java:52)
	at org.apache.tomcat.util.threads.ThreadPoolExecutor.runWorker(ThreadPoolExecutor.java:1189)
	at org.apache.tomcat.util.threads.ThreadPoolExecutor$Worker.run(ThreadPoolExecutor.java:658)
	at org.apache.tomcat.util.threads.TaskThread$WrappingRunnable.run(TaskThread.java:63)
	at java.base/java.lang.Thread.run(Thread.java:842)
2025-08-03 23:32:08.567 [http-nio-9090-exec-10] DEBUG o.s.s.w.a.AnonymousAuthenticationFilter - Set SecurityContextHolder to anonymous SecurityContext
2025-08-03 23:32:08.567 [http-nio-9090-exec-10] DEBUG o.s.security.web.FilterChainProxy - Secured GET /api/menu/items?vendorId=2
2025-08-03 23:32:08.567 [http-nio-9090-exec-10] DEBUG o.s.web.servlet.DispatcherServlet - GET "/api/menu/items?vendorId=2", parameters={masked}
2025-08-03 23:32:08.567 [http-nio-9090-exec-10] TRACE o.s.w.s.m.m.a.RequestMappingHandlerMapping - Mapped to com.example.crave.kitchen.portal.controller.MenuController#getAllMenuItems(Long, Long, Boolean, Boolean, Boolean, Boolean, Boolean, Boolean, BigDecimal, BigDecimal, String, int, int, String, String)
2025-08-03 23:32:08.567 [http-nio-9090-exec-10] DEBUG o.s.o.j.s.OpenEntityManagerInViewInterceptor - Opening JPA EntityManager in OpenEntityManagerInViewInterceptor
2025-08-03 23:32:08.568 [http-nio-9090-exec-9] INFO  c.e.c.k.p.controller.MenuController - === MENU CATEGORIES - GET ALL ===
2025-08-03 23:32:08.568 [http-nio-9090-exec-9] INFO  c.e.c.k.p.controller.MenuController - Request Parameters - vendorId: 2, isActive: null, isFeatured: null, page: 0, size: 20, sortBy: displayOrder, sortDir: asc
2025-08-03 23:32:08.568 [http-nio-9090-exec-9] INFO  c.e.c.k.p.controller.MenuController - Request URL: GET /api/menu/categories
2025-08-03 23:32:08.568 [http-nio-9090-exec-9] DEBUG o.s.orm.jpa.JpaTransactionManager - Found thread-bound EntityManager [SessionImpl(1299699596<open>)] for JPA transaction
2025-08-03 23:32:08.568 [http-nio-9090-exec-9] DEBUG o.s.orm.jpa.JpaTransactionManager - Creating new transaction with name [com.example.crave.kitchen.portal.impl.MenuServiceImpl.getAllCategories]: PROPAGATION_REQUIRED,ISOLATION_DEFAULT
2025-08-03 23:32:08.569 [http-nio-9090-exec-10] INFO  c.e.c.k.p.controller.MenuController - GET /api/menu/items - vendorId: 2, categoryId: null, isAvailable: null, isFeatured: null, isVegetarian: null, isVegan: null, isGlutenFree: null, isSpicy: null, minPrice: null, maxPrice: null, searchTerm: null, page: 0, size: 20, sortBy: displayOrder, sortDir: asc
2025-08-03 23:32:08.569 [http-nio-9090-exec-10] DEBUG o.s.orm.jpa.JpaTransactionManager - Found thread-bound EntityManager [SessionImpl(181606709<open>)] for JPA transaction
2025-08-03 23:32:08.569 [http-nio-9090-exec-10] DEBUG o.s.orm.jpa.JpaTransactionManager - Creating new transaction with name [com.example.crave.kitchen.portal.impl.MenuServiceImpl.getAllMenuItems]: PROPAGATION_REQUIRED,ISOLATION_DEFAULT
2025-08-03 23:32:08.569 [http-nio-9090-exec-9] DEBUG o.s.orm.jpa.JpaTransactionManager - Exposing JPA transaction as JDBC [org.springframework.orm.jpa.vendor.HibernateJpaDialect$HibernateConnectionHandle@362529d8]
2025-08-03 23:32:08.569 [http-nio-9090-exec-9] INFO  c.e.c.k.portal.impl.MenuServiceImpl - === MENU SERVICE - GET ALL CATEGORIES ===
2025-08-03 23:32:08.569 [http-nio-9090-exec-9] INFO  c.e.c.k.portal.impl.MenuServiceImpl - Parameters - vendorId: 2, isActive: null, isFeatured: null, page: 0, size: 20
2025-08-03 23:32:08.569 [http-nio-9090-exec-9] DEBUG c.e.c.k.portal.impl.MenuServiceImpl - Pagination parameters - minRow: 0, maxRow: 20, pageSize: 20
2025-08-03 23:32:08.570 [http-nio-9090-exec-10] DEBUG o.s.orm.jpa.JpaTransactionManager - Exposing JPA transaction as JDBC [org.springframework.orm.jpa.vendor.HibernateJpaDialect$HibernateConnectionHandle@374d0640]
2025-08-03 23:32:08.570 [http-nio-9090-exec-10] INFO  c.e.c.k.portal.impl.MenuServiceImpl - Fetching menu items for vendorId: 2, categoryId: null, isAvailable: null, isFeatured: null, isVegetarian: null, isVegan: null, isGlutenFree: null, isSpicy: null, minPrice: null, maxPrice: null, searchTerm: null, page: 0, size: 20
2025-08-03 23:32:08.570 [http-nio-9090-exec-10] DEBUG c.e.c.k.portal.impl.MenuServiceImpl - Oracle pagination parameters - minRow: 0, maxRow: 20, pageSize: 20
2025-08-03 23:32:08.570 [http-nio-9090-exec-9] DEBUG org.hibernate.SQL - 
    /* dynamic native SQL query */ SELECT
        * 
    FROM
        (SELECT
            a.*,
            ROWNUM rnum 
        FROM
            (SELECT
                * 
            FROM
                ck_menu_categories 
            WHERE
                vendor_id = ? 
            ORDER BY
                display_order ASC) a 
        WHERE
            ROWNUM <= ?) 
    WHERE
        rnum > ?
2025-08-03 23:32:08.571 [http-nio-9090-exec-10] DEBUG org.hibernate.SQL - 
    /* dynamic native SQL query */ SELECT
        * 
    FROM
        (SELECT
            a.*,
            ROWNUM rnum 
        FROM
            (SELECT
                m.* 
            FROM
                ck_menu_items m 
            WHERE
                m.vendor_id = ? 
                AND m.is_available = 1 
                AND (
                    ? IS NULL 
                    OR m.category_id = ?
                ) 
                AND (
                    ? IS NULL 
                    OR m.is_vegetarian = ?
                ) 
                AND (
                    ? IS NULL 
                    OR m.is_vegan = ?
                ) 
                AND (
                    ? IS NULL 
                    OR m.is_gluten_free = ?
                ) 
                AND (
                    ? IS NULL 
                    OR m.is_spicy = ?
                ) 
                AND (
                    ? IS NULL 
                    OR m.price >= ?
                ) 
                AND (
                    ? IS NULL 
                    OR m.price <= ?
                ) 
                AND (
                    ? IS NULL 
                    OR LOWER(m.name) LIKE LOWER('%' || ? || '%') 
                    OR LOWER(m.description) LIKE LOWER('%' || ? || '%')
                ) 
            ORDER BY
                m.display_order ASC) a 
        WHERE
            ROWNUM <= ?) 
    WHERE
        rnum > ?
2025-08-03 23:32:08.573 [http-nio-9090-exec-9] DEBUG org.hibernate.SQL - 
    /* dynamic native SQL query */ SELECT
        COUNT(*) 
    FROM
        ck_menu_categories 
    WHERE
        vendor_id = ?
2025-08-03 23:32:08.574 [http-nio-9090-exec-9] DEBUG c.e.c.k.portal.impl.MenuServiceImpl - Database query executed with filter type: ALL
2025-08-03 23:32:08.575 [http-nio-9090-exec-9] DEBUG org.hibernate.SQL - 
    /* <criteria> */ select
        count(mie1_0.id) 
    from
        ck_menu_items mie1_0 
    where
        mie1_0.category_id=?
2025-08-03 23:32:08.576 [http-nio-9090-exec-10] DEBUG org.hibernate.SQL - 
    /* dynamic native SQL query */ SELECT
        COUNT(*) 
    FROM
        ck_menu_items m 
    WHERE
        m.vendor_id = ? 
        AND m.is_available = 1 
        AND (
            ? IS NULL 
            OR m.category_id = ?
        ) 
        AND (
            ? IS NULL 
            OR m.is_vegetarian = ?
        ) 
        AND (
            ? IS NULL 
            OR m.is_vegan = ?
        ) 
        AND (
            ? IS NULL 
            OR m.is_gluten_free = ?
        ) 
        AND (
            ? IS NULL 
            OR m.is_spicy = ?
        ) 
        AND (
            ? IS NULL 
            OR m.price >= ?
        ) 
        AND (
            ? IS NULL 
            OR m.price <= ?
        ) 
        AND (
            ? IS NULL 
            OR LOWER(m.name) LIKE LOWER('%' || ? || '%') 
            OR LOWER(m.description) LIKE LOWER('%' || ? || '%')
        )
2025-08-03 23:32:08.577 [http-nio-9090-exec-10] DEBUG o.s.orm.jpa.JpaTransactionManager - Found thread-bound EntityManager [SessionImpl(181606709<open>)] for JPA transaction
2025-08-03 23:32:08.578 [http-nio-9090-exec-10] DEBUG o.s.orm.jpa.JpaTransactionManager - Participating in existing transaction
2025-08-03 23:32:08.578 [http-nio-9090-exec-10] DEBUG org.hibernate.SQL - 
    select
        mce1_0.id,
        mce1_0.created_at,
        mce1_0.description,
        mce1_0.display_order,
        mce1_0.image_url,
        mce1_0.is_active,
        mce1_0.is_featured,
        mce1_0.name,
        mce1_0.updated_at,
        mce1_0.vendor_id 
    from
        ck_menu_categories mce1_0 
    where
        mce1_0.id=?
2025-08-03 23:32:08.579 [http-nio-9090-exec-9] DEBUG org.hibernate.SQL - 
    /* <criteria> */ select
        count(mie1_0.id) 
    from
        ck_menu_items mie1_0 
    where
        mie1_0.category_id=?
2025-08-03 23:32:08.580 [http-nio-9090-exec-9] INFO  c.e.c.k.portal.impl.MenuServiceImpl - === SUCCESS ===
2025-08-03 23:32:08.580 [http-nio-9090-exec-9] INFO  c.e.c.k.portal.impl.MenuServiceImpl - Retrieved 2 categories for vendorId: 2 (Page 1 of 1)
2025-08-03 23:32:08.580 [http-nio-9090-exec-9] INFO  c.e.c.k.portal.impl.MenuServiceImpl - Categories in current page: 2
2025-08-03 23:32:08.580 [http-nio-9090-exec-9] DEBUG o.s.orm.jpa.JpaTransactionManager - Initiating transaction commit
2025-08-03 23:32:08.580 [http-nio-9090-exec-9] DEBUG o.s.orm.jpa.JpaTransactionManager - Committing JPA transaction on EntityManager [SessionImpl(1299699596<open>)]
2025-08-03 23:32:08.581 [http-nio-9090-exec-9] DEBUG o.s.orm.jpa.JpaTransactionManager - Not closing pre-bound JPA EntityManager after transaction
2025-08-03 23:32:08.581 [http-nio-9090-exec-9] INFO  c.e.c.k.p.controller.MenuController - === SUCCESS ===
2025-08-03 23:32:08.581 [http-nio-9090-exec-9] INFO  c.e.c.k.p.controller.MenuController - Retrieved 2 categories for vendorId: 2 (Page 1 of 1)
2025-08-03 23:32:08.581 [http-nio-9090-exec-9] INFO  c.e.c.k.p.controller.MenuController - Categories in current page: 2
2025-08-03 23:32:08.582 [http-nio-9090-exec-9] DEBUG o.s.w.s.m.m.a.HttpEntityMethodProcessor - Using 'application/json', given [application/json] and supported [application/json, application/*+json]
2025-08-03 23:32:08.583 [http-nio-9090-exec-9] DEBUG o.s.w.s.m.m.a.HttpEntityMethodProcessor - Writing [ApiResponseDto(success=true, message=Categories retrieved successfully, error=null, timestamp=null,  (truncated)...]
2025-08-03 23:32:08.583 [http-nio-9090-exec-10] DEBUG org.hibernate.SQL - 
    /* <criteria> */ select
        miie1_0.id,
        miie1_0.alt_text,
        miie1_0.created_at,
        miie1_0.display_order,
        miie1_0.file_name,
        miie1_0.file_size_bytes,
        miie1_0.height_pixels,
        miie1_0.image_type,
        miie1_0.image_url,
        miie1_0.is_primary,
        miie1_0.menu_item_id,
        miie1_0.updated_at,
        miie1_0.width_pixels 
    from
        ck_menu_item_images miie1_0 
    where
        miie1_0.menu_item_id=? 
        and miie1_0.is_primary=?
2025-08-03 23:32:08.584 [http-nio-9090-exec-9] DEBUG o.s.o.j.s.OpenEntityManagerInViewInterceptor - Closing JPA EntityManager in OpenEntityManagerInViewInterceptor
2025-08-03 23:32:08.585 [http-nio-9090-exec-9] DEBUG o.s.web.servlet.DispatcherServlet - Completed 200 OK
2025-08-03 23:32:08.585 [http-nio-9090-exec-10] DEBUG o.s.orm.jpa.JpaTransactionManager - Found thread-bound EntityManager [SessionImpl(181606709<open>)] for JPA transaction
2025-08-03 23:32:08.585 [http-nio-9090-exec-10] DEBUG o.s.orm.jpa.JpaTransactionManager - Participating in existing transaction
2025-08-03 23:32:08.586 [http-nio-9090-exec-10] DEBUG org.hibernate.SQL - 
    select
        mce1_0.id,
        mce1_0.created_at,
        mce1_0.description,
        mce1_0.display_order,
        mce1_0.image_url,
        mce1_0.is_active,
        mce1_0.is_featured,
        mce1_0.name,
        mce1_0.updated_at,
        mce1_0.vendor_id 
    from
        ck_menu_categories mce1_0 
    where
        mce1_0.id=?
2025-08-03 23:32:08.596 [http-nio-9090-exec-10] DEBUG org.hibernate.SQL - 
    /* <criteria> */ select
        miie1_0.id,
        miie1_0.alt_text,
        miie1_0.created_at,
        miie1_0.display_order,
        miie1_0.file_name,
        miie1_0.file_size_bytes,
        miie1_0.height_pixels,
        miie1_0.image_type,
        miie1_0.image_url,
        miie1_0.is_primary,
        miie1_0.menu_item_id,
        miie1_0.updated_at,
        miie1_0.width_pixels 
    from
        ck_menu_item_images miie1_0 
    where
        miie1_0.menu_item_id=? 
        and miie1_0.is_primary=?
2025-08-03 23:32:08.600 [http-nio-9090-exec-10] INFO  c.e.c.k.portal.impl.MenuServiceImpl - Successfully fetched 2 menu items for vendorId: 2
2025-08-03 23:32:08.600 [http-nio-9090-exec-10] DEBUG o.s.orm.jpa.JpaTransactionManager - Initiating transaction commit
2025-08-03 23:32:08.600 [http-nio-9090-exec-10] DEBUG o.s.orm.jpa.JpaTransactionManager - Committing JPA transaction on EntityManager [SessionImpl(181606709<open>)]
2025-08-03 23:32:08.601 [http-nio-9090-exec-10] DEBUG o.s.orm.jpa.JpaTransactionManager - Not closing pre-bound JPA EntityManager after transaction
2025-08-03 23:32:08.601 [http-nio-9090-exec-10] INFO  c.e.c.k.p.controller.MenuController - Successfully retrieved 2 menu items for vendorId: 2
2025-08-03 23:32:08.602 [http-nio-9090-exec-10] DEBUG o.s.w.s.m.m.a.HttpEntityMethodProcessor - Using 'application/json', given [application/json] and supported [application/json, application/*+json]
2025-08-03 23:32:08.602 [http-nio-9090-exec-10] DEBUG o.s.w.s.m.m.a.HttpEntityMethodProcessor - Writing [ApiResponseDto(success=true, message=Menu items retrieved successfully, error=null, timestamp=null,  (truncated)...]
2025-08-03 23:32:08.604 [http-nio-9090-exec-10] DEBUG o.s.o.j.s.OpenEntityManagerInViewInterceptor - Closing JPA EntityManager in OpenEntityManagerInViewInterceptor
2025-08-03 23:32:08.604 [http-nio-9090-exec-10] DEBUG o.s.web.servlet.DispatcherServlet - Completed 200 OK
2025-08-03 23:32:12.708 [HikariPool-1:housekeeper] DEBUG com.zaxxer.hikari.pool.HikariPool - HikariPool-1 - keepalive: connection oracle.jdbc.driver.T4CConnection@b5009fc is alive
2025-08-03 23:32:12.781 [http-nio-9090-exec-6] DEBUG o.s.security.web.FilterChainProxy - Securing GET /api/menu/categories?vendorId=2
2025-08-03 23:32:12.781 [http-nio-9090-exec-6] DEBUG c.e.c.k.p.c.JwtAuthenticationFilter - Extracted token from Bearer Authorization header
2025-08-03 23:32:12.784 [http-nio-9090-exec-6] WARN  c.e.c.k.p.service.JwtTokenService - JWT token is expired: JWT expired at 2025-08-03T17:14:14Z. Current time: 2025-08-03T18:02:12Z, a difference of 2848783 milliseconds.  Allowed clock skew: 30000 milliseconds.
2025-08-03 23:32:12.784 [http-nio-9090-exec-6] ERROR c.e.c.k.p.c.JwtAuthenticationFilter - Error processing JWT token
io.jsonwebtoken.ExpiredJwtException: JWT expired at 2025-08-03T17:14:14Z. Current time: 2025-08-03T18:02:12Z, a difference of 2848783 milliseconds.  Allowed clock skew: 30000 milliseconds.
	at io.jsonwebtoken.impl.DefaultJwtParser.parse(DefaultJwtParser.java:427)
	at io.jsonwebtoken.impl.DefaultJwtParser.parse(DefaultJwtParser.java:529)
	at io.jsonwebtoken.impl.DefaultJwtParser.parseClaimsJws(DefaultJwtParser.java:589)
	at io.jsonwebtoken.impl.ImmutableJwtParser.parseClaimsJws(ImmutableJwtParser.java:173)
	at com.example.crave.kitchen.portal.service.JwtTokenService.extractAllClaims(JwtTokenService.java:141)
	at com.example.crave.kitchen.portal.service.JwtTokenService.extractClaim(JwtTokenService.java:128)
	at com.example.crave.kitchen.portal.service.JwtTokenService.extractEmail(JwtTokenService.java:114)
	at com.example.crave.kitchen.portal.config.JwtAuthenticationFilter.doFilterInternal(JwtAuthenticationFilter.java:63)
	at org.springframework.web.filter.OncePerRequestFilter.doFilter(OncePerRequestFilter.java:116)
	at org.springframework.security.web.FilterChainProxy$VirtualFilterChain.doFilter(FilterChainProxy.java:374)
	at org.springframework.security.web.authentication.logout.LogoutFilter.doFilter(LogoutFilter.java:107)
	at org.springframework.security.web.authentication.logout.LogoutFilter.doFilter(LogoutFilter.java:93)
	at org.springframework.security.web.FilterChainProxy$VirtualFilterChain.doFilter(FilterChainProxy.java:374)
	at org.springframework.security.web.header.HeaderWriterFilter.doHeadersAfter(HeaderWriterFilter.java:90)
	at org.springframework.security.web.header.HeaderWriterFilter.doFilterInternal(HeaderWriterFilter.java:75)
	at org.springframework.web.filter.OncePerRequestFilter.doFilter(OncePerRequestFilter.java:116)
	at org.springframework.security.web.FilterChainProxy$VirtualFilterChain.doFilter(FilterChainProxy.java:374)
	at org.springframework.security.web.context.SecurityContextHolderFilter.doFilter(SecurityContextHolderFilter.java:82)
	at org.springframework.security.web.context.SecurityContextHolderFilter.doFilter(SecurityContextHolderFilter.java:69)
	at org.springframework.security.web.FilterChainProxy$VirtualFilterChain.doFilter(FilterChainProxy.java:374)
	at org.springframework.security.web.context.request.async.WebAsyncManagerIntegrationFilter.doFilterInternal(WebAsyncManagerIntegrationFilter.java:62)
	at org.springframework.web.filter.OncePerRequestFilter.doFilter(OncePerRequestFilter.java:116)
	at org.springframework.security.web.FilterChainProxy$VirtualFilterChain.doFilter(FilterChainProxy.java:374)
	at org.springframework.security.web.session.DisableEncodeUrlFilter.doFilterInternal(DisableEncodeUrlFilter.java:42)
	at org.springframework.web.filter.OncePerRequestFilter.doFilter(OncePerRequestFilter.java:116)
	at org.springframework.security.web.FilterChainProxy$VirtualFilterChain.doFilter(FilterChainProxy.java:374)
	at org.springframework.security.web.FilterChainProxy.doFilterInternal(FilterChainProxy.java:233)
	at org.springframework.security.web.FilterChainProxy.doFilter(FilterChainProxy.java:191)
	at org.springframework.web.filter.CompositeFilter$VirtualFilterChain.doFilter(CompositeFilter.java:113)
	at org.springframework.web.filter.ServletRequestPathFilter.doFilter(ServletRequestPathFilter.java:52)
	at org.springframework.web.filter.CompositeFilter$VirtualFilterChain.doFilter(CompositeFilter.java:113)
	at org.springframework.web.filter.CompositeFilter.doFilter(CompositeFilter.java:74)
	at org.springframework.security.config.annotation.web.configuration.WebSecurityConfiguration$CompositeFilterChainProxy.doFilter(WebSecurityConfiguration.java:319)
	at org.springframework.web.filter.CompositeFilter$VirtualFilterChain.doFilter(CompositeFilter.java:113)
	at org.springframework.web.servlet.handler.HandlerMappingIntrospector.lambda$createCacheFilter$4(HandlerMappingIntrospector.java:267)
	at org.springframework.web.filter.CompositeFilter$VirtualFilterChain.doFilter(CompositeFilter.java:113)
	at org.springframework.web.filter.CompositeFilter.doFilter(CompositeFilter.java:74)
	at org.springframework.security.config.annotation.web.configuration.WebMvcSecurityConfiguration$CompositeFilterChainProxy.doFilter(WebMvcSecurityConfiguration.java:240)
	at org.springframework.web.filter.DelegatingFilterProxy.invokeDelegate(DelegatingFilterProxy.java:362)
	at org.springframework.web.filter.DelegatingFilterProxy.doFilter(DelegatingFilterProxy.java:278)
	at org.apache.catalina.core.ApplicationFilterChain.internalDoFilter(ApplicationFilterChain.java:164)
	at org.apache.catalina.core.ApplicationFilterChain.doFilter(ApplicationFilterChain.java:140)
	at org.springframework.web.filter.RequestContextFilter.doFilterInternal(RequestContextFilter.java:100)
	at org.springframework.web.filter.OncePerRequestFilter.doFilter(OncePerRequestFilter.java:116)
	at org.apache.catalina.core.ApplicationFilterChain.internalDoFilter(ApplicationFilterChain.java:164)
	at org.apache.catalina.core.ApplicationFilterChain.doFilter(ApplicationFilterChain.java:140)
	at org.springframework.web.filter.FormContentFilter.doFilterInternal(FormContentFilter.java:93)
	at org.springframework.web.filter.OncePerRequestFilter.doFilter(OncePerRequestFilter.java:116)
	at org.apache.catalina.core.ApplicationFilterChain.internalDoFilter(ApplicationFilterChain.java:164)
	at org.apache.catalina.core.ApplicationFilterChain.doFilter(ApplicationFilterChain.java:140)
	at org.springframework.web.filter.CharacterEncodingFilter.doFilterInternal(CharacterEncodingFilter.java:201)
	at org.springframework.web.filter.OncePerRequestFilter.doFilter(OncePerRequestFilter.java:116)
	at org.apache.catalina.core.ApplicationFilterChain.internalDoFilter(ApplicationFilterChain.java:164)
	at org.apache.catalina.core.ApplicationFilterChain.doFilter(ApplicationFilterChain.java:140)
	at org.apache.catalina.core.StandardWrapperValve.invoke(StandardWrapperValve.java:167)
	at org.apache.catalina.core.StandardContextValve.invoke(StandardContextValve.java:90)
	at org.apache.catalina.authenticator.AuthenticatorBase.invoke(AuthenticatorBase.java:483)
	at org.apache.catalina.core.StandardHostValve.invoke(StandardHostValve.java:116)
	at org.apache.catalina.valves.ErrorReportValve.invoke(ErrorReportValve.java:93)
	at org.apache.catalina.core.StandardEngineValve.invoke(StandardEngineValve.java:74)
	at org.apache.catalina.connector.CoyoteAdapter.service(CoyoteAdapter.java:344)
	at org.apache.coyote.http11.Http11Processor.service(Http11Processor.java:398)
	at org.apache.coyote.AbstractProcessorLight.process(AbstractProcessorLight.java:63)
	at org.apache.coyote.AbstractProtocol$ConnectionHandler.process(AbstractProtocol.java:903)
	at org.apache.tomcat.util.net.NioEndpoint$SocketProcessor.doRun(NioEndpoint.java:1769)
	at org.apache.tomcat.util.net.SocketProcessorBase.run(SocketProcessorBase.java:52)
	at org.apache.tomcat.util.threads.ThreadPoolExecutor.runWorker(ThreadPoolExecutor.java:1189)
	at org.apache.tomcat.util.threads.ThreadPoolExecutor$Worker.run(ThreadPoolExecutor.java:658)
	at org.apache.tomcat.util.threads.TaskThread$WrappingRunnable.run(TaskThread.java:63)
	at java.base/java.lang.Thread.run(Thread.java:842)
2025-08-03 23:32:12.784 [http-nio-9090-exec-6] DEBUG o.s.s.w.a.AnonymousAuthenticationFilter - Set SecurityContextHolder to anonymous SecurityContext
2025-08-03 23:32:12.784 [http-nio-9090-exec-6] DEBUG o.s.security.web.FilterChainProxy - Secured GET /api/menu/categories?vendorId=2
2025-08-03 23:32:12.785 [http-nio-9090-exec-6] DEBUG o.s.web.servlet.DispatcherServlet - GET "/api/menu/categories?vendorId=2", parameters={masked}
2025-08-03 23:32:12.785 [http-nio-9090-exec-6] TRACE o.s.w.s.m.m.a.RequestMappingHandlerMapping - Mapped to com.example.crave.kitchen.portal.controller.MenuController#getAllCategories(Long, Boolean, Boolean, int, int, String, String)
2025-08-03 23:32:12.785 [http-nio-9090-exec-6] DEBUG o.s.o.j.s.OpenEntityManagerInViewInterceptor - Opening JPA EntityManager in OpenEntityManagerInViewInterceptor
2025-08-03 23:32:12.786 [http-nio-9090-exec-6] INFO  c.e.c.k.p.controller.MenuController - === MENU CATEGORIES - GET ALL ===
2025-08-03 23:32:12.786 [http-nio-9090-exec-6] INFO  c.e.c.k.p.controller.MenuController - Request Parameters - vendorId: 2, isActive: null, isFeatured: null, page: 0, size: 20, sortBy: displayOrder, sortDir: asc
2025-08-03 23:32:12.786 [http-nio-9090-exec-6] INFO  c.e.c.k.p.controller.MenuController - Request URL: GET /api/menu/categories
2025-08-03 23:32:12.786 [http-nio-9090-exec-6] DEBUG o.s.orm.jpa.JpaTransactionManager - Found thread-bound EntityManager [SessionImpl(1843213212<open>)] for JPA transaction
2025-08-03 23:32:12.786 [http-nio-9090-exec-6] DEBUG o.s.orm.jpa.JpaTransactionManager - Creating new transaction with name [com.example.crave.kitchen.portal.impl.MenuServiceImpl.getAllCategories]: PROPAGATION_REQUIRED,ISOLATION_DEFAULT
2025-08-03 23:32:12.787 [http-nio-9090-exec-6] DEBUG o.s.orm.jpa.JpaTransactionManager - Exposing JPA transaction as JDBC [org.springframework.orm.jpa.vendor.HibernateJpaDialect$HibernateConnectionHandle@9524074]
2025-08-03 23:32:12.788 [http-nio-9090-exec-6] INFO  c.e.c.k.portal.impl.MenuServiceImpl - === MENU SERVICE - GET ALL CATEGORIES ===
2025-08-03 23:32:12.788 [http-nio-9090-exec-6] INFO  c.e.c.k.portal.impl.MenuServiceImpl - Parameters - vendorId: 2, isActive: null, isFeatured: null, page: 0, size: 20
2025-08-03 23:32:12.788 [http-nio-9090-exec-6] DEBUG c.e.c.k.portal.impl.MenuServiceImpl - Pagination parameters - minRow: 0, maxRow: 20, pageSize: 20
2025-08-03 23:32:12.788 [http-nio-9090-exec-6] DEBUG org.hibernate.SQL - 
    /* dynamic native SQL query */ SELECT
        * 
    FROM
        (SELECT
            a.*,
            ROWNUM rnum 
        FROM
            (SELECT
                * 
            FROM
                ck_menu_categories 
            WHERE
                vendor_id = ? 
            ORDER BY
                display_order ASC) a 
        WHERE
            ROWNUM <= ?) 
    WHERE
        rnum > ?
2025-08-03 23:32:12.793 [http-nio-9090-exec-6] DEBUG org.hibernate.SQL - 
    /* dynamic native SQL query */ SELECT
        COUNT(*) 
    FROM
        ck_menu_categories 
    WHERE
        vendor_id = ?
2025-08-03 23:32:12.794 [http-nio-9090-exec-6] DEBUG c.e.c.k.portal.impl.MenuServiceImpl - Database query executed with filter type: ALL
2025-08-03 23:32:12.795 [http-nio-9090-exec-6] DEBUG org.hibernate.SQL - 
    /* <criteria> */ select
        count(mie1_0.id) 
    from
        ck_menu_items mie1_0 
    where
        mie1_0.category_id=?
2025-08-03 23:32:12.798 [http-nio-9090-exec-6] DEBUG org.hibernate.SQL - 
    /* <criteria> */ select
        count(mie1_0.id) 
    from
        ck_menu_items mie1_0 
    where
        mie1_0.category_id=?
2025-08-03 23:32:12.799 [http-nio-9090-exec-6] INFO  c.e.c.k.portal.impl.MenuServiceImpl - === SUCCESS ===
2025-08-03 23:32:12.799 [http-nio-9090-exec-6] INFO  c.e.c.k.portal.impl.MenuServiceImpl - Retrieved 2 categories for vendorId: 2 (Page 1 of 1)
2025-08-03 23:32:12.799 [http-nio-9090-exec-6] INFO  c.e.c.k.portal.impl.MenuServiceImpl - Categories in current page: 2
2025-08-03 23:32:12.799 [http-nio-9090-exec-6] DEBUG o.s.orm.jpa.JpaTransactionManager - Initiating transaction commit
2025-08-03 23:32:12.799 [http-nio-9090-exec-6] DEBUG o.s.orm.jpa.JpaTransactionManager - Committing JPA transaction on EntityManager [SessionImpl(1843213212<open>)]
2025-08-03 23:32:12.800 [http-nio-9090-exec-6] DEBUG o.s.orm.jpa.JpaTransactionManager - Not closing pre-bound JPA EntityManager after transaction
2025-08-03 23:32:12.800 [http-nio-9090-exec-6] INFO  c.e.c.k.p.controller.MenuController - === SUCCESS ===
2025-08-03 23:32:12.800 [http-nio-9090-exec-6] INFO  c.e.c.k.p.controller.MenuController - Retrieved 2 categories for vendorId: 2 (Page 1 of 1)
2025-08-03 23:32:12.800 [http-nio-9090-exec-6] INFO  c.e.c.k.p.controller.MenuController - Categories in current page: 2
2025-08-03 23:32:12.801 [http-nio-9090-exec-6] DEBUG o.s.w.s.m.m.a.HttpEntityMethodProcessor - Using 'application/json', given [application/json] and supported [application/json, application/*+json]
2025-08-03 23:32:12.802 [http-nio-9090-exec-6] DEBUG o.s.w.s.m.m.a.HttpEntityMethodProcessor - Writing [ApiResponseDto(success=true, message=Categories retrieved successfully, error=null, timestamp=null,  (truncated)...]
2025-08-03 23:32:12.803 [http-nio-9090-exec-6] DEBUG o.s.o.j.s.OpenEntityManagerInViewInterceptor - Closing JPA EntityManager in OpenEntityManagerInViewInterceptor
2025-08-03 23:32:12.804 [http-nio-9090-exec-6] DEBUG o.s.web.servlet.DispatcherServlet - Completed 200 OK
2025-08-03 23:32:14.154 [HikariPool-1:housekeeper] DEBUG com.zaxxer.hikari.pool.HikariPool - HikariPool-1 - keepalive: connection oracle.jdbc.driver.T4CConnection@893a566 is alive
2025-08-03 23:32:18.285 [http-nio-9090-exec-5] DEBUG o.s.security.web.FilterChainProxy - Securing GET /api/menu/categories?vendorId=2
2025-08-03 23:32:18.286 [http-nio-9090-exec-5] DEBUG c.e.c.k.p.c.JwtAuthenticationFilter - Extracted token from Bearer Authorization header
2025-08-03 23:32:18.286 [http-nio-9090-exec-7] DEBUG o.s.security.web.FilterChainProxy - Securing GET /api/menu/items?vendorId=2
2025-08-03 23:32:18.287 [http-nio-9090-exec-7] DEBUG c.e.c.k.p.c.JwtAuthenticationFilter - Extracted token from Bearer Authorization header
2025-08-03 23:32:18.289 [http-nio-9090-exec-5] WARN  c.e.c.k.p.service.JwtTokenService - JWT token is expired: JWT expired at 2025-08-03T17:14:14Z. Current time: 2025-08-03T18:02:18Z, a difference of 2854289 milliseconds.  Allowed clock skew: 30000 milliseconds.
2025-08-03 23:32:18.289 [http-nio-9090-exec-7] WARN  c.e.c.k.p.service.JwtTokenService - JWT token is expired: JWT expired at 2025-08-03T17:14:14Z. Current time: 2025-08-03T18:02:18Z, a difference of 2854289 milliseconds.  Allowed clock skew: 30000 milliseconds.
2025-08-03 23:32:18.289 [http-nio-9090-exec-5] ERROR c.e.c.k.p.c.JwtAuthenticationFilter - Error processing JWT token
io.jsonwebtoken.ExpiredJwtException: JWT expired at 2025-08-03T17:14:14Z. Current time: 2025-08-03T18:02:18Z, a difference of 2854289 milliseconds.  Allowed clock skew: 30000 milliseconds.
	at io.jsonwebtoken.impl.DefaultJwtParser.parse(DefaultJwtParser.java:427)
	at io.jsonwebtoken.impl.DefaultJwtParser.parse(DefaultJwtParser.java:529)
	at io.jsonwebtoken.impl.DefaultJwtParser.parseClaimsJws(DefaultJwtParser.java:589)
	at io.jsonwebtoken.impl.ImmutableJwtParser.parseClaimsJws(ImmutableJwtParser.java:173)
	at com.example.crave.kitchen.portal.service.JwtTokenService.extractAllClaims(JwtTokenService.java:141)
	at com.example.crave.kitchen.portal.service.JwtTokenService.extractClaim(JwtTokenService.java:128)
	at com.example.crave.kitchen.portal.service.JwtTokenService.extractEmail(JwtTokenService.java:114)
	at com.example.crave.kitchen.portal.config.JwtAuthenticationFilter.doFilterInternal(JwtAuthenticationFilter.java:63)
	at org.springframework.web.filter.OncePerRequestFilter.doFilter(OncePerRequestFilter.java:116)
	at org.springframework.security.web.FilterChainProxy$VirtualFilterChain.doFilter(FilterChainProxy.java:374)
	at org.springframework.security.web.authentication.logout.LogoutFilter.doFilter(LogoutFilter.java:107)
	at org.springframework.security.web.authentication.logout.LogoutFilter.doFilter(LogoutFilter.java:93)
	at org.springframework.security.web.FilterChainProxy$VirtualFilterChain.doFilter(FilterChainProxy.java:374)
	at org.springframework.security.web.header.HeaderWriterFilter.doHeadersAfter(HeaderWriterFilter.java:90)
	at org.springframework.security.web.header.HeaderWriterFilter.doFilterInternal(HeaderWriterFilter.java:75)
	at org.springframework.web.filter.OncePerRequestFilter.doFilter(OncePerRequestFilter.java:116)
	at org.springframework.security.web.FilterChainProxy$VirtualFilterChain.doFilter(FilterChainProxy.java:374)
	at org.springframework.security.web.context.SecurityContextHolderFilter.doFilter(SecurityContextHolderFilter.java:82)
	at org.springframework.security.web.context.SecurityContextHolderFilter.doFilter(SecurityContextHolderFilter.java:69)
	at org.springframework.security.web.FilterChainProxy$VirtualFilterChain.doFilter(FilterChainProxy.java:374)
	at org.springframework.security.web.context.request.async.WebAsyncManagerIntegrationFilter.doFilterInternal(WebAsyncManagerIntegrationFilter.java:62)
	at org.springframework.web.filter.OncePerRequestFilter.doFilter(OncePerRequestFilter.java:116)
	at org.springframework.security.web.FilterChainProxy$VirtualFilterChain.doFilter(FilterChainProxy.java:374)
	at org.springframework.security.web.session.DisableEncodeUrlFilter.doFilterInternal(DisableEncodeUrlFilter.java:42)
	at org.springframework.web.filter.OncePerRequestFilter.doFilter(OncePerRequestFilter.java:116)
	at org.springframework.security.web.FilterChainProxy$VirtualFilterChain.doFilter(FilterChainProxy.java:374)
	at org.springframework.security.web.FilterChainProxy.doFilterInternal(FilterChainProxy.java:233)
	at org.springframework.security.web.FilterChainProxy.doFilter(FilterChainProxy.java:191)
	at org.springframework.web.filter.CompositeFilter$VirtualFilterChain.doFilter(CompositeFilter.java:113)
	at org.springframework.web.filter.ServletRequestPathFilter.doFilter(ServletRequestPathFilter.java:52)
	at org.springframework.web.filter.CompositeFilter$VirtualFilterChain.doFilter(CompositeFilter.java:113)
	at org.springframework.web.filter.CompositeFilter.doFilter(CompositeFilter.java:74)
	at org.springframework.security.config.annotation.web.configuration.WebSecurityConfiguration$CompositeFilterChainProxy.doFilter(WebSecurityConfiguration.java:319)
	at org.springframework.web.filter.CompositeFilter$VirtualFilterChain.doFilter(CompositeFilter.java:113)
	at org.springframework.web.servlet.handler.HandlerMappingIntrospector.lambda$createCacheFilter$4(HandlerMappingIntrospector.java:267)
	at org.springframework.web.filter.CompositeFilter$VirtualFilterChain.doFilter(CompositeFilter.java:113)
	at org.springframework.web.filter.CompositeFilter.doFilter(CompositeFilter.java:74)
	at org.springframework.security.config.annotation.web.configuration.WebMvcSecurityConfiguration$CompositeFilterChainProxy.doFilter(WebMvcSecurityConfiguration.java:240)
	at org.springframework.web.filter.DelegatingFilterProxy.invokeDelegate(DelegatingFilterProxy.java:362)
	at org.springframework.web.filter.DelegatingFilterProxy.doFilter(DelegatingFilterProxy.java:278)
	at org.apache.catalina.core.ApplicationFilterChain.internalDoFilter(ApplicationFilterChain.java:164)
	at org.apache.catalina.core.ApplicationFilterChain.doFilter(ApplicationFilterChain.java:140)
	at org.springframework.web.filter.RequestContextFilter.doFilterInternal(RequestContextFilter.java:100)
	at org.springframework.web.filter.OncePerRequestFilter.doFilter(OncePerRequestFilter.java:116)
	at org.apache.catalina.core.ApplicationFilterChain.internalDoFilter(ApplicationFilterChain.java:164)
	at org.apache.catalina.core.ApplicationFilterChain.doFilter(ApplicationFilterChain.java:140)
	at org.springframework.web.filter.FormContentFilter.doFilterInternal(FormContentFilter.java:93)
	at org.springframework.web.filter.OncePerRequestFilter.doFilter(OncePerRequestFilter.java:116)
	at org.apache.catalina.core.ApplicationFilterChain.internalDoFilter(ApplicationFilterChain.java:164)
	at org.apache.catalina.core.ApplicationFilterChain.doFilter(ApplicationFilterChain.java:140)
	at org.springframework.web.filter.CharacterEncodingFilter.doFilterInternal(CharacterEncodingFilter.java:201)
	at org.springframework.web.filter.OncePerRequestFilter.doFilter(OncePerRequestFilter.java:116)
	at org.apache.catalina.core.ApplicationFilterChain.internalDoFilter(ApplicationFilterChain.java:164)
	at org.apache.catalina.core.ApplicationFilterChain.doFilter(ApplicationFilterChain.java:140)
	at org.apache.catalina.core.StandardWrapperValve.invoke(StandardWrapperValve.java:167)
	at org.apache.catalina.core.StandardContextValve.invoke(StandardContextValve.java:90)
	at org.apache.catalina.authenticator.AuthenticatorBase.invoke(AuthenticatorBase.java:483)
	at org.apache.catalina.core.StandardHostValve.invoke(StandardHostValve.java:116)
	at org.apache.catalina.valves.ErrorReportValve.invoke(ErrorReportValve.java:93)
	at org.apache.catalina.core.StandardEngineValve.invoke(StandardEngineValve.java:74)
	at org.apache.catalina.connector.CoyoteAdapter.service(CoyoteAdapter.java:344)
	at org.apache.coyote.http11.Http11Processor.service(Http11Processor.java:398)
	at org.apache.coyote.AbstractProcessorLight.process(AbstractProcessorLight.java:63)
	at org.apache.coyote.AbstractProtocol$ConnectionHandler.process(AbstractProtocol.java:903)
	at org.apache.tomcat.util.net.NioEndpoint$SocketProcessor.doRun(NioEndpoint.java:1769)
	at org.apache.tomcat.util.net.SocketProcessorBase.run(SocketProcessorBase.java:52)
	at org.apache.tomcat.util.threads.ThreadPoolExecutor.runWorker(ThreadPoolExecutor.java:1189)
	at org.apache.tomcat.util.threads.ThreadPoolExecutor$Worker.run(ThreadPoolExecutor.java:658)
	at org.apache.tomcat.util.threads.TaskThread$WrappingRunnable.run(TaskThread.java:63)
	at java.base/java.lang.Thread.run(Thread.java:842)
2025-08-03 23:32:18.290 [http-nio-9090-exec-5] DEBUG o.s.s.w.a.AnonymousAuthenticationFilter - Set SecurityContextHolder to anonymous SecurityContext
2025-08-03 23:32:18.290 [http-nio-9090-exec-7] ERROR c.e.c.k.p.c.JwtAuthenticationFilter - Error processing JWT token
io.jsonwebtoken.ExpiredJwtException: JWT expired at 2025-08-03T17:14:14Z. Current time: 2025-08-03T18:02:18Z, a difference of 2854289 milliseconds.  Allowed clock skew: 30000 milliseconds.
	at io.jsonwebtoken.impl.DefaultJwtParser.parse(DefaultJwtParser.java:427)
	at io.jsonwebtoken.impl.DefaultJwtParser.parse(DefaultJwtParser.java:529)
	at io.jsonwebtoken.impl.DefaultJwtParser.parseClaimsJws(DefaultJwtParser.java:589)
	at io.jsonwebtoken.impl.ImmutableJwtParser.parseClaimsJws(ImmutableJwtParser.java:173)
	at com.example.crave.kitchen.portal.service.JwtTokenService.extractAllClaims(JwtTokenService.java:141)
	at com.example.crave.kitchen.portal.service.JwtTokenService.extractClaim(JwtTokenService.java:128)
	at com.example.crave.kitchen.portal.service.JwtTokenService.extractEmail(JwtTokenService.java:114)
	at com.example.crave.kitchen.portal.config.JwtAuthenticationFilter.doFilterInternal(JwtAuthenticationFilter.java:63)
	at org.springframework.web.filter.OncePerRequestFilter.doFilter(OncePerRequestFilter.java:116)
	at org.springframework.security.web.FilterChainProxy$VirtualFilterChain.doFilter(FilterChainProxy.java:374)
	at org.springframework.security.web.authentication.logout.LogoutFilter.doFilter(LogoutFilter.java:107)
	at org.springframework.security.web.authentication.logout.LogoutFilter.doFilter(LogoutFilter.java:93)
	at org.springframework.security.web.FilterChainProxy$VirtualFilterChain.doFilter(FilterChainProxy.java:374)
	at org.springframework.security.web.header.HeaderWriterFilter.doHeadersAfter(HeaderWriterFilter.java:90)
	at org.springframework.security.web.header.HeaderWriterFilter.doFilterInternal(HeaderWriterFilter.java:75)
	at org.springframework.web.filter.OncePerRequestFilter.doFilter(OncePerRequestFilter.java:116)
	at org.springframework.security.web.FilterChainProxy$VirtualFilterChain.doFilter(FilterChainProxy.java:374)
	at org.springframework.security.web.context.SecurityContextHolderFilter.doFilter(SecurityContextHolderFilter.java:82)
	at org.springframework.security.web.context.SecurityContextHolderFilter.doFilter(SecurityContextHolderFilter.java:69)
	at org.springframework.security.web.FilterChainProxy$VirtualFilterChain.doFilter(FilterChainProxy.java:374)
	at org.springframework.security.web.context.request.async.WebAsyncManagerIntegrationFilter.doFilterInternal(WebAsyncManagerIntegrationFilter.java:62)
	at org.springframework.web.filter.OncePerRequestFilter.doFilter(OncePerRequestFilter.java:116)
	at org.springframework.security.web.FilterChainProxy$VirtualFilterChain.doFilter(FilterChainProxy.java:374)
	at org.springframework.security.web.session.DisableEncodeUrlFilter.doFilterInternal(DisableEncodeUrlFilter.java:42)
	at org.springframework.web.filter.OncePerRequestFilter.doFilter(OncePerRequestFilter.java:116)
	at org.springframework.security.web.FilterChainProxy$VirtualFilterChain.doFilter(FilterChainProxy.java:374)
	at org.springframework.security.web.FilterChainProxy.doFilterInternal(FilterChainProxy.java:233)
	at org.springframework.security.web.FilterChainProxy.doFilter(FilterChainProxy.java:191)
	at org.springframework.web.filter.CompositeFilter$VirtualFilterChain.doFilter(CompositeFilter.java:113)
	at org.springframework.web.filter.ServletRequestPathFilter.doFilter(ServletRequestPathFilter.java:52)
	at org.springframework.web.filter.CompositeFilter$VirtualFilterChain.doFilter(CompositeFilter.java:113)
	at org.springframework.web.filter.CompositeFilter.doFilter(CompositeFilter.java:74)
	at org.springframework.security.config.annotation.web.configuration.WebSecurityConfiguration$CompositeFilterChainProxy.doFilter(WebSecurityConfiguration.java:319)
	at org.springframework.web.filter.CompositeFilter$VirtualFilterChain.doFilter(CompositeFilter.java:113)
	at org.springframework.web.servlet.handler.HandlerMappingIntrospector.lambda$createCacheFilter$4(HandlerMappingIntrospector.java:267)
	at org.springframework.web.filter.CompositeFilter$VirtualFilterChain.doFilter(CompositeFilter.java:113)
	at org.springframework.web.filter.CompositeFilter.doFilter(CompositeFilter.java:74)
	at org.springframework.security.config.annotation.web.configuration.WebMvcSecurityConfiguration$CompositeFilterChainProxy.doFilter(WebMvcSecurityConfiguration.java:240)
	at org.springframework.web.filter.DelegatingFilterProxy.invokeDelegate(DelegatingFilterProxy.java:362)
	at org.springframework.web.filter.DelegatingFilterProxy.doFilter(DelegatingFilterProxy.java:278)
	at org.apache.catalina.core.ApplicationFilterChain.internalDoFilter(ApplicationFilterChain.java:164)
	at org.apache.catalina.core.ApplicationFilterChain.doFilter(ApplicationFilterChain.java:140)
	at org.springframework.web.filter.RequestContextFilter.doFilterInternal(RequestContextFilter.java:100)
	at org.springframework.web.filter.OncePerRequestFilter.doFilter(OncePerRequestFilter.java:116)
	at org.apache.catalina.core.ApplicationFilterChain.internalDoFilter(ApplicationFilterChain.java:164)
	at org.apache.catalina.core.ApplicationFilterChain.doFilter(ApplicationFilterChain.java:140)
	at org.springframework.web.filter.FormContentFilter.doFilterInternal(FormContentFilter.java:93)
	at org.springframework.web.filter.OncePerRequestFilter.doFilter(OncePerRequestFilter.java:116)
	at org.apache.catalina.core.ApplicationFilterChain.internalDoFilter(ApplicationFilterChain.java:164)
	at org.apache.catalina.core.ApplicationFilterChain.doFilter(ApplicationFilterChain.java:140)
	at org.springframework.web.filter.CharacterEncodingFilter.doFilterInternal(CharacterEncodingFilter.java:201)
	at org.springframework.web.filter.OncePerRequestFilter.doFilter(OncePerRequestFilter.java:116)
	at org.apache.catalina.core.ApplicationFilterChain.internalDoFilter(ApplicationFilterChain.java:164)
	at org.apache.catalina.core.ApplicationFilterChain.doFilter(ApplicationFilterChain.java:140)
	at org.apache.catalina.core.StandardWrapperValve.invoke(StandardWrapperValve.java:167)
	at org.apache.catalina.core.StandardContextValve.invoke(StandardContextValve.java:90)
	at org.apache.catalina.authenticator.AuthenticatorBase.invoke(AuthenticatorBase.java:483)
	at org.apache.catalina.core.StandardHostValve.invoke(StandardHostValve.java:116)
	at org.apache.catalina.valves.ErrorReportValve.invoke(ErrorReportValve.java:93)
	at org.apache.catalina.core.StandardEngineValve.invoke(StandardEngineValve.java:74)
	at org.apache.catalina.connector.CoyoteAdapter.service(CoyoteAdapter.java:344)
	at org.apache.coyote.http11.Http11Processor.service(Http11Processor.java:398)
	at org.apache.coyote.AbstractProcessorLight.process(AbstractProcessorLight.java:63)
	at org.apache.coyote.AbstractProtocol$ConnectionHandler.process(AbstractProtocol.java:903)
	at org.apache.tomcat.util.net.NioEndpoint$SocketProcessor.doRun(NioEndpoint.java:1769)
	at org.apache.tomcat.util.net.SocketProcessorBase.run(SocketProcessorBase.java:52)
	at org.apache.tomcat.util.threads.ThreadPoolExecutor.runWorker(ThreadPoolExecutor.java:1189)
	at org.apache.tomcat.util.threads.ThreadPoolExecutor$Worker.run(ThreadPoolExecutor.java:658)
	at org.apache.tomcat.util.threads.TaskThread$WrappingRunnable.run(TaskThread.java:63)
	at java.base/java.lang.Thread.run(Thread.java:842)
2025-08-03 23:32:18.290 [http-nio-9090-exec-5] DEBUG o.s.security.web.FilterChainProxy - Secured GET /api/menu/categories?vendorId=2
2025-08-03 23:32:18.290 [http-nio-9090-exec-7] DEBUG o.s.s.w.a.AnonymousAuthenticationFilter - Set SecurityContextHolder to anonymous SecurityContext
2025-08-03 23:32:18.290 [http-nio-9090-exec-5] DEBUG o.s.web.servlet.DispatcherServlet - GET "/api/menu/categories?vendorId=2", parameters={masked}
2025-08-03 23:32:18.290 [http-nio-9090-exec-7] DEBUG o.s.security.web.FilterChainProxy - Secured GET /api/menu/items?vendorId=2
2025-08-03 23:32:18.290 [http-nio-9090-exec-5] TRACE o.s.w.s.m.m.a.RequestMappingHandlerMapping - Mapped to com.example.crave.kitchen.portal.controller.MenuController#getAllCategories(Long, Boolean, Boolean, int, int, String, String)
2025-08-03 23:32:18.290 [http-nio-9090-exec-7] DEBUG o.s.web.servlet.DispatcherServlet - GET "/api/menu/items?vendorId=2", parameters={masked}
2025-08-03 23:32:18.290 [http-nio-9090-exec-5] DEBUG o.s.o.j.s.OpenEntityManagerInViewInterceptor - Opening JPA EntityManager in OpenEntityManagerInViewInterceptor
2025-08-03 23:32:18.290 [http-nio-9090-exec-7] TRACE o.s.w.s.m.m.a.RequestMappingHandlerMapping - Mapped to com.example.crave.kitchen.portal.controller.MenuController#getAllMenuItems(Long, Long, Boolean, Boolean, Boolean, Boolean, Boolean, Boolean, BigDecimal, BigDecimal, String, int, int, String, String)
2025-08-03 23:32:18.290 [http-nio-9090-exec-7] DEBUG o.s.o.j.s.OpenEntityManagerInViewInterceptor - Opening JPA EntityManager in OpenEntityManagerInViewInterceptor
2025-08-03 23:32:18.291 [http-nio-9090-exec-5] INFO  c.e.c.k.p.controller.MenuController - === MENU CATEGORIES - GET ALL ===
2025-08-03 23:32:18.291 [http-nio-9090-exec-5] INFO  c.e.c.k.p.controller.MenuController - Request Parameters - vendorId: 2, isActive: null, isFeatured: null, page: 0, size: 20, sortBy: displayOrder, sortDir: asc
2025-08-03 23:32:18.291 [http-nio-9090-exec-5] INFO  c.e.c.k.p.controller.MenuController - Request URL: GET /api/menu/categories
2025-08-03 23:32:18.291 [http-nio-9090-exec-5] DEBUG o.s.orm.jpa.JpaTransactionManager - Found thread-bound EntityManager [SessionImpl(1009169374<open>)] for JPA transaction
2025-08-03 23:32:18.292 [http-nio-9090-exec-5] DEBUG o.s.orm.jpa.JpaTransactionManager - Creating new transaction with name [com.example.crave.kitchen.portal.impl.MenuServiceImpl.getAllCategories]: PROPAGATION_REQUIRED,ISOLATION_DEFAULT
2025-08-03 23:32:18.292 [http-nio-9090-exec-7] INFO  c.e.c.k.p.controller.MenuController - GET /api/menu/items - vendorId: 2, categoryId: null, isAvailable: null, isFeatured: null, isVegetarian: null, isVegan: null, isGlutenFree: null, isSpicy: null, minPrice: null, maxPrice: null, searchTerm: null, page: 0, size: 20, sortBy: displayOrder, sortDir: asc
2025-08-03 23:32:18.292 [http-nio-9090-exec-7] DEBUG o.s.orm.jpa.JpaTransactionManager - Found thread-bound EntityManager [SessionImpl(70206113<open>)] for JPA transaction
2025-08-03 23:32:18.292 [http-nio-9090-exec-7] DEBUG o.s.orm.jpa.JpaTransactionManager - Creating new transaction with name [com.example.crave.kitchen.portal.impl.MenuServiceImpl.getAllMenuItems]: PROPAGATION_REQUIRED,ISOLATION_DEFAULT
2025-08-03 23:32:18.293 [http-nio-9090-exec-5] DEBUG o.s.orm.jpa.JpaTransactionManager - Exposing JPA transaction as JDBC [org.springframework.orm.jpa.vendor.HibernateJpaDialect$HibernateConnectionHandle@94373c8]
2025-08-03 23:32:18.293 [http-nio-9090-exec-5] INFO  c.e.c.k.portal.impl.MenuServiceImpl - === MENU SERVICE - GET ALL CATEGORIES ===
2025-08-03 23:32:18.293 [http-nio-9090-exec-5] INFO  c.e.c.k.portal.impl.MenuServiceImpl - Parameters - vendorId: 2, isActive: null, isFeatured: null, page: 0, size: 20
2025-08-03 23:32:18.293 [http-nio-9090-exec-5] DEBUG c.e.c.k.portal.impl.MenuServiceImpl - Pagination parameters - minRow: 0, maxRow: 20, pageSize: 20
2025-08-03 23:32:18.293 [http-nio-9090-exec-7] DEBUG o.s.orm.jpa.JpaTransactionManager - Exposing JPA transaction as JDBC [org.springframework.orm.jpa.vendor.HibernateJpaDialect$HibernateConnectionHandle@350b6e32]
2025-08-03 23:32:18.293 [http-nio-9090-exec-7] INFO  c.e.c.k.portal.impl.MenuServiceImpl - Fetching menu items for vendorId: 2, categoryId: null, isAvailable: null, isFeatured: null, isVegetarian: null, isVegan: null, isGlutenFree: null, isSpicy: null, minPrice: null, maxPrice: null, searchTerm: null, page: 0, size: 20
2025-08-03 23:32:18.293 [http-nio-9090-exec-7] DEBUG c.e.c.k.portal.impl.MenuServiceImpl - Oracle pagination parameters - minRow: 0, maxRow: 20, pageSize: 20
2025-08-03 23:32:18.294 [http-nio-9090-exec-5] DEBUG org.hibernate.SQL - 
    /* dynamic native SQL query */ SELECT
        * 
    FROM
        (SELECT
            a.*,
            ROWNUM rnum 
        FROM
            (SELECT
                * 
            FROM
                ck_menu_categories 
            WHERE
                vendor_id = ? 
            ORDER BY
                display_order ASC) a 
        WHERE
            ROWNUM <= ?) 
    WHERE
        rnum > ?
2025-08-03 23:32:18.294 [http-nio-9090-exec-7] DEBUG org.hibernate.SQL - 
    /* dynamic native SQL query */ SELECT
        * 
    FROM
        (SELECT
            a.*,
            ROWNUM rnum 
        FROM
            (SELECT
                m.* 
            FROM
                ck_menu_items m 
            WHERE
                m.vendor_id = ? 
                AND m.is_available = 1 
                AND (
                    ? IS NULL 
                    OR m.category_id = ?
                ) 
                AND (
                    ? IS NULL 
                    OR m.is_vegetarian = ?
                ) 
                AND (
                    ? IS NULL 
                    OR m.is_vegan = ?
                ) 
                AND (
                    ? IS NULL 
                    OR m.is_gluten_free = ?
                ) 
                AND (
                    ? IS NULL 
                    OR m.is_spicy = ?
                ) 
                AND (
                    ? IS NULL 
                    OR m.price >= ?
                ) 
                AND (
                    ? IS NULL 
                    OR m.price <= ?
                ) 
                AND (
                    ? IS NULL 
                    OR LOWER(m.name) LIKE LOWER('%' || ? || '%') 
                    OR LOWER(m.description) LIKE LOWER('%' || ? || '%')
                ) 
            ORDER BY
                m.display_order ASC) a 
        WHERE
            ROWNUM <= ?) 
    WHERE
        rnum > ?
2025-08-03 23:32:18.297 [http-nio-9090-exec-2] DEBUG o.s.security.web.FilterChainProxy - Securing GET /api/orders?vendorId=2&status=pending
2025-08-03 23:32:18.297 [http-nio-9090-exec-4] DEBUG o.s.security.web.FilterChainProxy - Securing GET /api/analytics/revenue/overview?vendorId=2&period=today
2025-08-03 23:32:18.297 [http-nio-9090-exec-2] DEBUG c.e.c.k.p.c.JwtAuthenticationFilter - Extracted token from Bearer Authorization header
2025-08-03 23:32:18.297 [http-nio-9090-exec-4] DEBUG c.e.c.k.p.c.JwtAuthenticationFilter - Extracted token from Bearer Authorization header
2025-08-03 23:32:18.298 [http-nio-9090-exec-5] DEBUG org.hibernate.SQL - 
    /* dynamic native SQL query */ SELECT
        COUNT(*) 
    FROM
        ck_menu_categories 
    WHERE
        vendor_id = ?
2025-08-03 23:32:18.299 [http-nio-9090-exec-5] DEBUG c.e.c.k.portal.impl.MenuServiceImpl - Database query executed with filter type: ALL
2025-08-03 23:32:18.300 [http-nio-9090-exec-4] WARN  c.e.c.k.p.service.JwtTokenService - JWT token is expired: JWT expired at 2025-08-03T17:14:14Z. Current time: 2025-08-03T18:02:18Z, a difference of 2854300 milliseconds.  Allowed clock skew: 30000 milliseconds.
2025-08-03 23:32:18.300 [http-nio-9090-exec-2] WARN  c.e.c.k.p.service.JwtTokenService - JWT token is expired: JWT expired at 2025-08-03T17:14:14Z. Current time: 2025-08-03T18:02:18Z, a difference of 2854300 milliseconds.  Allowed clock skew: 30000 milliseconds.
2025-08-03 23:32:18.300 [http-nio-9090-exec-7] DEBUG org.hibernate.SQL - 
    /* dynamic native SQL query */ SELECT
        COUNT(*) 
    FROM
        ck_menu_items m 
    WHERE
        m.vendor_id = ? 
        AND m.is_available = 1 
        AND (
            ? IS NULL 
            OR m.category_id = ?
        ) 
        AND (
            ? IS NULL 
            OR m.is_vegetarian = ?
        ) 
        AND (
            ? IS NULL 
            OR m.is_vegan = ?
        ) 
        AND (
            ? IS NULL 
            OR m.is_gluten_free = ?
        ) 
        AND (
            ? IS NULL 
            OR m.is_spicy = ?
        ) 
        AND (
            ? IS NULL 
            OR m.price >= ?
        ) 
        AND (
            ? IS NULL 
            OR m.price <= ?
        ) 
        AND (
            ? IS NULL 
            OR LOWER(m.name) LIKE LOWER('%' || ? || '%') 
            OR LOWER(m.description) LIKE LOWER('%' || ? || '%')
        )
2025-08-03 23:32:18.300 [http-nio-9090-exec-5] DEBUG org.hibernate.SQL - 
    /* <criteria> */ select
        count(mie1_0.id) 
    from
        ck_menu_items mie1_0 
    where
        mie1_0.category_id=?
2025-08-03 23:32:18.300 [http-nio-9090-exec-2] ERROR c.e.c.k.p.c.JwtAuthenticationFilter - Error processing JWT token
io.jsonwebtoken.ExpiredJwtException: JWT expired at 2025-08-03T17:14:14Z. Current time: 2025-08-03T18:02:18Z, a difference of 2854300 milliseconds.  Allowed clock skew: 30000 milliseconds.
	at io.jsonwebtoken.impl.DefaultJwtParser.parse(DefaultJwtParser.java:427)
	at io.jsonwebtoken.impl.DefaultJwtParser.parse(DefaultJwtParser.java:529)
	at io.jsonwebtoken.impl.DefaultJwtParser.parseClaimsJws(DefaultJwtParser.java:589)
	at io.jsonwebtoken.impl.ImmutableJwtParser.parseClaimsJws(ImmutableJwtParser.java:173)
	at com.example.crave.kitchen.portal.service.JwtTokenService.extractAllClaims(JwtTokenService.java:141)
	at com.example.crave.kitchen.portal.service.JwtTokenService.extractClaim(JwtTokenService.java:128)
	at com.example.crave.kitchen.portal.service.JwtTokenService.extractEmail(JwtTokenService.java:114)
	at com.example.crave.kitchen.portal.config.JwtAuthenticationFilter.doFilterInternal(JwtAuthenticationFilter.java:63)
	at org.springframework.web.filter.OncePerRequestFilter.doFilter(OncePerRequestFilter.java:116)
	at org.springframework.security.web.FilterChainProxy$VirtualFilterChain.doFilter(FilterChainProxy.java:374)
	at org.springframework.security.web.authentication.logout.LogoutFilter.doFilter(LogoutFilter.java:107)
	at org.springframework.security.web.authentication.logout.LogoutFilter.doFilter(LogoutFilter.java:93)
	at org.springframework.security.web.FilterChainProxy$VirtualFilterChain.doFilter(FilterChainProxy.java:374)
	at org.springframework.security.web.header.HeaderWriterFilter.doHeadersAfter(HeaderWriterFilter.java:90)
	at org.springframework.security.web.header.HeaderWriterFilter.doFilterInternal(HeaderWriterFilter.java:75)
	at org.springframework.web.filter.OncePerRequestFilter.doFilter(OncePerRequestFilter.java:116)
	at org.springframework.security.web.FilterChainProxy$VirtualFilterChain.doFilter(FilterChainProxy.java:374)
	at org.springframework.security.web.context.SecurityContextHolderFilter.doFilter(SecurityContextHolderFilter.java:82)
	at org.springframework.security.web.context.SecurityContextHolderFilter.doFilter(SecurityContextHolderFilter.java:69)
	at org.springframework.security.web.FilterChainProxy$VirtualFilterChain.doFilter(FilterChainProxy.java:374)
	at org.springframework.security.web.context.request.async.WebAsyncManagerIntegrationFilter.doFilterInternal(WebAsyncManagerIntegrationFilter.java:62)
	at org.springframework.web.filter.OncePerRequestFilter.doFilter(OncePerRequestFilter.java:116)
	at org.springframework.security.web.FilterChainProxy$VirtualFilterChain.doFilter(FilterChainProxy.java:374)
	at org.springframework.security.web.session.DisableEncodeUrlFilter.doFilterInternal(DisableEncodeUrlFilter.java:42)
	at org.springframework.web.filter.OncePerRequestFilter.doFilter(OncePerRequestFilter.java:116)
	at org.springframework.security.web.FilterChainProxy$VirtualFilterChain.doFilter(FilterChainProxy.java:374)
	at org.springframework.security.web.FilterChainProxy.doFilterInternal(FilterChainProxy.java:233)
	at org.springframework.security.web.FilterChainProxy.doFilter(FilterChainProxy.java:191)
	at org.springframework.web.filter.CompositeFilter$VirtualFilterChain.doFilter(CompositeFilter.java:113)
	at org.springframework.web.filter.ServletRequestPathFilter.doFilter(ServletRequestPathFilter.java:52)
	at org.springframework.web.filter.CompositeFilter$VirtualFilterChain.doFilter(CompositeFilter.java:113)
	at org.springframework.web.filter.CompositeFilter.doFilter(CompositeFilter.java:74)
	at org.springframework.security.config.annotation.web.configuration.WebSecurityConfiguration$CompositeFilterChainProxy.doFilter(WebSecurityConfiguration.java:319)
	at org.springframework.web.filter.CompositeFilter$VirtualFilterChain.doFilter(CompositeFilter.java:113)
	at org.springframework.web.servlet.handler.HandlerMappingIntrospector.lambda$createCacheFilter$4(HandlerMappingIntrospector.java:267)
	at org.springframework.web.filter.CompositeFilter$VirtualFilterChain.doFilter(CompositeFilter.java:113)
	at org.springframework.web.filter.CompositeFilter.doFilter(CompositeFilter.java:74)
	at org.springframework.security.config.annotation.web.configuration.WebMvcSecurityConfiguration$CompositeFilterChainProxy.doFilter(WebMvcSecurityConfiguration.java:240)
	at org.springframework.web.filter.DelegatingFilterProxy.invokeDelegate(DelegatingFilterProxy.java:362)
	at org.springframework.web.filter.DelegatingFilterProxy.doFilter(DelegatingFilterProxy.java:278)
	at org.apache.catalina.core.ApplicationFilterChain.internalDoFilter(ApplicationFilterChain.java:164)
	at org.apache.catalina.core.ApplicationFilterChain.doFilter(ApplicationFilterChain.java:140)
	at org.springframework.web.filter.RequestContextFilter.doFilterInternal(RequestContextFilter.java:100)
	at org.springframework.web.filter.OncePerRequestFilter.doFilter(OncePerRequestFilter.java:116)
	at org.apache.catalina.core.ApplicationFilterChain.internalDoFilter(ApplicationFilterChain.java:164)
	at org.apache.catalina.core.ApplicationFilterChain.doFilter(ApplicationFilterChain.java:140)
	at org.springframework.web.filter.FormContentFilter.doFilterInternal(FormContentFilter.java:93)
	at org.springframework.web.filter.OncePerRequestFilter.doFilter(OncePerRequestFilter.java:116)
	at org.apache.catalina.core.ApplicationFilterChain.internalDoFilter(ApplicationFilterChain.java:164)
	at org.apache.catalina.core.ApplicationFilterChain.doFilter(ApplicationFilterChain.java:140)
	at org.springframework.web.filter.CharacterEncodingFilter.doFilterInternal(CharacterEncodingFilter.java:201)
	at org.springframework.web.filter.OncePerRequestFilter.doFilter(OncePerRequestFilter.java:116)
	at org.apache.catalina.core.ApplicationFilterChain.internalDoFilter(ApplicationFilterChain.java:164)
	at org.apache.catalina.core.ApplicationFilterChain.doFilter(ApplicationFilterChain.java:140)
	at org.apache.catalina.core.StandardWrapperValve.invoke(StandardWrapperValve.java:167)
	at org.apache.catalina.core.StandardContextValve.invoke(StandardContextValve.java:90)
	at org.apache.catalina.authenticator.AuthenticatorBase.invoke(AuthenticatorBase.java:483)
	at org.apache.catalina.core.StandardHostValve.invoke(StandardHostValve.java:116)
	at org.apache.catalina.valves.ErrorReportValve.invoke(ErrorReportValve.java:93)
	at org.apache.catalina.core.StandardEngineValve.invoke(StandardEngineValve.java:74)
	at org.apache.catalina.connector.CoyoteAdapter.service(CoyoteAdapter.java:344)
	at org.apache.coyote.http11.Http11Processor.service(Http11Processor.java:398)
	at org.apache.coyote.AbstractProcessorLight.process(AbstractProcessorLight.java:63)
	at org.apache.coyote.AbstractProtocol$ConnectionHandler.process(AbstractProtocol.java:903)
	at org.apache.tomcat.util.net.NioEndpoint$SocketProcessor.doRun(NioEndpoint.java:1769)
	at org.apache.tomcat.util.net.SocketProcessorBase.run(SocketProcessorBase.java:52)
	at org.apache.tomcat.util.threads.ThreadPoolExecutor.runWorker(ThreadPoolExecutor.java:1189)
	at org.apache.tomcat.util.threads.ThreadPoolExecutor$Worker.run(ThreadPoolExecutor.java:658)
	at org.apache.tomcat.util.threads.TaskThread$WrappingRunnable.run(TaskThread.java:63)
	at java.base/java.lang.Thread.run(Thread.java:842)
2025-08-03 23:32:18.300 [http-nio-9090-exec-4] ERROR c.e.c.k.p.c.JwtAuthenticationFilter - Error processing JWT token
io.jsonwebtoken.ExpiredJwtException: JWT expired at 2025-08-03T17:14:14Z. Current time: 2025-08-03T18:02:18Z, a difference of 2854300 milliseconds.  Allowed clock skew: 30000 milliseconds.
	at io.jsonwebtoken.impl.DefaultJwtParser.parse(DefaultJwtParser.java:427)
	at io.jsonwebtoken.impl.DefaultJwtParser.parse(DefaultJwtParser.java:529)
	at io.jsonwebtoken.impl.DefaultJwtParser.parseClaimsJws(DefaultJwtParser.java:589)
	at io.jsonwebtoken.impl.ImmutableJwtParser.parseClaimsJws(ImmutableJwtParser.java:173)
	at com.example.crave.kitchen.portal.service.JwtTokenService.extractAllClaims(JwtTokenService.java:141)
	at com.example.crave.kitchen.portal.service.JwtTokenService.extractClaim(JwtTokenService.java:128)
	at com.example.crave.kitchen.portal.service.JwtTokenService.extractEmail(JwtTokenService.java:114)
	at com.example.crave.kitchen.portal.config.JwtAuthenticationFilter.doFilterInternal(JwtAuthenticationFilter.java:63)
	at org.springframework.web.filter.OncePerRequestFilter.doFilter(OncePerRequestFilter.java:116)
	at org.springframework.security.web.FilterChainProxy$VirtualFilterChain.doFilter(FilterChainProxy.java:374)
	at org.springframework.security.web.authentication.logout.LogoutFilter.doFilter(LogoutFilter.java:107)
	at org.springframework.security.web.authentication.logout.LogoutFilter.doFilter(LogoutFilter.java:93)
	at org.springframework.security.web.FilterChainProxy$VirtualFilterChain.doFilter(FilterChainProxy.java:374)
	at org.springframework.security.web.header.HeaderWriterFilter.doHeadersAfter(HeaderWriterFilter.java:90)
	at org.springframework.security.web.header.HeaderWriterFilter.doFilterInternal(HeaderWriterFilter.java:75)
	at org.springframework.web.filter.OncePerRequestFilter.doFilter(OncePerRequestFilter.java:116)
	at org.springframework.security.web.FilterChainProxy$VirtualFilterChain.doFilter(FilterChainProxy.java:374)
	at org.springframework.security.web.context.SecurityContextHolderFilter.doFilter(SecurityContextHolderFilter.java:82)
	at org.springframework.security.web.context.SecurityContextHolderFilter.doFilter(SecurityContextHolderFilter.java:69)
	at org.springframework.security.web.FilterChainProxy$VirtualFilterChain.doFilter(FilterChainProxy.java:374)
	at org.springframework.security.web.context.request.async.WebAsyncManagerIntegrationFilter.doFilterInternal(WebAsyncManagerIntegrationFilter.java:62)
	at org.springframework.web.filter.OncePerRequestFilter.doFilter(OncePerRequestFilter.java:116)
	at org.springframework.security.web.FilterChainProxy$VirtualFilterChain.doFilter(FilterChainProxy.java:374)
	at org.springframework.security.web.session.DisableEncodeUrlFilter.doFilterInternal(DisableEncodeUrlFilter.java:42)
	at org.springframework.web.filter.OncePerRequestFilter.doFilter(OncePerRequestFilter.java:116)
	at org.springframework.security.web.FilterChainProxy$VirtualFilterChain.doFilter(FilterChainProxy.java:374)
	at org.springframework.security.web.FilterChainProxy.doFilterInternal(FilterChainProxy.java:233)
	at org.springframework.security.web.FilterChainProxy.doFilter(FilterChainProxy.java:191)
	at org.springframework.web.filter.CompositeFilter$VirtualFilterChain.doFilter(CompositeFilter.java:113)
	at org.springframework.web.filter.ServletRequestPathFilter.doFilter(ServletRequestPathFilter.java:52)
	at org.springframework.web.filter.CompositeFilter$VirtualFilterChain.doFilter(CompositeFilter.java:113)
	at org.springframework.web.filter.CompositeFilter.doFilter(CompositeFilter.java:74)
	at org.springframework.security.config.annotation.web.configuration.WebSecurityConfiguration$CompositeFilterChainProxy.doFilter(WebSecurityConfiguration.java:319)
	at org.springframework.web.filter.CompositeFilter$VirtualFilterChain.doFilter(CompositeFilter.java:113)
	at org.springframework.web.servlet.handler.HandlerMappingIntrospector.lambda$createCacheFilter$4(HandlerMappingIntrospector.java:267)
	at org.springframework.web.filter.CompositeFilter$VirtualFilterChain.doFilter(CompositeFilter.java:113)
	at org.springframework.web.filter.CompositeFilter.doFilter(CompositeFilter.java:74)
	at org.springframework.security.config.annotation.web.configuration.WebMvcSecurityConfiguration$CompositeFilterChainProxy.doFilter(WebMvcSecurityConfiguration.java:240)
	at org.springframework.web.filter.DelegatingFilterProxy.invokeDelegate(DelegatingFilterProxy.java:362)
	at org.springframework.web.filter.DelegatingFilterProxy.doFilter(DelegatingFilterProxy.java:278)
	at org.apache.catalina.core.ApplicationFilterChain.internalDoFilter(ApplicationFilterChain.java:164)
	at org.apache.catalina.core.ApplicationFilterChain.doFilter(ApplicationFilterChain.java:140)
	at org.springframework.web.filter.RequestContextFilter.doFilterInternal(RequestContextFilter.java:100)
	at org.springframework.web.filter.OncePerRequestFilter.doFilter(OncePerRequestFilter.java:116)
	at org.apache.catalina.core.ApplicationFilterChain.internalDoFilter(ApplicationFilterChain.java:164)
	at org.apache.catalina.core.ApplicationFilterChain.doFilter(ApplicationFilterChain.java:140)
	at org.springframework.web.filter.FormContentFilter.doFilterInternal(FormContentFilter.java:93)
	at org.springframework.web.filter.OncePerRequestFilter.doFilter(OncePerRequestFilter.java:116)
	at org.apache.catalina.core.ApplicationFilterChain.internalDoFilter(ApplicationFilterChain.java:164)
	at org.apache.catalina.core.ApplicationFilterChain.doFilter(ApplicationFilterChain.java:140)
	at org.springframework.web.filter.CharacterEncodingFilter.doFilterInternal(CharacterEncodingFilter.java:201)
	at org.springframework.web.filter.OncePerRequestFilter.doFilter(OncePerRequestFilter.java:116)
	at org.apache.catalina.core.ApplicationFilterChain.internalDoFilter(ApplicationFilterChain.java:164)
	at org.apache.catalina.core.ApplicationFilterChain.doFilter(ApplicationFilterChain.java:140)
	at org.apache.catalina.core.StandardWrapperValve.invoke(StandardWrapperValve.java:167)
	at org.apache.catalina.core.StandardContextValve.invoke(StandardContextValve.java:90)
	at org.apache.catalina.authenticator.AuthenticatorBase.invoke(AuthenticatorBase.java:483)
	at org.apache.catalina.core.StandardHostValve.invoke(StandardHostValve.java:116)
	at org.apache.catalina.valves.ErrorReportValve.invoke(ErrorReportValve.java:93)
	at org.apache.catalina.core.StandardEngineValve.invoke(StandardEngineValve.java:74)
	at org.apache.catalina.connector.CoyoteAdapter.service(CoyoteAdapter.java:344)
	at org.apache.coyote.http11.Http11Processor.service(Http11Processor.java:398)
	at org.apache.coyote.AbstractProcessorLight.process(AbstractProcessorLight.java:63)
	at org.apache.coyote.AbstractProtocol$ConnectionHandler.process(AbstractProtocol.java:903)
	at org.apache.tomcat.util.net.NioEndpoint$SocketProcessor.doRun(NioEndpoint.java:1769)
	at org.apache.tomcat.util.net.SocketProcessorBase.run(SocketProcessorBase.java:52)
	at org.apache.tomcat.util.threads.ThreadPoolExecutor.runWorker(ThreadPoolExecutor.java:1189)
	at org.apache.tomcat.util.threads.ThreadPoolExecutor$Worker.run(ThreadPoolExecutor.java:658)
	at org.apache.tomcat.util.threads.TaskThread$WrappingRunnable.run(TaskThread.java:63)
	at java.base/java.lang.Thread.run(Thread.java:842)
2025-08-03 23:32:18.301 [http-nio-9090-exec-2] DEBUG o.s.s.w.a.AnonymousAuthenticationFilter - Set SecurityContextHolder to anonymous SecurityContext
2025-08-03 23:32:18.301 [http-nio-9090-exec-4] DEBUG o.s.s.w.a.AnonymousAuthenticationFilter - Set SecurityContextHolder to anonymous SecurityContext
2025-08-03 23:32:18.301 [http-nio-9090-exec-4] DEBUG o.s.security.web.FilterChainProxy - Secured GET /api/analytics/revenue/overview?vendorId=2&period=today
2025-08-03 23:32:18.301 [http-nio-9090-exec-2] DEBUG o.s.security.web.FilterChainProxy - Secured GET /api/orders?vendorId=2&status=pending
2025-08-03 23:32:18.302 [http-nio-9090-exec-2] DEBUG o.s.web.servlet.DispatcherServlet - GET "/api/orders?vendorId=2&status=pending", parameters={masked}
2025-08-03 23:32:18.302 [http-nio-9090-exec-4] DEBUG o.s.web.servlet.DispatcherServlet - GET "/api/analytics/revenue/overview?vendorId=2&period=today", parameters={masked}
2025-08-03 23:32:18.302 [http-nio-9090-exec-4] DEBUG o.s.w.s.h.SimpleUrlHandlerMapping - Mapped to ResourceHttpRequestHandler [classpath [META-INF/resources/], classpath [resources/], classpath [static/], classpath [public/], ServletContext [/]]
2025-08-03 23:32:18.302 [http-nio-9090-exec-2] DEBUG o.s.w.s.h.SimpleUrlHandlerMapping - Mapped to ResourceHttpRequestHandler [classpath [META-INF/resources/], classpath [resources/], classpath [static/], classpath [public/], ServletContext [/]]
2025-08-03 23:32:18.303 [http-nio-9090-exec-2] DEBUG o.s.o.j.s.OpenEntityManagerInViewInterceptor - Opening JPA EntityManager in OpenEntityManagerInViewInterceptor
2025-08-03 23:32:18.303 [http-nio-9090-exec-4] DEBUG o.s.o.j.s.OpenEntityManagerInViewInterceptor - Opening JPA EntityManager in OpenEntityManagerInViewInterceptor
2025-08-03 23:32:18.303 [http-nio-9090-exec-7] DEBUG o.s.orm.jpa.JpaTransactionManager - Found thread-bound EntityManager [SessionImpl(70206113<open>)] for JPA transaction
2025-08-03 23:32:18.303 [http-nio-9090-exec-7] DEBUG o.s.orm.jpa.JpaTransactionManager - Participating in existing transaction
2025-08-03 23:32:18.303 [http-nio-9090-exec-7] DEBUG org.hibernate.SQL - 
    select
        mce1_0.id,
        mce1_0.created_at,
        mce1_0.description,
        mce1_0.display_order,
        mce1_0.image_url,
        mce1_0.is_active,
        mce1_0.is_featured,
        mce1_0.name,
        mce1_0.updated_at,
        mce1_0.vendor_id 
    from
        ck_menu_categories mce1_0 
    where
        mce1_0.id=?
2025-08-03 23:32:18.304 [http-nio-9090-exec-5] DEBUG org.hibernate.SQL - 
    /* <criteria> */ select
        count(mie1_0.id) 
    from
        ck_menu_items mie1_0 
    where
        mie1_0.category_id=?
2025-08-03 23:32:18.305 [http-nio-9090-exec-5] INFO  c.e.c.k.portal.impl.MenuServiceImpl - === SUCCESS ===
2025-08-03 23:32:18.305 [http-nio-9090-exec-5] INFO  c.e.c.k.portal.impl.MenuServiceImpl - Retrieved 2 categories for vendorId: 2 (Page 1 of 1)
2025-08-03 23:32:18.305 [http-nio-9090-exec-5] INFO  c.e.c.k.portal.impl.MenuServiceImpl - Categories in current page: 2
2025-08-03 23:32:18.305 [http-nio-9090-exec-5] DEBUG o.s.orm.jpa.JpaTransactionManager - Initiating transaction commit
2025-08-03 23:32:18.305 [http-nio-9090-exec-5] DEBUG o.s.orm.jpa.JpaTransactionManager - Committing JPA transaction on EntityManager [SessionImpl(1009169374<open>)]
2025-08-03 23:32:18.306 [http-nio-9090-exec-5] DEBUG o.s.orm.jpa.JpaTransactionManager - Not closing pre-bound JPA EntityManager after transaction
2025-08-03 23:32:18.306 [http-nio-9090-exec-5] INFO  c.e.c.k.p.controller.MenuController - === SUCCESS ===
2025-08-03 23:32:18.306 [http-nio-9090-exec-5] INFO  c.e.c.k.p.controller.MenuController - Retrieved 2 categories for vendorId: 2 (Page 1 of 1)
2025-08-03 23:32:18.306 [http-nio-9090-exec-5] INFO  c.e.c.k.p.controller.MenuController - Categories in current page: 2
2025-08-03 23:32:18.307 [http-nio-9090-exec-5] DEBUG o.s.w.s.m.m.a.HttpEntityMethodProcessor - Using 'application/json', given [application/json] and supported [application/json, application/*+json]
2025-08-03 23:32:18.307 [http-nio-9090-exec-5] DEBUG o.s.w.s.m.m.a.HttpEntityMethodProcessor - Writing [ApiResponseDto(success=true, message=Categories retrieved successfully, error=null, timestamp=null,  (truncated)...]
2025-08-03 23:32:18.309 [http-nio-9090-exec-7] DEBUG org.hibernate.SQL - 
    /* <criteria> */ select
        miie1_0.id,
        miie1_0.alt_text,
        miie1_0.created_at,
        miie1_0.display_order,
        miie1_0.file_name,
        miie1_0.file_size_bytes,
        miie1_0.height_pixels,
        miie1_0.image_type,
        miie1_0.image_url,
        miie1_0.is_primary,
        miie1_0.menu_item_id,
        miie1_0.updated_at,
        miie1_0.width_pixels 
    from
        ck_menu_item_images miie1_0 
    where
        miie1_0.menu_item_id=? 
        and miie1_0.is_primary=?
2025-08-03 23:32:18.309 [http-nio-9090-exec-2] DEBUG o.s.w.s.r.ResourceHttpRequestHandler - Resource not found
2025-08-03 23:32:18.309 [http-nio-9090-exec-4] DEBUG o.s.w.s.r.ResourceHttpRequestHandler - Resource not found
2025-08-03 23:32:18.309 [http-nio-9090-exec-5] DEBUG o.s.o.j.s.OpenEntityManagerInViewInterceptor - Closing JPA EntityManager in OpenEntityManagerInViewInterceptor
2025-08-03 23:32:18.310 [http-nio-9090-exec-2] DEBUG o.s.w.s.m.m.a.ExceptionHandlerExceptionResolver - Using @ExceptionHandler com.example.crave.kitchen.portal.exception.GlobalExceptionHandler#handleGlobalException(Exception, WebRequest)
2025-08-03 23:32:18.310 [http-nio-9090-exec-4] DEBUG o.s.w.s.m.m.a.ExceptionHandlerExceptionResolver - Using @ExceptionHandler com.example.crave.kitchen.portal.exception.GlobalExceptionHandler#handleGlobalException(Exception, WebRequest)
2025-08-03 23:32:18.310 [http-nio-9090-exec-5] DEBUG o.s.web.servlet.DispatcherServlet - Completed 200 OK
2025-08-03 23:32:18.310 [http-nio-9090-exec-4] DEBUG o.s.w.s.m.m.a.HttpEntityMethodProcessor - Using 'application/json', given [application/json] and supported [application/json, application/*+json]
2025-08-03 23:32:18.310 [http-nio-9090-exec-2] DEBUG o.s.w.s.m.m.a.HttpEntityMethodProcessor - Using 'application/json', given [application/json] and supported [application/json, application/*+json]
2025-08-03 23:32:18.311 [http-nio-9090-exec-4] DEBUG o.s.w.s.m.m.a.HttpEntityMethodProcessor - Writing [ApiResponseDto(success=false, message=An unexpected error occurred, error=INTERNAL_SERVER_ERROR, tim (truncated)...]
2025-08-03 23:32:18.311 [http-nio-9090-exec-2] DEBUG o.s.w.s.m.m.a.HttpEntityMethodProcessor - Writing [ApiResponseDto(success=false, message=An unexpected error occurred, error=INTERNAL_SERVER_ERROR, tim (truncated)...]
2025-08-03 23:32:18.312 [http-nio-9090-exec-2] DEBUG o.s.w.s.m.m.a.ExceptionHandlerExceptionResolver - Resolved [org.springframework.web.servlet.resource.NoResourceFoundException: No static resource api/orders.]
2025-08-03 23:32:18.312 [http-nio-9090-exec-7] DEBUG o.s.orm.jpa.JpaTransactionManager - Found thread-bound EntityManager [SessionImpl(70206113<open>)] for JPA transaction
2025-08-03 23:32:18.312 [http-nio-9090-exec-4] DEBUG o.s.w.s.m.m.a.ExceptionHandlerExceptionResolver - Resolved [org.springframework.web.servlet.resource.NoResourceFoundException: No static resource api/analytics/revenue/overview.]
2025-08-03 23:32:18.313 [http-nio-9090-exec-7] DEBUG o.s.orm.jpa.JpaTransactionManager - Participating in existing transaction
2025-08-03 23:32:18.313 [http-nio-9090-exec-2] DEBUG o.s.o.j.s.OpenEntityManagerInViewInterceptor - Closing JPA EntityManager in OpenEntityManagerInViewInterceptor
2025-08-03 23:32:18.313 [http-nio-9090-exec-4] DEBUG o.s.o.j.s.OpenEntityManagerInViewInterceptor - Closing JPA EntityManager in OpenEntityManagerInViewInterceptor
2025-08-03 23:32:18.313 [http-nio-9090-exec-2] DEBUG o.s.web.servlet.DispatcherServlet - Completed 500 INTERNAL_SERVER_ERROR
2025-08-03 23:32:18.313 [http-nio-9090-exec-4] DEBUG o.s.web.servlet.DispatcherServlet - Completed 500 INTERNAL_SERVER_ERROR
2025-08-03 23:32:18.314 [http-nio-9090-exec-7] DEBUG org.hibernate.SQL - 
    select
        mce1_0.id,
        mce1_0.created_at,
        mce1_0.description,
        mce1_0.display_order,
        mce1_0.image_url,
        mce1_0.is_active,
        mce1_0.is_featured,
        mce1_0.name,
        mce1_0.updated_at,
        mce1_0.vendor_id 
    from
        ck_menu_categories mce1_0 
    where
        mce1_0.id=?
2025-08-03 23:32:18.324 [http-nio-9090-exec-7] DEBUG org.hibernate.SQL - 
    /* <criteria> */ select
        miie1_0.id,
        miie1_0.alt_text,
        miie1_0.created_at,
        miie1_0.display_order,
        miie1_0.file_name,
        miie1_0.file_size_bytes,
        miie1_0.height_pixels,
        miie1_0.image_type,
        miie1_0.image_url,
        miie1_0.is_primary,
        miie1_0.menu_item_id,
        miie1_0.updated_at,
        miie1_0.width_pixels 
    from
        ck_menu_item_images miie1_0 
    where
        miie1_0.menu_item_id=? 
        and miie1_0.is_primary=?
2025-08-03 23:32:18.328 [http-nio-9090-exec-7] INFO  c.e.c.k.portal.impl.MenuServiceImpl - Successfully fetched 2 menu items for vendorId: 2
2025-08-03 23:32:18.328 [http-nio-9090-exec-7] DEBUG o.s.orm.jpa.JpaTransactionManager - Initiating transaction commit
2025-08-03 23:32:18.328 [http-nio-9090-exec-7] DEBUG o.s.orm.jpa.JpaTransactionManager - Committing JPA transaction on EntityManager [SessionImpl(70206113<open>)]
2025-08-03 23:32:18.329 [http-nio-9090-exec-7] DEBUG o.s.orm.jpa.JpaTransactionManager - Not closing pre-bound JPA EntityManager after transaction
2025-08-03 23:32:18.329 [http-nio-9090-exec-7] INFO  c.e.c.k.p.controller.MenuController - Successfully retrieved 2 menu items for vendorId: 2
2025-08-03 23:32:18.330 [http-nio-9090-exec-7] DEBUG o.s.w.s.m.m.a.HttpEntityMethodProcessor - Using 'application/json', given [application/json] and supported [application/json, application/*+json]
2025-08-03 23:32:18.330 [http-nio-9090-exec-7] DEBUG o.s.w.s.m.m.a.HttpEntityMethodProcessor - Writing [ApiResponseDto(success=true, message=Menu items retrieved successfully, error=null, timestamp=null,  (truncated)...]
2025-08-03 23:32:18.331 [http-nio-9090-exec-7] DEBUG o.s.o.j.s.OpenEntityManagerInViewInterceptor - Closing JPA EntityManager in OpenEntityManagerInViewInterceptor
2025-08-03 23:32:18.332 [http-nio-9090-exec-7] DEBUG o.s.web.servlet.DispatcherServlet - Completed 200 OK
2025-08-03 23:32:18.354 [http-nio-9090-exec-8] DEBUG o.s.security.web.FilterChainProxy - Securing GET /api/analytics/revenue/top-items?vendorId=2&limit=10
2025-08-03 23:32:18.355 [http-nio-9090-exec-8] DEBUG c.e.c.k.p.c.JwtAuthenticationFilter - Extracted token from Bearer Authorization header
2025-08-03 23:32:18.357 [http-nio-9090-exec-8] WARN  c.e.c.k.p.service.JwtTokenService - JWT token is expired: JWT expired at 2025-08-03T17:14:14Z. Current time: 2025-08-03T18:02:18Z, a difference of 2854357 milliseconds.  Allowed clock skew: 30000 milliseconds.
2025-08-03 23:32:18.357 [http-nio-9090-exec-8] ERROR c.e.c.k.p.c.JwtAuthenticationFilter - Error processing JWT token
io.jsonwebtoken.ExpiredJwtException: JWT expired at 2025-08-03T17:14:14Z. Current time: 2025-08-03T18:02:18Z, a difference of 2854357 milliseconds.  Allowed clock skew: 30000 milliseconds.
	at io.jsonwebtoken.impl.DefaultJwtParser.parse(DefaultJwtParser.java:427)
	at io.jsonwebtoken.impl.DefaultJwtParser.parse(DefaultJwtParser.java:529)
	at io.jsonwebtoken.impl.DefaultJwtParser.parseClaimsJws(DefaultJwtParser.java:589)
	at io.jsonwebtoken.impl.ImmutableJwtParser.parseClaimsJws(ImmutableJwtParser.java:173)
	at com.example.crave.kitchen.portal.service.JwtTokenService.extractAllClaims(JwtTokenService.java:141)
	at com.example.crave.kitchen.portal.service.JwtTokenService.extractClaim(JwtTokenService.java:128)
	at com.example.crave.kitchen.portal.service.JwtTokenService.extractEmail(JwtTokenService.java:114)
	at com.example.crave.kitchen.portal.config.JwtAuthenticationFilter.doFilterInternal(JwtAuthenticationFilter.java:63)
	at org.springframework.web.filter.OncePerRequestFilter.doFilter(OncePerRequestFilter.java:116)
	at org.springframework.security.web.FilterChainProxy$VirtualFilterChain.doFilter(FilterChainProxy.java:374)
	at org.springframework.security.web.authentication.logout.LogoutFilter.doFilter(LogoutFilter.java:107)
	at org.springframework.security.web.authentication.logout.LogoutFilter.doFilter(LogoutFilter.java:93)
	at org.springframework.security.web.FilterChainProxy$VirtualFilterChain.doFilter(FilterChainProxy.java:374)
	at org.springframework.security.web.header.HeaderWriterFilter.doHeadersAfter(HeaderWriterFilter.java:90)
	at org.springframework.security.web.header.HeaderWriterFilter.doFilterInternal(HeaderWriterFilter.java:75)
	at org.springframework.web.filter.OncePerRequestFilter.doFilter(OncePerRequestFilter.java:116)
	at org.springframework.security.web.FilterChainProxy$VirtualFilterChain.doFilter(FilterChainProxy.java:374)
	at org.springframework.security.web.context.SecurityContextHolderFilter.doFilter(SecurityContextHolderFilter.java:82)
	at org.springframework.security.web.context.SecurityContextHolderFilter.doFilter(SecurityContextHolderFilter.java:69)
	at org.springframework.security.web.FilterChainProxy$VirtualFilterChain.doFilter(FilterChainProxy.java:374)
	at org.springframework.security.web.context.request.async.WebAsyncManagerIntegrationFilter.doFilterInternal(WebAsyncManagerIntegrationFilter.java:62)
	at org.springframework.web.filter.OncePerRequestFilter.doFilter(OncePerRequestFilter.java:116)
	at org.springframework.security.web.FilterChainProxy$VirtualFilterChain.doFilter(FilterChainProxy.java:374)
	at org.springframework.security.web.session.DisableEncodeUrlFilter.doFilterInternal(DisableEncodeUrlFilter.java:42)
	at org.springframework.web.filter.OncePerRequestFilter.doFilter(OncePerRequestFilter.java:116)
	at org.springframework.security.web.FilterChainProxy$VirtualFilterChain.doFilter(FilterChainProxy.java:374)
	at org.springframework.security.web.FilterChainProxy.doFilterInternal(FilterChainProxy.java:233)
	at org.springframework.security.web.FilterChainProxy.doFilter(FilterChainProxy.java:191)
	at org.springframework.web.filter.CompositeFilter$VirtualFilterChain.doFilter(CompositeFilter.java:113)
	at org.springframework.web.filter.ServletRequestPathFilter.doFilter(ServletRequestPathFilter.java:52)
	at org.springframework.web.filter.CompositeFilter$VirtualFilterChain.doFilter(CompositeFilter.java:113)
	at org.springframework.web.filter.CompositeFilter.doFilter(CompositeFilter.java:74)
	at org.springframework.security.config.annotation.web.configuration.WebSecurityConfiguration$CompositeFilterChainProxy.doFilter(WebSecurityConfiguration.java:319)
	at org.springframework.web.filter.CompositeFilter$VirtualFilterChain.doFilter(CompositeFilter.java:113)
	at org.springframework.web.servlet.handler.HandlerMappingIntrospector.lambda$createCacheFilter$4(HandlerMappingIntrospector.java:267)
	at org.springframework.web.filter.CompositeFilter$VirtualFilterChain.doFilter(CompositeFilter.java:113)
	at org.springframework.web.filter.CompositeFilter.doFilter(CompositeFilter.java:74)
	at org.springframework.security.config.annotation.web.configuration.WebMvcSecurityConfiguration$CompositeFilterChainProxy.doFilter(WebMvcSecurityConfiguration.java:240)
	at org.springframework.web.filter.DelegatingFilterProxy.invokeDelegate(DelegatingFilterProxy.java:362)
	at org.springframework.web.filter.DelegatingFilterProxy.doFilter(DelegatingFilterProxy.java:278)
	at org.apache.catalina.core.ApplicationFilterChain.internalDoFilter(ApplicationFilterChain.java:164)
	at org.apache.catalina.core.ApplicationFilterChain.doFilter(ApplicationFilterChain.java:140)
	at org.springframework.web.filter.RequestContextFilter.doFilterInternal(RequestContextFilter.java:100)
	at org.springframework.web.filter.OncePerRequestFilter.doFilter(OncePerRequestFilter.java:116)
	at org.apache.catalina.core.ApplicationFilterChain.internalDoFilter(ApplicationFilterChain.java:164)
	at org.apache.catalina.core.ApplicationFilterChain.doFilter(ApplicationFilterChain.java:140)
	at org.springframework.web.filter.FormContentFilter.doFilterInternal(FormContentFilter.java:93)
	at org.springframework.web.filter.OncePerRequestFilter.doFilter(OncePerRequestFilter.java:116)
	at org.apache.catalina.core.ApplicationFilterChain.internalDoFilter(ApplicationFilterChain.java:164)
	at org.apache.catalina.core.ApplicationFilterChain.doFilter(ApplicationFilterChain.java:140)
	at org.springframework.web.filter.CharacterEncodingFilter.doFilterInternal(CharacterEncodingFilter.java:201)
	at org.springframework.web.filter.OncePerRequestFilter.doFilter(OncePerRequestFilter.java:116)
	at org.apache.catalina.core.ApplicationFilterChain.internalDoFilter(ApplicationFilterChain.java:164)
	at org.apache.catalina.core.ApplicationFilterChain.doFilter(ApplicationFilterChain.java:140)
	at org.apache.catalina.core.StandardWrapperValve.invoke(StandardWrapperValve.java:167)
	at org.apache.catalina.core.StandardContextValve.invoke(StandardContextValve.java:90)
	at org.apache.catalina.authenticator.AuthenticatorBase.invoke(AuthenticatorBase.java:483)
	at org.apache.catalina.core.StandardHostValve.invoke(StandardHostValve.java:116)
	at org.apache.catalina.valves.ErrorReportValve.invoke(ErrorReportValve.java:93)
	at org.apache.catalina.core.StandardEngineValve.invoke(StandardEngineValve.java:74)
	at org.apache.catalina.connector.CoyoteAdapter.service(CoyoteAdapter.java:344)
	at org.apache.coyote.http11.Http11Processor.service(Http11Processor.java:398)
	at org.apache.coyote.AbstractProcessorLight.process(AbstractProcessorLight.java:63)
	at org.apache.coyote.AbstractProtocol$ConnectionHandler.process(AbstractProtocol.java:903)
	at org.apache.tomcat.util.net.NioEndpoint$SocketProcessor.doRun(NioEndpoint.java:1769)
	at org.apache.tomcat.util.net.SocketProcessorBase.run(SocketProcessorBase.java:52)
	at org.apache.tomcat.util.threads.ThreadPoolExecutor.runWorker(ThreadPoolExecutor.java:1189)
	at org.apache.tomcat.util.threads.ThreadPoolExecutor$Worker.run(ThreadPoolExecutor.java:658)
	at org.apache.tomcat.util.threads.TaskThread$WrappingRunnable.run(TaskThread.java:63)
	at java.base/java.lang.Thread.run(Thread.java:842)
2025-08-03 23:32:18.358 [http-nio-9090-exec-8] DEBUG o.s.s.w.a.AnonymousAuthenticationFilter - Set SecurityContextHolder to anonymous SecurityContext
2025-08-03 23:32:18.358 [http-nio-9090-exec-8] DEBUG o.s.security.web.FilterChainProxy - Secured GET /api/analytics/revenue/top-items?vendorId=2&limit=10
2025-08-03 23:32:18.358 [http-nio-9090-exec-8] DEBUG o.s.web.servlet.DispatcherServlet - GET "/api/analytics/revenue/top-items?vendorId=2&limit=10", parameters={masked}
2025-08-03 23:32:18.359 [http-nio-9090-exec-8] DEBUG o.s.w.s.h.SimpleUrlHandlerMapping - Mapped to ResourceHttpRequestHandler [classpath [META-INF/resources/], classpath [resources/], classpath [static/], classpath [public/], ServletContext [/]]
2025-08-03 23:32:18.359 [http-nio-9090-exec-8] DEBUG o.s.o.j.s.OpenEntityManagerInViewInterceptor - Opening JPA EntityManager in OpenEntityManagerInViewInterceptor
2025-08-03 23:32:18.361 [http-nio-9090-exec-8] DEBUG o.s.w.s.r.ResourceHttpRequestHandler - Resource not found
2025-08-03 23:32:18.362 [http-nio-9090-exec-8] DEBUG o.s.w.s.m.m.a.ExceptionHandlerExceptionResolver - Using @ExceptionHandler com.example.crave.kitchen.portal.exception.GlobalExceptionHandler#handleGlobalException(Exception, WebRequest)
2025-08-03 23:32:18.363 [http-nio-9090-exec-8] DEBUG o.s.w.s.m.m.a.HttpEntityMethodProcessor - Using 'application/json', given [application/json] and supported [application/json, application/*+json]
2025-08-03 23:32:18.363 [http-nio-9090-exec-8] DEBUG o.s.w.s.m.m.a.HttpEntityMethodProcessor - Writing [ApiResponseDto(success=false, message=An unexpected error occurred, error=INTERNAL_SERVER_ERROR, tim (truncated)...]
2025-08-03 23:32:18.365 [http-nio-9090-exec-8] DEBUG o.s.w.s.m.m.a.ExceptionHandlerExceptionResolver - Resolved [org.springframework.web.servlet.resource.NoResourceFoundException: No static resource api/analytics/revenue/top-items.]
2025-08-03 23:32:18.366 [http-nio-9090-exec-8] DEBUG o.s.o.j.s.OpenEntityManagerInViewInterceptor - Closing JPA EntityManager in OpenEntityManagerInViewInterceptor
2025-08-03 23:32:18.366 [http-nio-9090-exec-8] DEBUG o.s.web.servlet.DispatcherServlet - Completed 500 INTERNAL_SERVER_ERROR
2025-08-03 23:32:18.405 [http-nio-9090-exec-1] DEBUG o.s.security.web.FilterChainProxy - Securing GET /api/analytics/revenue/trends?vendorId=2&period=today
2025-08-03 23:32:18.407 [http-nio-9090-exec-1] DEBUG c.e.c.k.p.c.JwtAuthenticationFilter - Extracted token from Bearer Authorization header
2025-08-03 23:32:18.416 [http-nio-9090-exec-1] WARN  c.e.c.k.p.service.JwtTokenService - JWT token is expired: JWT expired at 2025-08-03T17:14:14Z. Current time: 2025-08-03T18:02:18Z, a difference of 2854415 milliseconds.  Allowed clock skew: 30000 milliseconds.
2025-08-03 23:32:18.416 [http-nio-9090-exec-1] ERROR c.e.c.k.p.c.JwtAuthenticationFilter - Error processing JWT token
io.jsonwebtoken.ExpiredJwtException: JWT expired at 2025-08-03T17:14:14Z. Current time: 2025-08-03T18:02:18Z, a difference of 2854415 milliseconds.  Allowed clock skew: 30000 milliseconds.
	at io.jsonwebtoken.impl.DefaultJwtParser.parse(DefaultJwtParser.java:427)
	at io.jsonwebtoken.impl.DefaultJwtParser.parse(DefaultJwtParser.java:529)
	at io.jsonwebtoken.impl.DefaultJwtParser.parseClaimsJws(DefaultJwtParser.java:589)
	at io.jsonwebtoken.impl.ImmutableJwtParser.parseClaimsJws(ImmutableJwtParser.java:173)
	at com.example.crave.kitchen.portal.service.JwtTokenService.extractAllClaims(JwtTokenService.java:141)
	at com.example.crave.kitchen.portal.service.JwtTokenService.extractClaim(JwtTokenService.java:128)
	at com.example.crave.kitchen.portal.service.JwtTokenService.extractEmail(JwtTokenService.java:114)
	at com.example.crave.kitchen.portal.config.JwtAuthenticationFilter.doFilterInternal(JwtAuthenticationFilter.java:63)
	at org.springframework.web.filter.OncePerRequestFilter.doFilter(OncePerRequestFilter.java:116)
	at org.springframework.security.web.FilterChainProxy$VirtualFilterChain.doFilter(FilterChainProxy.java:374)
	at org.springframework.security.web.authentication.logout.LogoutFilter.doFilter(LogoutFilter.java:107)
	at org.springframework.security.web.authentication.logout.LogoutFilter.doFilter(LogoutFilter.java:93)
	at org.springframework.security.web.FilterChainProxy$VirtualFilterChain.doFilter(FilterChainProxy.java:374)
	at org.springframework.security.web.header.HeaderWriterFilter.doHeadersAfter(HeaderWriterFilter.java:90)
	at org.springframework.security.web.header.HeaderWriterFilter.doFilterInternal(HeaderWriterFilter.java:75)
	at org.springframework.web.filter.OncePerRequestFilter.doFilter(OncePerRequestFilter.java:116)
	at org.springframework.security.web.FilterChainProxy$VirtualFilterChain.doFilter(FilterChainProxy.java:374)
	at org.springframework.security.web.context.SecurityContextHolderFilter.doFilter(SecurityContextHolderFilter.java:82)
	at org.springframework.security.web.context.SecurityContextHolderFilter.doFilter(SecurityContextHolderFilter.java:69)
	at org.springframework.security.web.FilterChainProxy$VirtualFilterChain.doFilter(FilterChainProxy.java:374)
	at org.springframework.security.web.context.request.async.WebAsyncManagerIntegrationFilter.doFilterInternal(WebAsyncManagerIntegrationFilter.java:62)
	at org.springframework.web.filter.OncePerRequestFilter.doFilter(OncePerRequestFilter.java:116)
	at org.springframework.security.web.FilterChainProxy$VirtualFilterChain.doFilter(FilterChainProxy.java:374)
	at org.springframework.security.web.session.DisableEncodeUrlFilter.doFilterInternal(DisableEncodeUrlFilter.java:42)
	at org.springframework.web.filter.OncePerRequestFilter.doFilter(OncePerRequestFilter.java:116)
	at org.springframework.security.web.FilterChainProxy$VirtualFilterChain.doFilter(FilterChainProxy.java:374)
	at org.springframework.security.web.FilterChainProxy.doFilterInternal(FilterChainProxy.java:233)
	at org.springframework.security.web.FilterChainProxy.doFilter(FilterChainProxy.java:191)
	at org.springframework.web.filter.CompositeFilter$VirtualFilterChain.doFilter(CompositeFilter.java:113)
	at org.springframework.web.filter.ServletRequestPathFilter.doFilter(ServletRequestPathFilter.java:52)
	at org.springframework.web.filter.CompositeFilter$VirtualFilterChain.doFilter(CompositeFilter.java:113)
	at org.springframework.web.filter.CompositeFilter.doFilter(CompositeFilter.java:74)
	at org.springframework.security.config.annotation.web.configuration.WebSecurityConfiguration$CompositeFilterChainProxy.doFilter(WebSecurityConfiguration.java:319)
	at org.springframework.web.filter.CompositeFilter$VirtualFilterChain.doFilter(CompositeFilter.java:113)
	at org.springframework.web.servlet.handler.HandlerMappingIntrospector.lambda$createCacheFilter$4(HandlerMappingIntrospector.java:267)
	at org.springframework.web.filter.CompositeFilter$VirtualFilterChain.doFilter(CompositeFilter.java:113)
	at org.springframework.web.filter.CompositeFilter.doFilter(CompositeFilter.java:74)
	at org.springframework.security.config.annotation.web.configuration.WebMvcSecurityConfiguration$CompositeFilterChainProxy.doFilter(WebMvcSecurityConfiguration.java:240)
	at org.springframework.web.filter.DelegatingFilterProxy.invokeDelegate(DelegatingFilterProxy.java:362)
	at org.springframework.web.filter.DelegatingFilterProxy.doFilter(DelegatingFilterProxy.java:278)
	at org.apache.catalina.core.ApplicationFilterChain.internalDoFilter(ApplicationFilterChain.java:164)
	at org.apache.catalina.core.ApplicationFilterChain.doFilter(ApplicationFilterChain.java:140)
	at org.springframework.web.filter.RequestContextFilter.doFilterInternal(RequestContextFilter.java:100)
	at org.springframework.web.filter.OncePerRequestFilter.doFilter(OncePerRequestFilter.java:116)
	at org.apache.catalina.core.ApplicationFilterChain.internalDoFilter(ApplicationFilterChain.java:164)
	at org.apache.catalina.core.ApplicationFilterChain.doFilter(ApplicationFilterChain.java:140)
	at org.springframework.web.filter.FormContentFilter.doFilterInternal(FormContentFilter.java:93)
	at org.springframework.web.filter.OncePerRequestFilter.doFilter(OncePerRequestFilter.java:116)
	at org.apache.catalina.core.ApplicationFilterChain.internalDoFilter(ApplicationFilterChain.java:164)
	at org.apache.catalina.core.ApplicationFilterChain.doFilter(ApplicationFilterChain.java:140)
	at org.springframework.web.filter.CharacterEncodingFilter.doFilterInternal(CharacterEncodingFilter.java:201)
	at org.springframework.web.filter.OncePerRequestFilter.doFilter(OncePerRequestFilter.java:116)
	at org.apache.catalina.core.ApplicationFilterChain.internalDoFilter(ApplicationFilterChain.java:164)
	at org.apache.catalina.core.ApplicationFilterChain.doFilter(ApplicationFilterChain.java:140)
	at org.apache.catalina.core.StandardWrapperValve.invoke(StandardWrapperValve.java:167)
	at org.apache.catalina.core.StandardContextValve.invoke(StandardContextValve.java:90)
	at org.apache.catalina.authenticator.AuthenticatorBase.invoke(AuthenticatorBase.java:483)
	at org.apache.catalina.core.StandardHostValve.invoke(StandardHostValve.java:116)
	at org.apache.catalina.valves.ErrorReportValve.invoke(ErrorReportValve.java:93)
	at org.apache.catalina.core.StandardEngineValve.invoke(StandardEngineValve.java:74)
	at org.apache.catalina.connector.CoyoteAdapter.service(CoyoteAdapter.java:344)
	at org.apache.coyote.http11.Http11Processor.service(Http11Processor.java:398)
	at org.apache.coyote.AbstractProcessorLight.process(AbstractProcessorLight.java:63)
	at org.apache.coyote.AbstractProtocol$ConnectionHandler.process(AbstractProtocol.java:903)
	at org.apache.tomcat.util.net.NioEndpoint$SocketProcessor.doRun(NioEndpoint.java:1769)
	at org.apache.tomcat.util.net.SocketProcessorBase.run(SocketProcessorBase.java:52)
	at org.apache.tomcat.util.threads.ThreadPoolExecutor.runWorker(ThreadPoolExecutor.java:1189)
	at org.apache.tomcat.util.threads.ThreadPoolExecutor$Worker.run(ThreadPoolExecutor.java:658)
	at org.apache.tomcat.util.threads.TaskThread$WrappingRunnable.run(TaskThread.java:63)
	at java.base/java.lang.Thread.run(Thread.java:842)
2025-08-03 23:32:18.418 [http-nio-9090-exec-1] DEBUG o.s.s.w.a.AnonymousAuthenticationFilter - Set SecurityContextHolder to anonymous SecurityContext
2025-08-03 23:32:18.418 [http-nio-9090-exec-1] DEBUG o.s.security.web.FilterChainProxy - Secured GET /api/analytics/revenue/trends?vendorId=2&period=today
2025-08-03 23:32:18.418 [http-nio-9090-exec-1] DEBUG o.s.web.servlet.DispatcherServlet - GET "/api/analytics/revenue/trends?vendorId=2&period=today", parameters={masked}
2025-08-03 23:32:18.419 [http-nio-9090-exec-1] DEBUG o.s.w.s.h.SimpleUrlHandlerMapping - Mapped to ResourceHttpRequestHandler [classpath [META-INF/resources/], classpath [resources/], classpath [static/], classpath [public/], ServletContext [/]]
2025-08-03 23:32:18.419 [http-nio-9090-exec-1] DEBUG o.s.o.j.s.OpenEntityManagerInViewInterceptor - Opening JPA EntityManager in OpenEntityManagerInViewInterceptor
2025-08-03 23:32:18.421 [http-nio-9090-exec-1] DEBUG o.s.w.s.r.ResourceHttpRequestHandler - Resource not found
2025-08-03 23:32:18.422 [http-nio-9090-exec-1] DEBUG o.s.w.s.m.m.a.ExceptionHandlerExceptionResolver - Using @ExceptionHandler com.example.crave.kitchen.portal.exception.GlobalExceptionHandler#handleGlobalException(Exception, WebRequest)
2025-08-03 23:32:18.422 [http-nio-9090-exec-1] DEBUG o.s.w.s.m.m.a.HttpEntityMethodProcessor - Using 'application/json', given [application/json] and supported [application/json, application/*+json]
2025-08-03 23:32:18.422 [http-nio-9090-exec-1] DEBUG o.s.w.s.m.m.a.HttpEntityMethodProcessor - Writing [ApiResponseDto(success=false, message=An unexpected error occurred, error=INTERNAL_SERVER_ERROR, tim (truncated)...]
2025-08-03 23:32:18.423 [http-nio-9090-exec-1] DEBUG o.s.w.s.m.m.a.ExceptionHandlerExceptionResolver - Resolved [org.springframework.web.servlet.resource.NoResourceFoundException: No static resource api/analytics/revenue/trends.]
2025-08-03 23:32:18.424 [http-nio-9090-exec-1] DEBUG o.s.o.j.s.OpenEntityManagerInViewInterceptor - Closing JPA EntityManager in OpenEntityManagerInViewInterceptor
2025-08-03 23:32:18.424 [http-nio-9090-exec-1] DEBUG o.s.web.servlet.DispatcherServlet - Completed 500 INTERNAL_SERVER_ERROR
2025-08-03 23:32:18.469 [http-nio-9090-exec-3] DEBUG o.s.security.web.FilterChainProxy - Securing GET /api/analytics/orders/analytics?vendorId=2&period=today
2025-08-03 23:32:18.469 [http-nio-9090-exec-3] DEBUG c.e.c.k.p.c.JwtAuthenticationFilter - Extracted token from Bearer Authorization header
2025-08-03 23:32:18.473 [http-nio-9090-exec-3] WARN  c.e.c.k.p.service.JwtTokenService - JWT token is expired: JWT expired at 2025-08-03T17:14:14Z. Current time: 2025-08-03T18:02:18Z, a difference of 2854473 milliseconds.  Allowed clock skew: 30000 milliseconds.
2025-08-03 23:32:18.473 [http-nio-9090-exec-3] ERROR c.e.c.k.p.c.JwtAuthenticationFilter - Error processing JWT token
io.jsonwebtoken.ExpiredJwtException: JWT expired at 2025-08-03T17:14:14Z. Current time: 2025-08-03T18:02:18Z, a difference of 2854473 milliseconds.  Allowed clock skew: 30000 milliseconds.
	at io.jsonwebtoken.impl.DefaultJwtParser.parse(DefaultJwtParser.java:427)
	at io.jsonwebtoken.impl.DefaultJwtParser.parse(DefaultJwtParser.java:529)
	at io.jsonwebtoken.impl.DefaultJwtParser.parseClaimsJws(DefaultJwtParser.java:589)
	at io.jsonwebtoken.impl.ImmutableJwtParser.parseClaimsJws(ImmutableJwtParser.java:173)
	at com.example.crave.kitchen.portal.service.JwtTokenService.extractAllClaims(JwtTokenService.java:141)
	at com.example.crave.kitchen.portal.service.JwtTokenService.extractClaim(JwtTokenService.java:128)
	at com.example.crave.kitchen.portal.service.JwtTokenService.extractEmail(JwtTokenService.java:114)
	at com.example.crave.kitchen.portal.config.JwtAuthenticationFilter.doFilterInternal(JwtAuthenticationFilter.java:63)
	at org.springframework.web.filter.OncePerRequestFilter.doFilter(OncePerRequestFilter.java:116)
	at org.springframework.security.web.FilterChainProxy$VirtualFilterChain.doFilter(FilterChainProxy.java:374)
	at org.springframework.security.web.authentication.logout.LogoutFilter.doFilter(LogoutFilter.java:107)
	at org.springframework.security.web.authentication.logout.LogoutFilter.doFilter(LogoutFilter.java:93)
	at org.springframework.security.web.FilterChainProxy$VirtualFilterChain.doFilter(FilterChainProxy.java:374)
	at org.springframework.security.web.header.HeaderWriterFilter.doHeadersAfter(HeaderWriterFilter.java:90)
	at org.springframework.security.web.header.HeaderWriterFilter.doFilterInternal(HeaderWriterFilter.java:75)
	at org.springframework.web.filter.OncePerRequestFilter.doFilter(OncePerRequestFilter.java:116)
	at org.springframework.security.web.FilterChainProxy$VirtualFilterChain.doFilter(FilterChainProxy.java:374)
	at org.springframework.security.web.context.SecurityContextHolderFilter.doFilter(SecurityContextHolderFilter.java:82)
	at org.springframework.security.web.context.SecurityContextHolderFilter.doFilter(SecurityContextHolderFilter.java:69)
	at org.springframework.security.web.FilterChainProxy$VirtualFilterChain.doFilter(FilterChainProxy.java:374)
	at org.springframework.security.web.context.request.async.WebAsyncManagerIntegrationFilter.doFilterInternal(WebAsyncManagerIntegrationFilter.java:62)
	at org.springframework.web.filter.OncePerRequestFilter.doFilter(OncePerRequestFilter.java:116)
	at org.springframework.security.web.FilterChainProxy$VirtualFilterChain.doFilter(FilterChainProxy.java:374)
	at org.springframework.security.web.session.DisableEncodeUrlFilter.doFilterInternal(DisableEncodeUrlFilter.java:42)
	at org.springframework.web.filter.OncePerRequestFilter.doFilter(OncePerRequestFilter.java:116)
	at org.springframework.security.web.FilterChainProxy$VirtualFilterChain.doFilter(FilterChainProxy.java:374)
	at org.springframework.security.web.FilterChainProxy.doFilterInternal(FilterChainProxy.java:233)
	at org.springframework.security.web.FilterChainProxy.doFilter(FilterChainProxy.java:191)
	at org.springframework.web.filter.CompositeFilter$VirtualFilterChain.doFilter(CompositeFilter.java:113)
	at org.springframework.web.filter.ServletRequestPathFilter.doFilter(ServletRequestPathFilter.java:52)
	at org.springframework.web.filter.CompositeFilter$VirtualFilterChain.doFilter(CompositeFilter.java:113)
	at org.springframework.web.filter.CompositeFilter.doFilter(CompositeFilter.java:74)
	at org.springframework.security.config.annotation.web.configuration.WebSecurityConfiguration$CompositeFilterChainProxy.doFilter(WebSecurityConfiguration.java:319)
	at org.springframework.web.filter.CompositeFilter$VirtualFilterChain.doFilter(CompositeFilter.java:113)
	at org.springframework.web.servlet.handler.HandlerMappingIntrospector.lambda$createCacheFilter$4(HandlerMappingIntrospector.java:267)
	at org.springframework.web.filter.CompositeFilter$VirtualFilterChain.doFilter(CompositeFilter.java:113)
	at org.springframework.web.filter.CompositeFilter.doFilter(CompositeFilter.java:74)
	at org.springframework.security.config.annotation.web.configuration.WebMvcSecurityConfiguration$CompositeFilterChainProxy.doFilter(WebMvcSecurityConfiguration.java:240)
	at org.springframework.web.filter.DelegatingFilterProxy.invokeDelegate(DelegatingFilterProxy.java:362)
	at org.springframework.web.filter.DelegatingFilterProxy.doFilter(DelegatingFilterProxy.java:278)
	at org.apache.catalina.core.ApplicationFilterChain.internalDoFilter(ApplicationFilterChain.java:164)
	at org.apache.catalina.core.ApplicationFilterChain.doFilter(ApplicationFilterChain.java:140)
	at org.springframework.web.filter.RequestContextFilter.doFilterInternal(RequestContextFilter.java:100)
	at org.springframework.web.filter.OncePerRequestFilter.doFilter(OncePerRequestFilter.java:116)
	at org.apache.catalina.core.ApplicationFilterChain.internalDoFilter(ApplicationFilterChain.java:164)
	at org.apache.catalina.core.ApplicationFilterChain.doFilter(ApplicationFilterChain.java:140)
	at org.springframework.web.filter.FormContentFilter.doFilterInternal(FormContentFilter.java:93)
	at org.springframework.web.filter.OncePerRequestFilter.doFilter(OncePerRequestFilter.java:116)
	at org.apache.catalina.core.ApplicationFilterChain.internalDoFilter(ApplicationFilterChain.java:164)
	at org.apache.catalina.core.ApplicationFilterChain.doFilter(ApplicationFilterChain.java:140)
	at org.springframework.web.filter.CharacterEncodingFilter.doFilterInternal(CharacterEncodingFilter.java:201)
	at org.springframework.web.filter.OncePerRequestFilter.doFilter(OncePerRequestFilter.java:116)
	at org.apache.catalina.core.ApplicationFilterChain.internalDoFilter(ApplicationFilterChain.java:164)
	at org.apache.catalina.core.ApplicationFilterChain.doFilter(ApplicationFilterChain.java:140)
	at org.apache.catalina.core.StandardWrapperValve.invoke(StandardWrapperValve.java:167)
	at org.apache.catalina.core.StandardContextValve.invoke(StandardContextValve.java:90)
	at org.apache.catalina.authenticator.AuthenticatorBase.invoke(AuthenticatorBase.java:483)
	at org.apache.catalina.core.StandardHostValve.invoke(StandardHostValve.java:116)
	at org.apache.catalina.valves.ErrorReportValve.invoke(ErrorReportValve.java:93)
	at org.apache.catalina.core.StandardEngineValve.invoke(StandardEngineValve.java:74)
	at org.apache.catalina.connector.CoyoteAdapter.service(CoyoteAdapter.java:344)
	at org.apache.coyote.http11.Http11Processor.service(Http11Processor.java:398)
	at org.apache.coyote.AbstractProcessorLight.process(AbstractProcessorLight.java:63)
	at org.apache.coyote.AbstractProtocol$ConnectionHandler.process(AbstractProtocol.java:903)
	at org.apache.tomcat.util.net.NioEndpoint$SocketProcessor.doRun(NioEndpoint.java:1769)
	at org.apache.tomcat.util.net.SocketProcessorBase.run(SocketProcessorBase.java:52)
	at org.apache.tomcat.util.threads.ThreadPoolExecutor.runWorker(ThreadPoolExecutor.java:1189)
	at org.apache.tomcat.util.threads.ThreadPoolExecutor$Worker.run(ThreadPoolExecutor.java:658)
	at org.apache.tomcat.util.threads.TaskThread$WrappingRunnable.run(TaskThread.java:63)
	at java.base/java.lang.Thread.run(Thread.java:842)
2025-08-03 23:32:18.474 [http-nio-9090-exec-3] DEBUG o.s.s.w.a.AnonymousAuthenticationFilter - Set SecurityContextHolder to anonymous SecurityContext
2025-08-03 23:32:18.474 [http-nio-9090-exec-3] DEBUG o.s.security.web.FilterChainProxy - Secured GET /api/analytics/orders/analytics?vendorId=2&period=today
2025-08-03 23:32:18.474 [http-nio-9090-exec-3] DEBUG o.s.web.servlet.DispatcherServlet - GET "/api/analytics/orders/analytics?vendorId=2&period=today", parameters={masked}
2025-08-03 23:32:18.477 [http-nio-9090-exec-3] DEBUG o.s.w.s.h.SimpleUrlHandlerMapping - Mapped to ResourceHttpRequestHandler [classpath [META-INF/resources/], classpath [resources/], classpath [static/], classpath [public/], ServletContext [/]]
2025-08-03 23:32:18.478 [http-nio-9090-exec-3] DEBUG o.s.o.j.s.OpenEntityManagerInViewInterceptor - Opening JPA EntityManager in OpenEntityManagerInViewInterceptor
2025-08-03 23:32:18.480 [http-nio-9090-exec-3] DEBUG o.s.w.s.r.ResourceHttpRequestHandler - Resource not found
2025-08-03 23:32:18.481 [http-nio-9090-exec-3] DEBUG o.s.w.s.m.m.a.ExceptionHandlerExceptionResolver - Using @ExceptionHandler com.example.crave.kitchen.portal.exception.GlobalExceptionHandler#handleGlobalException(Exception, WebRequest)
2025-08-03 23:32:18.482 [http-nio-9090-exec-3] DEBUG o.s.w.s.m.m.a.HttpEntityMethodProcessor - Using 'application/json', given [application/json] and supported [application/json, application/*+json]
2025-08-03 23:32:18.482 [http-nio-9090-exec-3] DEBUG o.s.w.s.m.m.a.HttpEntityMethodProcessor - Writing [ApiResponseDto(success=false, message=An unexpected error occurred, error=INTERNAL_SERVER_ERROR, tim (truncated)...]
2025-08-03 23:32:18.485 [http-nio-9090-exec-3] DEBUG o.s.w.s.m.m.a.ExceptionHandlerExceptionResolver - Resolved [org.springframework.web.servlet.resource.NoResourceFoundException: No static resource api/analytics/orders/analytics.]
2025-08-03 23:32:18.485 [http-nio-9090-exec-3] DEBUG o.s.o.j.s.OpenEntityManagerInViewInterceptor - Closing JPA EntityManager in OpenEntityManagerInViewInterceptor
2025-08-03 23:32:18.486 [http-nio-9090-exec-3] DEBUG o.s.web.servlet.DispatcherServlet - Completed 500 INTERNAL_SERVER_ERROR
2025-08-03 23:32:18.523 [http-nio-9090-exec-9] DEBUG o.s.security.web.FilterChainProxy - Securing GET /api/analytics/orders/trends?vendorId=2&period=today
2025-08-03 23:32:18.524 [http-nio-9090-exec-9] DEBUG c.e.c.k.p.c.JwtAuthenticationFilter - Extracted token from Bearer Authorization header
2025-08-03 23:32:18.530 [http-nio-9090-exec-9] WARN  c.e.c.k.p.service.JwtTokenService - JWT token is expired: JWT expired at 2025-08-03T17:14:14Z. Current time: 2025-08-03T18:02:18Z, a difference of 2854529 milliseconds.  Allowed clock skew: 30000 milliseconds.
2025-08-03 23:32:18.530 [http-nio-9090-exec-9] ERROR c.e.c.k.p.c.JwtAuthenticationFilter - Error processing JWT token
io.jsonwebtoken.ExpiredJwtException: JWT expired at 2025-08-03T17:14:14Z. Current time: 2025-08-03T18:02:18Z, a difference of 2854529 milliseconds.  Allowed clock skew: 30000 milliseconds.
	at io.jsonwebtoken.impl.DefaultJwtParser.parse(DefaultJwtParser.java:427)
	at io.jsonwebtoken.impl.DefaultJwtParser.parse(DefaultJwtParser.java:529)
	at io.jsonwebtoken.impl.DefaultJwtParser.parseClaimsJws(DefaultJwtParser.java:589)
	at io.jsonwebtoken.impl.ImmutableJwtParser.parseClaimsJws(ImmutableJwtParser.java:173)
	at com.example.crave.kitchen.portal.service.JwtTokenService.extractAllClaims(JwtTokenService.java:141)
	at com.example.crave.kitchen.portal.service.JwtTokenService.extractClaim(JwtTokenService.java:128)
	at com.example.crave.kitchen.portal.service.JwtTokenService.extractEmail(JwtTokenService.java:114)
	at com.example.crave.kitchen.portal.config.JwtAuthenticationFilter.doFilterInternal(JwtAuthenticationFilter.java:63)
	at org.springframework.web.filter.OncePerRequestFilter.doFilter(OncePerRequestFilter.java:116)
	at org.springframework.security.web.FilterChainProxy$VirtualFilterChain.doFilter(FilterChainProxy.java:374)
	at org.springframework.security.web.authentication.logout.LogoutFilter.doFilter(LogoutFilter.java:107)
	at org.springframework.security.web.authentication.logout.LogoutFilter.doFilter(LogoutFilter.java:93)
	at org.springframework.security.web.FilterChainProxy$VirtualFilterChain.doFilter(FilterChainProxy.java:374)
	at org.springframework.security.web.header.HeaderWriterFilter.doHeadersAfter(HeaderWriterFilter.java:90)
	at org.springframework.security.web.header.HeaderWriterFilter.doFilterInternal(HeaderWriterFilter.java:75)
	at org.springframework.web.filter.OncePerRequestFilter.doFilter(OncePerRequestFilter.java:116)
	at org.springframework.security.web.FilterChainProxy$VirtualFilterChain.doFilter(FilterChainProxy.java:374)
	at org.springframework.security.web.context.SecurityContextHolderFilter.doFilter(SecurityContextHolderFilter.java:82)
	at org.springframework.security.web.context.SecurityContextHolderFilter.doFilter(SecurityContextHolderFilter.java:69)
	at org.springframework.security.web.FilterChainProxy$VirtualFilterChain.doFilter(FilterChainProxy.java:374)
	at org.springframework.security.web.context.request.async.WebAsyncManagerIntegrationFilter.doFilterInternal(WebAsyncManagerIntegrationFilter.java:62)
	at org.springframework.web.filter.OncePerRequestFilter.doFilter(OncePerRequestFilter.java:116)
	at org.springframework.security.web.FilterChainProxy$VirtualFilterChain.doFilter(FilterChainProxy.java:374)
	at org.springframework.security.web.session.DisableEncodeUrlFilter.doFilterInternal(DisableEncodeUrlFilter.java:42)
	at org.springframework.web.filter.OncePerRequestFilter.doFilter(OncePerRequestFilter.java:116)
	at org.springframework.security.web.FilterChainProxy$VirtualFilterChain.doFilter(FilterChainProxy.java:374)
	at org.springframework.security.web.FilterChainProxy.doFilterInternal(FilterChainProxy.java:233)
	at org.springframework.security.web.FilterChainProxy.doFilter(FilterChainProxy.java:191)
	at org.springframework.web.filter.CompositeFilter$VirtualFilterChain.doFilter(CompositeFilter.java:113)
	at org.springframework.web.filter.ServletRequestPathFilter.doFilter(ServletRequestPathFilter.java:52)
	at org.springframework.web.filter.CompositeFilter$VirtualFilterChain.doFilter(CompositeFilter.java:113)
	at org.springframework.web.filter.CompositeFilter.doFilter(CompositeFilter.java:74)
	at org.springframework.security.config.annotation.web.configuration.WebSecurityConfiguration$CompositeFilterChainProxy.doFilter(WebSecurityConfiguration.java:319)
	at org.springframework.web.filter.CompositeFilter$VirtualFilterChain.doFilter(CompositeFilter.java:113)
	at org.springframework.web.servlet.handler.HandlerMappingIntrospector.lambda$createCacheFilter$4(HandlerMappingIntrospector.java:267)
	at org.springframework.web.filter.CompositeFilter$VirtualFilterChain.doFilter(CompositeFilter.java:113)
	at org.springframework.web.filter.CompositeFilter.doFilter(CompositeFilter.java:74)
	at org.springframework.security.config.annotation.web.configuration.WebMvcSecurityConfiguration$CompositeFilterChainProxy.doFilter(WebMvcSecurityConfiguration.java:240)
	at org.springframework.web.filter.DelegatingFilterProxy.invokeDelegate(DelegatingFilterProxy.java:362)
	at org.springframework.web.filter.DelegatingFilterProxy.doFilter(DelegatingFilterProxy.java:278)
	at org.apache.catalina.core.ApplicationFilterChain.internalDoFilter(ApplicationFilterChain.java:164)
	at org.apache.catalina.core.ApplicationFilterChain.doFilter(ApplicationFilterChain.java:140)
	at org.springframework.web.filter.RequestContextFilter.doFilterInternal(RequestContextFilter.java:100)
	at org.springframework.web.filter.OncePerRequestFilter.doFilter(OncePerRequestFilter.java:116)
	at org.apache.catalina.core.ApplicationFilterChain.internalDoFilter(ApplicationFilterChain.java:164)
	at org.apache.catalina.core.ApplicationFilterChain.doFilter(ApplicationFilterChain.java:140)
	at org.springframework.web.filter.FormContentFilter.doFilterInternal(FormContentFilter.java:93)
	at org.springframework.web.filter.OncePerRequestFilter.doFilter(OncePerRequestFilter.java:116)
	at org.apache.catalina.core.ApplicationFilterChain.internalDoFilter(ApplicationFilterChain.java:164)
	at org.apache.catalina.core.ApplicationFilterChain.doFilter(ApplicationFilterChain.java:140)
	at org.springframework.web.filter.CharacterEncodingFilter.doFilterInternal(CharacterEncodingFilter.java:201)
	at org.springframework.web.filter.OncePerRequestFilter.doFilter(OncePerRequestFilter.java:116)
	at org.apache.catalina.core.ApplicationFilterChain.internalDoFilter(ApplicationFilterChain.java:164)
	at org.apache.catalina.core.ApplicationFilterChain.doFilter(ApplicationFilterChain.java:140)
	at org.apache.catalina.core.StandardWrapperValve.invoke(StandardWrapperValve.java:167)
	at org.apache.catalina.core.StandardContextValve.invoke(StandardContextValve.java:90)
	at org.apache.catalina.authenticator.AuthenticatorBase.invoke(AuthenticatorBase.java:483)
	at org.apache.catalina.core.StandardHostValve.invoke(StandardHostValve.java:116)
	at org.apache.catalina.valves.ErrorReportValve.invoke(ErrorReportValve.java:93)
	at org.apache.catalina.core.StandardEngineValve.invoke(StandardEngineValve.java:74)
	at org.apache.catalina.connector.CoyoteAdapter.service(CoyoteAdapter.java:344)
	at org.apache.coyote.http11.Http11Processor.service(Http11Processor.java:398)
	at org.apache.coyote.AbstractProcessorLight.process(AbstractProcessorLight.java:63)
	at org.apache.coyote.AbstractProtocol$ConnectionHandler.process(AbstractProtocol.java:903)
	at org.apache.tomcat.util.net.NioEndpoint$SocketProcessor.doRun(NioEndpoint.java:1769)
	at org.apache.tomcat.util.net.SocketProcessorBase.run(SocketProcessorBase.java:52)
	at org.apache.tomcat.util.threads.ThreadPoolExecutor.runWorker(ThreadPoolExecutor.java:1189)
	at org.apache.tomcat.util.threads.ThreadPoolExecutor$Worker.run(ThreadPoolExecutor.java:658)
	at org.apache.tomcat.util.threads.TaskThread$WrappingRunnable.run(TaskThread.java:63)
	at java.base/java.lang.Thread.run(Thread.java:842)
2025-08-03 23:32:18.530 [http-nio-9090-exec-9] DEBUG o.s.s.w.a.AnonymousAuthenticationFilter - Set SecurityContextHolder to anonymous SecurityContext
2025-08-03 23:32:18.530 [http-nio-9090-exec-9] DEBUG o.s.security.web.FilterChainProxy - Secured GET /api/analytics/orders/trends?vendorId=2&period=today
2025-08-03 23:32:18.531 [http-nio-9090-exec-9] DEBUG o.s.web.servlet.DispatcherServlet - GET "/api/analytics/orders/trends?vendorId=2&period=today", parameters={masked}
2025-08-03 23:32:18.532 [http-nio-9090-exec-9] DEBUG o.s.w.s.h.SimpleUrlHandlerMapping - Mapped to ResourceHttpRequestHandler [classpath [META-INF/resources/], classpath [resources/], classpath [static/], classpath [public/], ServletContext [/]]
2025-08-03 23:32:18.532 [http-nio-9090-exec-9] DEBUG o.s.o.j.s.OpenEntityManagerInViewInterceptor - Opening JPA EntityManager in OpenEntityManagerInViewInterceptor
2025-08-03 23:32:18.534 [http-nio-9090-exec-9] DEBUG o.s.w.s.r.ResourceHttpRequestHandler - Resource not found
2025-08-03 23:32:18.534 [http-nio-9090-exec-9] DEBUG o.s.w.s.m.m.a.ExceptionHandlerExceptionResolver - Using @ExceptionHandler com.example.crave.kitchen.portal.exception.GlobalExceptionHandler#handleGlobalException(Exception, WebRequest)
2025-08-03 23:32:18.535 [http-nio-9090-exec-9] DEBUG o.s.w.s.m.m.a.HttpEntityMethodProcessor - Using 'application/json', given [application/json] and supported [application/json, application/*+json]
2025-08-03 23:32:18.535 [http-nio-9090-exec-9] DEBUG o.s.w.s.m.m.a.HttpEntityMethodProcessor - Writing [ApiResponseDto(success=false, message=An unexpected error occurred, error=INTERNAL_SERVER_ERROR, tim (truncated)...]
2025-08-03 23:32:18.536 [http-nio-9090-exec-9] DEBUG o.s.w.s.m.m.a.ExceptionHandlerExceptionResolver - Resolved [org.springframework.web.servlet.resource.NoResourceFoundException: No static resource api/analytics/orders/trends.]
2025-08-03 23:32:18.537 [http-nio-9090-exec-9] DEBUG o.s.o.j.s.OpenEntityManagerInViewInterceptor - Closing JPA EntityManager in OpenEntityManagerInViewInterceptor
2025-08-03 23:32:18.537 [http-nio-9090-exec-9] DEBUG o.s.web.servlet.DispatcherServlet - Completed 500 INTERNAL_SERVER_ERROR
2025-08-03 23:32:23.996 [HikariPool-1:housekeeper] DEBUG com.zaxxer.hikari.pool.HikariPool - HikariPool-1 - Before cleanup stats (total=6/10, idle=6/5, active=0, waiting=0)
2025-08-03 23:32:23.996 [HikariPool-1:housekeeper] DEBUG com.zaxxer.hikari.pool.HikariPool - HikariPool-1 - After  cleanup stats (total=6/10, idle=6/5, active=0, waiting=0)
2025-08-03 23:32:23.996 [HikariPool-1:housekeeper] DEBUG com.zaxxer.hikari.pool.HikariPool - HikariPool-1 - Fill pool skipped, pool has sufficient level or currently being filled.
2025-08-03 23:32:37.665 [http-nio-9090-exec-10] DEBUG o.s.security.web.FilterChainProxy - Securing GET /api/menu/categories?vendorId=2
2025-08-03 23:32:37.665 [http-nio-9090-exec-10] DEBUG c.e.c.k.p.c.JwtAuthenticationFilter - Extracted token from Bearer Authorization header
2025-08-03 23:32:37.667 [http-nio-9090-exec-10] WARN  c.e.c.k.p.service.JwtTokenService - JWT token is expired: JWT expired at 2025-08-03T17:14:14Z. Current time: 2025-08-03T18:02:37Z, a difference of 2873667 milliseconds.  Allowed clock skew: 30000 milliseconds.
2025-08-03 23:32:37.667 [http-nio-9090-exec-10] ERROR c.e.c.k.p.c.JwtAuthenticationFilter - Error processing JWT token
io.jsonwebtoken.ExpiredJwtException: JWT expired at 2025-08-03T17:14:14Z. Current time: 2025-08-03T18:02:37Z, a difference of 2873667 milliseconds.  Allowed clock skew: 30000 milliseconds.
	at io.jsonwebtoken.impl.DefaultJwtParser.parse(DefaultJwtParser.java:427)
	at io.jsonwebtoken.impl.DefaultJwtParser.parse(DefaultJwtParser.java:529)
	at io.jsonwebtoken.impl.DefaultJwtParser.parseClaimsJws(DefaultJwtParser.java:589)
	at io.jsonwebtoken.impl.ImmutableJwtParser.parseClaimsJws(ImmutableJwtParser.java:173)
	at com.example.crave.kitchen.portal.service.JwtTokenService.extractAllClaims(JwtTokenService.java:141)
	at com.example.crave.kitchen.portal.service.JwtTokenService.extractClaim(JwtTokenService.java:128)
	at com.example.crave.kitchen.portal.service.JwtTokenService.extractEmail(JwtTokenService.java:114)
	at com.example.crave.kitchen.portal.config.JwtAuthenticationFilter.doFilterInternal(JwtAuthenticationFilter.java:63)
	at org.springframework.web.filter.OncePerRequestFilter.doFilter(OncePerRequestFilter.java:116)
	at org.springframework.security.web.FilterChainProxy$VirtualFilterChain.doFilter(FilterChainProxy.java:374)
	at org.springframework.security.web.authentication.logout.LogoutFilter.doFilter(LogoutFilter.java:107)
	at org.springframework.security.web.authentication.logout.LogoutFilter.doFilter(LogoutFilter.java:93)
	at org.springframework.security.web.FilterChainProxy$VirtualFilterChain.doFilter(FilterChainProxy.java:374)
	at org.springframework.security.web.header.HeaderWriterFilter.doHeadersAfter(HeaderWriterFilter.java:90)
	at org.springframework.security.web.header.HeaderWriterFilter.doFilterInternal(HeaderWriterFilter.java:75)
	at org.springframework.web.filter.OncePerRequestFilter.doFilter(OncePerRequestFilter.java:116)
	at org.springframework.security.web.FilterChainProxy$VirtualFilterChain.doFilter(FilterChainProxy.java:374)
	at org.springframework.security.web.context.SecurityContextHolderFilter.doFilter(SecurityContextHolderFilter.java:82)
	at org.springframework.security.web.context.SecurityContextHolderFilter.doFilter(SecurityContextHolderFilter.java:69)
	at org.springframework.security.web.FilterChainProxy$VirtualFilterChain.doFilter(FilterChainProxy.java:374)
	at org.springframework.security.web.context.request.async.WebAsyncManagerIntegrationFilter.doFilterInternal(WebAsyncManagerIntegrationFilter.java:62)
	at org.springframework.web.filter.OncePerRequestFilter.doFilter(OncePerRequestFilter.java:116)
	at org.springframework.security.web.FilterChainProxy$VirtualFilterChain.doFilter(FilterChainProxy.java:374)
	at org.springframework.security.web.session.DisableEncodeUrlFilter.doFilterInternal(DisableEncodeUrlFilter.java:42)
	at org.springframework.web.filter.OncePerRequestFilter.doFilter(OncePerRequestFilter.java:116)
	at org.springframework.security.web.FilterChainProxy$VirtualFilterChain.doFilter(FilterChainProxy.java:374)
	at org.springframework.security.web.FilterChainProxy.doFilterInternal(FilterChainProxy.java:233)
	at org.springframework.security.web.FilterChainProxy.doFilter(FilterChainProxy.java:191)
	at org.springframework.web.filter.CompositeFilter$VirtualFilterChain.doFilter(CompositeFilter.java:113)
	at org.springframework.web.filter.ServletRequestPathFilter.doFilter(ServletRequestPathFilter.java:52)
	at org.springframework.web.filter.CompositeFilter$VirtualFilterChain.doFilter(CompositeFilter.java:113)
	at org.springframework.web.filter.CompositeFilter.doFilter(CompositeFilter.java:74)
	at org.springframework.security.config.annotation.web.configuration.WebSecurityConfiguration$CompositeFilterChainProxy.doFilter(WebSecurityConfiguration.java:319)
	at org.springframework.web.filter.CompositeFilter$VirtualFilterChain.doFilter(CompositeFilter.java:113)
	at org.springframework.web.servlet.handler.HandlerMappingIntrospector.lambda$createCacheFilter$4(HandlerMappingIntrospector.java:267)
	at org.springframework.web.filter.CompositeFilter$VirtualFilterChain.doFilter(CompositeFilter.java:113)
	at org.springframework.web.filter.CompositeFilter.doFilter(CompositeFilter.java:74)
	at org.springframework.security.config.annotation.web.configuration.WebMvcSecurityConfiguration$CompositeFilterChainProxy.doFilter(WebMvcSecurityConfiguration.java:240)
	at org.springframework.web.filter.DelegatingFilterProxy.invokeDelegate(DelegatingFilterProxy.java:362)
	at org.springframework.web.filter.DelegatingFilterProxy.doFilter(DelegatingFilterProxy.java:278)
	at org.apache.catalina.core.ApplicationFilterChain.internalDoFilter(ApplicationFilterChain.java:164)
	at org.apache.catalina.core.ApplicationFilterChain.doFilter(ApplicationFilterChain.java:140)
	at org.springframework.web.filter.RequestContextFilter.doFilterInternal(RequestContextFilter.java:100)
	at org.springframework.web.filter.OncePerRequestFilter.doFilter(OncePerRequestFilter.java:116)
	at org.apache.catalina.core.ApplicationFilterChain.internalDoFilter(ApplicationFilterChain.java:164)
	at org.apache.catalina.core.ApplicationFilterChain.doFilter(ApplicationFilterChain.java:140)
	at org.springframework.web.filter.FormContentFilter.doFilterInternal(FormContentFilter.java:93)
	at org.springframework.web.filter.OncePerRequestFilter.doFilter(OncePerRequestFilter.java:116)
	at org.apache.catalina.core.ApplicationFilterChain.internalDoFilter(ApplicationFilterChain.java:164)
	at org.apache.catalina.core.ApplicationFilterChain.doFilter(ApplicationFilterChain.java:140)
	at org.springframework.web.filter.CharacterEncodingFilter.doFilterInternal(CharacterEncodingFilter.java:201)
	at org.springframework.web.filter.OncePerRequestFilter.doFilter(OncePerRequestFilter.java:116)
	at org.apache.catalina.core.ApplicationFilterChain.internalDoFilter(ApplicationFilterChain.java:164)
	at org.apache.catalina.core.ApplicationFilterChain.doFilter(ApplicationFilterChain.java:140)
	at org.apache.catalina.core.StandardWrapperValve.invoke(StandardWrapperValve.java:167)
	at org.apache.catalina.core.StandardContextValve.invoke(StandardContextValve.java:90)
	at org.apache.catalina.authenticator.AuthenticatorBase.invoke(AuthenticatorBase.java:483)
	at org.apache.catalina.core.StandardHostValve.invoke(StandardHostValve.java:116)
	at org.apache.catalina.valves.ErrorReportValve.invoke(ErrorReportValve.java:93)
	at org.apache.catalina.core.StandardEngineValve.invoke(StandardEngineValve.java:74)
	at org.apache.catalina.connector.CoyoteAdapter.service(CoyoteAdapter.java:344)
	at org.apache.coyote.http11.Http11Processor.service(Http11Processor.java:398)
	at org.apache.coyote.AbstractProcessorLight.process(AbstractProcessorLight.java:63)
	at org.apache.coyote.AbstractProtocol$ConnectionHandler.process(AbstractProtocol.java:903)
	at org.apache.tomcat.util.net.NioEndpoint$SocketProcessor.doRun(NioEndpoint.java:1769)
	at org.apache.tomcat.util.net.SocketProcessorBase.run(SocketProcessorBase.java:52)
	at org.apache.tomcat.util.threads.ThreadPoolExecutor.runWorker(ThreadPoolExecutor.java:1189)
	at org.apache.tomcat.util.threads.ThreadPoolExecutor$Worker.run(ThreadPoolExecutor.java:658)
	at org.apache.tomcat.util.threads.TaskThread$WrappingRunnable.run(TaskThread.java:63)
	at java.base/java.lang.Thread.run(Thread.java:842)
2025-08-03 23:32:37.667 [http-nio-9090-exec-10] DEBUG o.s.s.w.a.AnonymousAuthenticationFilter - Set SecurityContextHolder to anonymous SecurityContext
2025-08-03 23:32:37.667 [http-nio-9090-exec-10] DEBUG o.s.security.web.FilterChainProxy - Secured GET /api/menu/categories?vendorId=2
2025-08-03 23:32:37.668 [http-nio-9090-exec-10] DEBUG o.s.web.servlet.DispatcherServlet - GET "/api/menu/categories?vendorId=2", parameters={masked}
2025-08-03 23:32:37.668 [http-nio-9090-exec-10] TRACE o.s.w.s.m.m.a.RequestMappingHandlerMapping - Mapped to com.example.crave.kitchen.portal.controller.MenuController#getAllCategories(Long, Boolean, Boolean, int, int, String, String)
2025-08-03 23:32:37.668 [http-nio-9090-exec-10] DEBUG o.s.o.j.s.OpenEntityManagerInViewInterceptor - Opening JPA EntityManager in OpenEntityManagerInViewInterceptor
2025-08-03 23:32:37.669 [http-nio-9090-exec-10] INFO  c.e.c.k.p.controller.MenuController - === MENU CATEGORIES - GET ALL ===
2025-08-03 23:32:37.669 [http-nio-9090-exec-10] INFO  c.e.c.k.p.controller.MenuController - Request Parameters - vendorId: 2, isActive: null, isFeatured: null, page: 0, size: 20, sortBy: displayOrder, sortDir: asc
2025-08-03 23:32:37.669 [http-nio-9090-exec-10] INFO  c.e.c.k.p.controller.MenuController - Request URL: GET /api/menu/categories
2025-08-03 23:32:37.669 [http-nio-9090-exec-10] DEBUG o.s.orm.jpa.JpaTransactionManager - Found thread-bound EntityManager [SessionImpl(835981927<open>)] for JPA transaction
2025-08-03 23:32:37.669 [http-nio-9090-exec-10] DEBUG o.s.orm.jpa.JpaTransactionManager - Creating new transaction with name [com.example.crave.kitchen.portal.impl.MenuServiceImpl.getAllCategories]: PROPAGATION_REQUIRED,ISOLATION_DEFAULT
2025-08-03 23:32:37.670 [http-nio-9090-exec-10] DEBUG o.s.orm.jpa.JpaTransactionManager - Exposing JPA transaction as JDBC [org.springframework.orm.jpa.vendor.HibernateJpaDialect$HibernateConnectionHandle@2793c8ac]
2025-08-03 23:32:37.670 [http-nio-9090-exec-10] INFO  c.e.c.k.portal.impl.MenuServiceImpl - === MENU SERVICE - GET ALL CATEGORIES ===
2025-08-03 23:32:37.670 [http-nio-9090-exec-10] INFO  c.e.c.k.portal.impl.MenuServiceImpl - Parameters - vendorId: 2, isActive: null, isFeatured: null, page: 0, size: 20
2025-08-03 23:32:37.670 [http-nio-9090-exec-10] DEBUG c.e.c.k.portal.impl.MenuServiceImpl - Pagination parameters - minRow: 0, maxRow: 20, pageSize: 20
2025-08-03 23:32:37.671 [http-nio-9090-exec-10] DEBUG org.hibernate.SQL - 
    /* dynamic native SQL query */ SELECT
        * 
    FROM
        (SELECT
            a.*,
            ROWNUM rnum 
        FROM
            (SELECT
                * 
            FROM
                ck_menu_categories 
            WHERE
                vendor_id = ? 
            ORDER BY
                display_order ASC) a 
        WHERE
            ROWNUM <= ?) 
    WHERE
        rnum > ?
2025-08-03 23:32:37.675 [http-nio-9090-exec-10] DEBUG org.hibernate.SQL - 
    /* dynamic native SQL query */ SELECT
        COUNT(*) 
    FROM
        ck_menu_categories 
    WHERE
        vendor_id = ?
2025-08-03 23:32:37.676 [http-nio-9090-exec-10] DEBUG c.e.c.k.portal.impl.MenuServiceImpl - Database query executed with filter type: ALL
2025-08-03 23:32:37.677 [http-nio-9090-exec-10] DEBUG org.hibernate.SQL - 
    /* <criteria> */ select
        count(mie1_0.id) 
    from
        ck_menu_items mie1_0 
    where
        mie1_0.category_id=?
2025-08-03 23:32:37.679 [http-nio-9090-exec-10] DEBUG org.hibernate.SQL - 
    /* <criteria> */ select
        count(mie1_0.id) 
    from
        ck_menu_items mie1_0 
    where
        mie1_0.category_id=?
2025-08-03 23:32:37.680 [http-nio-9090-exec-10] INFO  c.e.c.k.portal.impl.MenuServiceImpl - === SUCCESS ===
2025-08-03 23:32:37.680 [http-nio-9090-exec-10] INFO  c.e.c.k.portal.impl.MenuServiceImpl - Retrieved 2 categories for vendorId: 2 (Page 1 of 1)
2025-08-03 23:32:37.680 [http-nio-9090-exec-10] INFO  c.e.c.k.portal.impl.MenuServiceImpl - Categories in current page: 2
2025-08-03 23:32:37.680 [http-nio-9090-exec-10] DEBUG o.s.orm.jpa.JpaTransactionManager - Initiating transaction commit
2025-08-03 23:32:37.680 [http-nio-9090-exec-10] DEBUG o.s.orm.jpa.JpaTransactionManager - Committing JPA transaction on EntityManager [SessionImpl(835981927<open>)]
2025-08-03 23:32:37.680 [http-nio-9090-exec-10] DEBUG o.s.orm.jpa.JpaTransactionManager - Not closing pre-bound JPA EntityManager after transaction
2025-08-03 23:32:37.680 [http-nio-9090-exec-10] INFO  c.e.c.k.p.controller.MenuController - === SUCCESS ===
2025-08-03 23:32:37.681 [http-nio-9090-exec-10] INFO  c.e.c.k.p.controller.MenuController - Retrieved 2 categories for vendorId: 2 (Page 1 of 1)
2025-08-03 23:32:37.681 [http-nio-9090-exec-10] INFO  c.e.c.k.p.controller.MenuController - Categories in current page: 2
2025-08-03 23:32:37.681 [http-nio-9090-exec-10] DEBUG o.s.w.s.m.m.a.HttpEntityMethodProcessor - Using 'application/json', given [application/json] and supported [application/json, application/*+json]
2025-08-03 23:32:37.681 [http-nio-9090-exec-10] DEBUG o.s.w.s.m.m.a.HttpEntityMethodProcessor - Writing [ApiResponseDto(success=true, message=Categories retrieved successfully, error=null, timestamp=null,  (truncated)...]
2025-08-03 23:32:37.682 [http-nio-9090-exec-10] DEBUG o.s.o.j.s.OpenEntityManagerInViewInterceptor - Closing JPA EntityManager in OpenEntityManagerInViewInterceptor
2025-08-03 23:32:37.682 [http-nio-9090-exec-10] DEBUG o.s.web.servlet.DispatcherServlet - Completed 200 OK
2025-08-03 23:32:53.999 [HikariPool-1:housekeeper] DEBUG com.zaxxer.hikari.pool.HikariPool - HikariPool-1 - Before cleanup stats (total=6/10, idle=6/5, active=0, waiting=0)
2025-08-03 23:32:54.000 [HikariPool-1:housekeeper] DEBUG com.zaxxer.hikari.pool.HikariPool - HikariPool-1 - After  cleanup stats (total=6/10, idle=6/5, active=0, waiting=0)
2025-08-03 23:32:54.001 [HikariPool-1:housekeeper] DEBUG com.zaxxer.hikari.pool.HikariPool - HikariPool-1 - Fill pool skipped, pool has sufficient level or currently being filled.
2025-08-03 23:33:24.004 [HikariPool-1:housekeeper] DEBUG com.zaxxer.hikari.pool.HikariPool - HikariPool-1 - Before cleanup stats (total=6/10, idle=6/5, active=0, waiting=0)
2025-08-03 23:33:24.005 [HikariPool-1:housekeeper] DEBUG com.zaxxer.hikari.pool.HikariPool - HikariPool-1 - After  cleanup stats (total=6/10, idle=6/5, active=0, waiting=0)
2025-08-03 23:33:24.005 [HikariPool-1:housekeeper] DEBUG com.zaxxer.hikari.pool.HikariPool - HikariPool-1 - Fill pool skipped, pool has sufficient level or currently being filled.
2025-08-03 23:33:36.525 [HikariPool-1:housekeeper] DEBUG com.zaxxer.hikari.pool.HikariPool - HikariPool-1 - keepalive: connection oracle.jdbc.driver.T4CConnection@70f933b3 is alive
2025-08-03 23:33:37.641 [SpringApplicationShutdownHook] INFO  o.s.b.w.e.tomcat.GracefulShutdown - Commencing graceful shutdown. Waiting for active requests to complete
2025-08-03 23:33:38.432 [tomcat-shutdown] INFO  o.s.b.w.e.tomcat.GracefulShutdown - Graceful shutdown complete
2025-08-03 23:33:38.453 [SpringApplicationShutdownHook] INFO  o.s.o.j.LocalContainerEntityManagerFactoryBean - Closing JPA EntityManagerFactory for persistence unit 'default'
2025-08-03 23:33:38.463 [SpringApplicationShutdownHook] INFO  com.zaxxer.hikari.HikariDataSource - HikariPool-1 - Shutdown initiated...
2025-08-03 23:33:38.463 [SpringApplicationShutdownHook] DEBUG com.zaxxer.hikari.pool.HikariPool - HikariPool-1 - Before shutdown stats (total=6/10, idle=6/5, active=0, waiting=0)
2025-08-03 23:33:38.470 [HikariPool-1:connection-closer] DEBUG com.zaxxer.hikari.pool.PoolBase - HikariPool-1 - Closing connection oracle.jdbc.driver.T4CConnection@6533629: (connection evicted)
2025-08-03 23:33:38.476 [HikariPool-1:connection-closer] DEBUG com.zaxxer.hikari.pool.PoolBase - HikariPool-1 - Closing connection oracle.jdbc.driver.T4CConnection@b5009fc: (connection evicted)
2025-08-03 23:33:38.479 [HikariPool-1:connection-closer] DEBUG com.zaxxer.hikari.pool.PoolBase - HikariPool-1 - Closing connection oracle.jdbc.driver.T4CConnection@70f933b3: (connection evicted)
2025-08-03 23:33:38.483 [HikariPool-1:connection-closer] DEBUG com.zaxxer.hikari.pool.PoolBase - HikariPool-1 - Closing connection oracle.jdbc.driver.T4CConnection@893a566: (connection evicted)
2025-08-03 23:33:38.484 [HikariPool-1:connection-closer] DEBUG com.zaxxer.hikari.pool.PoolBase - HikariPool-1 - Closing connection oracle.jdbc.driver.T4CConnection@1397aa25: (connection evicted)
2025-08-03 23:33:38.486 [HikariPool-1:connection-closer] DEBUG com.zaxxer.hikari.pool.PoolBase - HikariPool-1 - Closing connection oracle.jdbc.driver.T4CConnection@48c2650a: (connection evicted)
2025-08-03 23:33:38.493 [SpringApplicationShutdownHook] DEBUG com.zaxxer.hikari.pool.HikariPool - HikariPool-1 - After  shutdown stats (total=0/10, idle=0/5, active=0, waiting=0)
2025-08-03 23:33:38.493 [SpringApplicationShutdownHook] INFO  com.zaxxer.hikari.HikariDataSource - HikariPool-1 - Shutdown completed.
